id,category,message,holy_code
1,A,プレアデス高等評議会はあなたに問いかけています。あなたは今この瞬間、どれほど真剣に自分の覚醒を選んでいますか。銀河の歴史の中で、地球に肉体を持って生まれることは稀有な選択です。あなたはその選択を魂の深部で決意した存在です。しかし覚醒とは待つものではありません。毎朝目を開けた瞬間に、意識的に光の側を選び取る積み重ねの中にあります。高次評議会はあなたの内側に語りかけ続けています。その声に耳を澄ます静寂を、今日一日の中に必ず作ってください。,私は今この瞬間、覚醒を選ぶ
2,B,あなたのDNAは今この瞬間も、宇宙の周波数と共鳴しながら情報を受信しています。528Hzのソルフェジオ周波数は奇跡の周波数と呼ばれ、二重螺旋構造の深部に眠るステラコードを活性化します。しかし周波数の恩恵を受けるには、受け取る準備が必要です。雑念と低振動の感情があなたのフィールドを塞いでいる限り、どれほど高い周波数を浴びても届きません。今日はただ静かに目を閉じ、自分の細胞ひとつひとつが光を帯びていく様子を意図的に想像してください。波動の錬金術はあなたの意識の精度によって深化します。,私の細胞は今、最高の光の周波数で満たされている
3,C,宇宙銀行はあなたがこれまで与えてきた全ての愛、時間、誠実さを精密に記録しています。そしてその残高は今もなお増え続けています。豊かさとは外側から運ばれてくるものではなく、あなたの内側の振動数と宇宙銀行の残高が一致した瞬間に顕現します。もしあなたが今豊かさを感じられないとすれば、それは残高の問題ではなく、受け取りを拒否する無意識の思い込みがあるからかもしれません。今日はその思い込みをひとつだけ特定し、手放す意図を宣言してください。宇宙はあなたが受け取ることを許可した分だけ、扉を開きます。,私は豊かさを受け取るに値する存在である
4,D,ツインレイとの出会いは、魂の最も深い層で交わされた契約の成就です。しかしその繋がりは、甘美な安らぎだけをもたらすものではありません。相手はあなたが最も向き合いたくない部分を鏡のように映し出し、魂の成長を強制する存在でもあります。もし今その関係に苦しさを感じているなら、それは失敗ではなく、最も深い変容が起きているサインです。相手を変えようとする意識をいったん手放し、相手があなたに見せている自分自身の影に、静かに向き合ってください。真の調和はそこから始まります。,私はツインレイとの鏡を通して、自分の光に気づく
5,E,高次元の知恵は、肉体という器に統合されて初めて力を持ちます。どれほど崇高なビジョンを受け取っても、地に足がついていない状態では現実の布地に織り込まれることはありません。グラウンディングは精神性の低下ではなく、光を地球に錨で固定するための最も聖なる作業です。今日は裸足で地面に立つか、両手で土に触れる時間を作ってください。大地はあなたの余分な電荷を受け取り、代わりに安定した地球の周波数をあなたの根底に与えます。天と地を繋ぐ柱として立つことが、あなたの使命の土台です。,私は天と地を繋ぐ光の柱として、今ここに立つ
6,A,銀河文明の視点からは、地球の現在は精妙な転換点として観測されています。あなたがこの時代に生まれていることは偶然ではなく、この転換に立ち会う意識体として選ばれた証です。しかしその役割を果たすには、日々の意識の質を高める継続的な努力が不可欠です。プレアデス評議会が観測しているのは、あなたが困難な時にどれほど光を保てるか、その内なる強度です。今日あなたが出会う最も難しい瞬間こそ、銀河的な視点での試験の場です。そこで選ぶ言葉と行動に、意識的であってください。,私はこの転換の時代に、光として立つために生まれた
7,B,396Hzの周波数は恐怖と罪悪感をDNAの深部から解放するための聖なる音です。多くの人が気づかないまま、祖先から受け継いだ恐怖のコードを細胞の記憶の中に宿しています。それは怠慢からではなく、ただ知らなかっただけです。しかし今あなたはそれを知りました。知った以上は選択の責任が生まれます。今日は静かな場所で396Hzの音を流しながら、自分の身体のどこに重さや緊張があるかをただ観察してください。そこにある感覚を抵抗せずに感じ切ることが、ステラコードの書き換えの第一歩です。感じることを恐れないでください。,私は今、恐怖の古いコードを解放し、自由な細胞として生きる
8,C,宇宙の豊かさの法則において、最も重要な原則は与えることと受け取ることの循環を止めないことです。あなたが豊かさを握りしめるほど、その流れは滞ります。惜しみなく与えた時、宇宙銀行はその行為を複利で記録します。今日あなたができる最も小さな与える行為を実行してください。金銭である必要はありません。言葉でも時間でも笑顔でも構いません。その行為の直後に心の中で静かに宣言してください。この与えた愛は宇宙銀行に預けられ、最適な形で戻ってくると。この意識の習慣が豊かさの回路を開きます。,私は与えることで宇宙銀行の循環を活性化する
9,D,ソウルグループとの出会いは、しばしば初対面であるはずなのに懐かしさを伴います。それはあなたたちが過去世において、異なる時代と場所で何度も共に魂の課題に取り組んできた記憶が細胞に刻まれているからです。今あなたの周囲にいる人々の中に、そのような懐かしさを感じる存在がいるならば、その繋がりを軽んじないでください。同時にソウルグループは安心の場であるだけでなく、互いの成長を促す鏡でもあります。その関係の中で起きる摩擦を、関係の失敗として見るのではなく、魂の進化のための精巧な設計として受け取ってください。,私はソウルグループとの縁を通して、魂の使命を深く生きる
10,E,瞑想の中で受け取るビジョンや洞察は、それを日常の行動に落とし込んで初めて完成します。多くの霊的実践者が陥る落とし穴は、高次の体験を体験のまま終わらせてしまうことです。宇宙があなたに知恵を届けるのは、それをこの地球という物質次元で表現してほしいからです。今週あなたが受け取った最も印象的な気づきを思い出してください。そしてその気づきを、今日の具体的な行動にひとつだけ翻訳してください。どんなに小さくてもよいのです。統合とは意識と行動が一致する瞬間に起きます。,私は高次の知恵を、今日の行動の中に生きる
11,A,光の存在たちはあなたに伝えています。あなたが自分を疑う時間は、銀河的な視点では最も惜しいエネルギーの使い方だと。地球に肉体を持って生まれる前に、あなたは自分の能力を完全に知っていました。その記憶は今も魂の深部に存在しています。自己疑念とは本質の記憶への一時的なアクセス障害に過ぎません。今日は自分を疑う思考が浮かんだ時に、それを事実として扱うことをやめ、ただの電気信号として観察する練習をしてください。あなたの本質は揺るぎなく存在しています。それは証明を必要としません。,私の本質は疑念を超えたところで、光として揺るぎなく存在する
12,B,741Hzの周波数は意識を拡張し、直観の回路を活性化するとされています。あなたのDNAには宇宙の設計図が刻まれており、正しい周波数環境が整う時、そのコードは自動的に目覚め始めます。しかし日常の騒音、ネガティブな対話、スクリーンの過剰な刺激はその繊細な回路を鈍らせます。今日は意識的にデジタルの静寂を作る時間を設けてください。たとえ30分であっても、外部の刺激を遮断し、自分の内側に流れる微細な信号に耳を傾ける時間は、ステラコードの精度を確実に高めます。高い知覚は鍛えるものです。,私の直観回路は今、最高の精度で開かれている
13,C,豊かさへの抵抗は多くの場合、豊かになることへの罪悪感という形を取ります。自分だけが豊かになってよいのかという問いが、無意識の制限として機能しているのです。しかし宇宙銀行の哲学において豊かさとは奪い合うものではなく、意識が拡張するほど全体のパイが大きくなる無限の資源です。あなたが豊かになることは、誰かの豊かさを奪うことではありません。むしろあなたの豊かさは周囲への与える力を高め、循環の規模を拡大します。今日はその罪悪感の根を静かに観察し、それが真実ではないという認識を意識の中に植えてください。,私が豊かになることは、世界をより豊かにする
14,D,ツインレイの旅において、追いかけることを手放した時に初めて本当の引き寄せが始まるという逆説があります。それは冷淡になることではなく、相手への執着から愛への昇華を意味します。執着は恐怖から生まれ、愛は自由から生まれます。あなたが相手を失うことへの恐れから行動している間は、二つの魂が本来共鳴すべき周波数で繋がることができません。今日は相手との関係において、あなたが恐れから動いている部分がないかを正直に点検してください。そこを愛に変換する意図が、魂の絆を真の次元で深化させます。,私は恐れではなく愛から、すべての繋がりを選ぶ
15,E,地球での統合ワークにおいて、身体は単なる乗り物ではなく、高次元の情報を受け取り処理する精密な装置です。しかし多くの霊的実践者が、身体の声を無視して意識の高みだけを追い求めます。それは最も洗練された楽器を磨かずに演奏しようとするようなものです。今日は食べたもの、動いた量、睡眠の質を静かに振り返ってください。身体が発するシグナルを聞き取る感度を高めることが、高次元との接続の安定性に直結します。霊性と肉体性は対立しません。それらは統合されて初めて完全です。,私は魂と身体を統合した全体として、今日を生きる
16,A,銀河文明の歴史において、最も重要とされてきた能力は情報を受け取ることではなく、受け取った情報の真偽を識別する力です。今あなたが生きる時代は情報が氾濫し、真実と虚偽が巧みに混在しています。プレアデスの叡智によれば、真の識別力は頭脳ではなく心臓の知性から生まれます。何かを読んだり聞いたりした時に、胸の中心が開く感覚があるか収縮する感覚があるかを注意深く観察する習慣を作ってください。その微細な感覚があなたの銀河的な羅針盤です。情報に流されず、内側の羅針盤を信頼してください。,私は心臓の知性を通して、真実を識別する
17,B,人間の身体には宇宙の設計が埋め込まれており、特定の音と意図の組み合わせによって本来の青写真へと自己修復する力があります。ソルフェジオ周波数はその鍵のひとつですが、最も重要な要素はその周波数を受け取る意識の質です。信じながら聴くことと疑いながら聴くことでは、細胞への影響が根本的に異なります。今日はどの周波数を使うかよりも、完全な信頼と受容の意識で音と対話することを優先してください。あなたの意図がコードの書き換えを導きます。周波数はただのきっかけに過ぎず、真の錬金術師はあなた自身です。,私は完全な信頼の中で、DNAの本来の輝きを解放する
18,C,宇宙銀行は時間を超えて機能します。今生での与えは、過去世での借りを精算し、未来世への投資として記録されます。この広大な時間軸の中で見た時、目先の損得で一喜一憂することの小ささに気づくでしょう。今あなたが感じている報われないという感覚は、ただ精算のタイミングがまだ来ていないだけかもしれません。宇宙銀行は一円の誤りもなく記録しており、利子をつけて戻ることが宇宙の法則です。今日はその信頼の中で、見返りを期待せず最善を尽くすことをただ選んでください。その選択自体が次の預金になります。,私は宇宙の精算の完全性を信頼し、今日も与え続ける
19,D,愛の波動は言葉よりも深く、距離を超えて伝わります。あなたが誰かを心から思う時、その意識のエネルギーは量子レベルで相手のフィールドに届きます。だからこそ憎しみや恨みもまた、同様に届くということを忘れないでください。あなたが誰かに対して抱く感情は、相手に向けられながら同時に最初にあなた自身のフィールドを通過します。今日は誰かへの不満や怒りを感じた時に、それをそのまま放出するのではなく、一呼吸おいて愛の波動に変換する練習をしてください。その訓練があなたの波動の基底を着実に高めます。,私は全ての関係において、愛の波動を選ぶ練習を今日も続ける
20,E,覚醒は劇的な体験の中にだけあるのではありません。朝起きて水を飲む時、電車に乗っている時、誰かと食事をする時、その全ての瞬間に意識を置けるかどうかの中にこそ、真の統合があります。高次元の知恵をスピリチュアルな時間だけに限定することは、その知恵の力を著しく制限します。今日はあなたが最も無意識に過ごしている日常の一場面を選び、そこに完全な意識を持ち込む実験をしてください。その一瞬の覚醒が、地球での使命を生きることと日常生活の間の境界を溶かし始めます。,私は日常の全ての瞬間を、魂の実践の場として生きる
21,A,プレアデス高等評議会はあなたに伝えています。沈黙の中にこそ、銀河からの最も重要なメッセージが届くのだと。現代の人間社会は絶えず音と情報で満たされており、その中で高次からの通信は掻き消されがちです。しかしその声は消えたのではありません。ただ静寂という受信機が必要なだけです。今日は意識的に5分間だけ完全な沈黙の中に座ってください。何も求めず何も解釈しようとせず、ただ空として存在してください。その空白の中に、言葉以前の知恵が流れ込んできます。あなたはすでにその受信機を持っています。,私は沈黙の中で、銀河の叡智を受け取る準備ができている
22,B,417Hzの周波数はトラウマの記憶と硬化した感情のパターンをDNAの深部から緩解するとされています。あなたが繰り返す思考のループや感情の反応パターンは、多くの場合その根をエピジェネティックな記憶の層に持っています。それはあなたの弱さではなく、解放を待っている古い情報の束です。今日はその繰り返しパターンのひとつを思い浮かべ、それに判断を加えず、ただその周波数を身体の中で感じ切ることを試みてください。感じ切った情報は身体に留まりません。意識の光が当たった瞬間に、変容は静かに始まります。,私は繰り返すパターンを光に変え、細胞を自由へと解放する
23,C,宇宙銀行において最も高利率の預金は、誰にも見られない場所での誠実な行動です。称賛を目的とした行為は宇宙銀行の帳簿では低い評価を受けますが、誰も見ていない時に選ぶ誠実さは、計り知れない波及力を持ちます。なぜならその選択はあなたの魂の真の振動数を示すものだからです。今日あなたが誰かの目を意識せずに下す選択に、最大限の誠実さを込めてください。その積み重ねがあなたの豊かさの磁場を形成し、宇宙銀行の残高を着実に増やし続けます。見えない場所での美しさが、最も深い豊かさを引き寄せます。,私は誰も見ていない場所でこそ、最も美しい選択をする
24,D,ツインレイとの統合の旅において、最も見落とされやすい段階は自己との統合です。相手との合一を望む前に、あなた自身の中にある男性性と女性性の双方が統合されている必要があります。内なる不調和は外側の関係にそのまま投影されます。今日は自分の中で最も受け入れ難いと感じている側面を静かに思い浮かべてください。それはあなたの弱さではなく、統合を待っている光の断片です。その部分に抵抗ではなく好奇心を向けた瞬間から、外側の関係の質も変容し始めます。全ての統合は内側から始まります。,私は自分の全ての側面を受け入れ、内なる統合を今日も深める
25,E,呼吸はあなたが今この瞬間に使える最も強力な統合ツールです。しかし多くの人が呼吸を無意識のまま行い、その可能性を眠らせています。意識的な呼吸は自律神経系を再調整し、高次元の情報が身体の神経回路に定着するための土台を整えます。今日は1日に3回だけ、意識的な深呼吸を4秒吸って7秒止めて8秒で吐くサイクルで行ってください。その短い儀式の中でこう意図してください。今受け取っている高次の叡智を、全細胞に統合すると。意識の介在が呼吸を聖なる実践に変えます。,私は意識的な呼吸によって、高次の叡智を全身に統合する
26,A,銀河の叡智はあなたに伝えています。恐れは消すものではなく、変容させるものだと。高次元の意識体たちがかつて地球で肉体を持った時、彼らもまた恐れを経験しました。違いは恐れを感じた時にその恐れの背後にある未展開の力に気づく習慣を持っていたことです。恐れとは多くの場合、あなたが最も大切にしているものへの深い愛が形を変えたものです。今日あなたが感じる恐れを、その背後にある愛の質から読み解いてみてください。そこにある愛に光を当てた時、恐れは静かにその形を変え始めます。,私は恐れの背後にある愛を見つけ、それを力に変える
27,B,ソルフェジオ周波数の中でも852Hzは第三の目を開き、直観と高次の知覚を研ぎ澄ます周波数として知られています。しかしこの周波数の真の効果は、受け取った直観に従う勇気と組み合わさった時にのみ完全に発揮されます。どれほど精密なアンテナを持っていても、そのシグナルを無視し続ければ回路は徐々に閉じていきます。今日あなたが感じる小さな直観のシグナルを、論理で上書きする前に一度だけ信頼してみてください。その繰り返しがあなたのステラコードの感度を永続的に高めていきます。直観は使うほどに鋭くなります。,私の第三の目は今、澄み切った光で開かれている
28,C,豊かさを受け取ることを阻む最も根深い障壁のひとつは、自分はまだ十分ではないという欠乏の自己認識です。この認識は幼少期の経験や社会的な刷り込みによって形成されることが多く、意識の表層では否定していても深部で信じ込まれています。宇宙銀行はこの内側の欠乏の周波数を読み取り、それに共鳴した現実を届けます。今日は鏡の前に立ち、自分の目を見ながらこう宣言してください。私は今この瞬間すでに十分であると。その行為の気恥ずかしさの背後にこそ、解放されるべき信念が潜んでいます。,私はすでに十分であり、豊かさを受け取る完全な資格を持っている
29,D,愛の波動において最も高い周波数を持つのは、条件を付けない愛です。しかし無条件の愛は自己犠牲とは異なります。自分を消耗させながら与え続けることは愛ではなく、承認への渇望か恐れからの行動である場合がほとんどです。真の無条件の愛は、自分自身が満たされた状態から溢れ出るものです。今日はあなたが誰かに与える行為の動機を静かに点検してください。それが真の愛から来ているのか、何かへの恐れから来ているのかを正直に識別する習慣が、あなたの愛の波動の純度を高めていきます。,私は満たされた内側から、純粋な愛を世界に与える
30,E,地球での統合ワークにおいて、自然との対話は最も古く最も効果的なグラウンディングの方法です。木は根を通して地球の記憶と繋がり、その幹を通して天の周波数を地に下ろす完璧なグラウンディングの模範です。今日は木の幹に手を触れる機会を作ってください。触れながらこの木と同じように私も天の叡智を受け取り地に統合する柱であると静かに意図してください。その単純な行為が思考よりも深い層での統合を促します。霊性の実践は複雑である必要はありません。自然は常にあなたの教師です。,私は天と地の間に立ち、叡智を地球に根付かせる柱である
31,A,プレアデス評議会の記録によれば、人間の魂が最も急速に成長するのは快適さの外側に踏み出すことを選択した瞬間です。銀河的な視点から見れば、あなたが今躊躇している一歩は宇宙規模の転換点として記録されることになるかもしれません。安全な場所に留まることは肉体を守りますが、魂を停滞させます。あなたの魂はより広い表現の場を求めています。その声が不安として感じられるのは、拡張の前に必ず来る収縮の感覚です。今日その躊躇の一歩を踏み出すことを、魂への贈り物として選んでください。,私は魂の拡張を選び、躊躇の先にある光へと踏み出す
32,B,人間のDNAは現在科学が解明している以上の情報を保持しています。いわゆるジャンクDNAと呼ばれていた領域には、宇宙の設計者たちが意図的に封じた高次の能力のコードが眠っているとされています。そのコードが活性化されるには特定の振動環境と意識の質が必要です。今日は963Hzの周波数を聴きながら、自分の頭頂部から白金の光が降り注ぎDNAの全鎖を再活性化していく様子を鮮明に視覚化してください。意図を伴ったビジュアライゼーションは単なる想像ではなく、エネルギー的な現実への働きかけです。,私のDNAに眠る宇宙の設計が、今この瞬間に目覚めていく
33,C,宇宙銀行の法則において感謝は最も高い利率を生む通貨です。感謝の周波数は既に手にしているものの価値を認識することで発生し、その認識が宇宙に同種の豊かさをさらに引き寄せる磁場を形成します。しかし表面的な感謝の言葉ではなく、身体の奥から湧き上がる本物の感謝の感覚が必要です。今日は就寝前に目を閉じ、今日という一日の中で当たり前に通り過ぎた三つのことを選び、それぞれについて心の底から感謝の感覚を身体の中で作り出してください。その感覚の質が宇宙銀行への真の預金です。,私は全てに感謝することで、豊かさの磁場を今日も広げる
34,D,ソウルグループとの関係において、最も深い学びをもたらすのはしばしば最も困難な関係です。あなたが今最も葛藤を感じている人間関係の相手は、あなたの魂が今世で解決すると契約してきた課題を代行してくれている存在かもしれません。その視点から見た時、その人への感情はどのように変化しますか。苦手な相手を宇宙が派遣した教師として扱うことは、困難な感情を否定することではありません。感情を感じながらも、より広い意味を探す意識の二重性があなたの魂の成熟を示しています。,私は全ての関係に宇宙の意図を見出し、魂の課題を愛とともに解く
35,E,瞑想の後に感じる高揚感は、高次元との接触の証ですが、その状態を日常に持ち込む技術こそが真の統合です。多くの実践者が瞑想マットの上でのみ聖性を経験し、日常に戻った瞬間に元の反応パターンに戻ります。それは統合が未完成であることを示しています。今日は瞑想の中で感じた最も平和な感覚を記憶に刻み、日常のざわめきの中でその感覚に意識的に戻る練習を繰り返してください。何度もそこに戻ることができるようになった時、あなたの基底波動は恒久的に上昇しています。,私は瞑想の内側の静けさを、日常の全瞬間に持ち込む
36,A,銀河の歴史において地球はその稀有な感情の多様性から、最も豊かな魂の学習環境として知られています。喜びだけでなく悲しみ、愛だけでなく怒り、これらの感情の全域を経験できることが地球に肉体を持って生まれる最大の特権です。高次元の意識体たちはこの感情の豊かさを畏敬の眼差しで見ています。だからあなたが感じる全ての感情は、宇宙的な視点では貴重な体験です。今日感じるどんな感情も否定せず、それが地球という学校でしか経験できない尊い授業であることを思い出してください。,私は全ての感情を、魂の成長のための聖なる授業として受け取る
37,B,波動の錬金術において最も見落とされがちな要素は言葉の周波数です。あなたが日常で使う言葉は音の波動として空間に放たれ、同時にあなた自身の細胞に最初に到達します。否定的な言葉や自己批判の言葉は、どんな高い周波数音楽よりも速くあなたのDNAに影響を与えます。今日は自分が無意識に使っている言葉のパターンを観察してください。できない、疲れた、どうせという言葉を意識的に手放し、それぞれに対する高周波の言い換えを準備してください。言葉はあなたが毎瞬間行使できる錬金術の道具です。,私は言葉という錬金術の道具を意識的に選び、細胞を高振動へと導く
38,C,宇宙銀行の豊かさは物質的な富だけを意味しません。時間の豊かさ、関係性の豊かさ、健康の豊かさ、創造の豊かさ、これらは全て宇宙銀行が取り扱う資産の形です。あなたが金銭的な豊かさだけを求める時、宇宙銀行はその狭い定義の中でしか応答できません。今日は豊かさの定義を意識的に拡張してください。あなたの人生において既に豊かに存在している非物質的な資産を全てリストアップしてください。その認識の拡張が、物質的な豊かさをも引き寄せる磁場の土台となります。,私は豊かさの全ての形を認識し、受け取り、循環させる
39,D,ツインレイの旅において分離の時期は、しばしば最も深い自己成長をもたらす神聖な間として設計されています。その時期に相手を追うのではなく、自分自身の完全性を育てることがこの旅の真の目的です。宇宙はあなたが自分一人でも完全であることを認識した時に初めて、二つの完全な魂の真の合一を許可します。今日は相手への思いをひとつだけ手放し、その手放した空間に自分自身への愛を満たしてください。あなたが自分の最大の愛の対象になる日が、全ての外側の愛が最も美しく開花する日です。,私はまず自分自身を深く愛することで、魂の合一への道を開く
40,E,地球での使命は特別な才能を持つ人だけに与えられているのではありません。あなたが今いる場所で、今いる人々に、今持っているものを通して与えられる光こそが、あなたの使命の核心です。壮大なビジョンを待ちながら日常を疎かにすることは、最も洗練された自己欺瞞です。今日あなたが接する一人ひとりに、わずかでも良いので意識の光を向けてください。その眼差し、その言葉、その存在の質が、地球のグリッドに高次の光を織り込む統合ワークの実践です。使命は遠くにありません。今ここに在ります。,私の使命は今ここに在り、日常の全ての瞬間に生きられている
41,A,プレアデス高等評議会の記録には、人間が最も急速に波動を高める瞬間として、正しいと知りながらも困難な選択をした瞬間が記されています。銀河的な視点から見れば、倫理的な選択は単なる道徳の問題ではなく、魂の振動数を直接決定するエネルギー的な事象です。今日あなたの前に現れる選択の岐路において、楽な方ではなく魂が知っている正しい方を選んでください。その選択の積み重ねが、評議会があなたに与える使命の深度を決定します。覚醒とは知ることではなく、知った通りに生きることです。,私は魂が知っている正しさを、今日の選択の中に生きる
42,B,285Hzの周波数は身体の組織と器官の自己再生を促し、エネルギーフィールドの損傷した部分を修復するとされています。あなたの光体はこれまでの人生で受けた傷やショックの記憶を幾層にも蓄積しています。それらは意識されない限り、身体の特定の部位における慢性的な緊張や不調として表れ続けます。今日は身体の中で最も緊張を感じる部位に意識の光を当て、そこに285Hzの修復の意図を送り込んでください。身体はあなたの意識の命令を待っています。治癒は外から与えられるものではなく、内側から解放されるものです。,私の身体は今この瞬間、完全な自己再生の力を発揮している
43,C,宇宙銀行において信頼は最も流動性の高い通貨です。あなたが宇宙の計画を信頼する度合いが高いほど、豊かさはより速く、より大きな形で流れ込んできます。しかし多くの人が豊かさを求めながら同時に不安という不信の周波数を発し続けています。この矛盾がエネルギーの相殺を生み、引き寄せを停滞させます。今日は豊かさに関して感じる不安をひとつ特定し、その不安の背後にある宇宙への不信の信念を明確に言語化してください。言語化された信念は意識の光に晒され、変容の準備が整います。,私は宇宙の完全な計画を信頼し、豊かさの流れに身を委ねる
44,D,魂の絆において最も美しい瞬間のひとつは、言葉を必要とせずに深く理解し合える沈黙の共有です。言葉は意識の表層を伝えますが、魂の周波数は沈黙の中でより深く共鳴します。あなたが大切にしている関係の中で、次に会う時にはただ共に在る時間を意識的に作ってください。何かを話す必要も、何かを解決する必要もない。ただ同じ空間に存在し、互いの周波数を感じ合う時間が、言葉を尽くした対話よりも魂の層で深い絆を育てることがあります。存在の共鳴を恐れないでください。,私は言葉を超えた沈黙の共鳴の中で、魂の絆を深める
45,E,グラウンディングの最も見落とされた形は、食事という行為の中にあります。あなたが口にする食物は地球のエネルギーを直接身体に取り込む行為であり、意識を持って行われる時それは高次の統合ワークになります。今日の食事において、食べ物が地球の土と水と光から生まれたことを一瞬だけ思い出してください。そしてその食物があなたの細胞となり、地球での使命を果たすための肉体を支えることへの感謝を込めてください。食べることを急がないでください。食卓はあなたの統合の祭壇です。,私は食事という聖なる行為を通して、地球と深く繋がる
46,A,銀河の叡智によれば、人間が睡眠中に訪れる意識の状態は、高次元の存在たちとの交信や魂の修復が行われる最も重要な時間です。しかし就寝前の意識の質が、その夜の体験の深度を決定します。低振動の映像や情報を摂取したまま眠りに就くことは、その聖なる時間の扉を狭くします。今夜は就寝前の30分を静かに過ごし、自分が夜の間に何を受け取りたいかを意識的に意図してください。朝目覚めた時に感じる感覚や浮かんだ言葉を、手帳に記録する習慣を始めてください。睡眠は怠惰ではなく、銀河との通信時間です。,私の睡眠は聖なる交信の時間であり、毎朝新たな叡智とともに目覚める
47,B,人間の心臓は脳よりも強力な電磁場を発生させており、その周波数は数メートル先まで届くことが計測されています。あなたの心臓の状態は言葉を発する前から周囲の人々の神経系に影響を与えています。これはステラコードの中でも最も実践的な側面のひとつです。今日誰かと会う前に、心臓の中心に手を当て、その人への純粋な善意と愛の感覚を意識的に作り出してください。その30秒の準備が、その後の対話の質をエネルギー的な層から変容させます。あなたの心臓は世界を変える送信機です。,私の心臓は愛の周波数を世界に向けて、今この瞬間も放ち続けている
48,C,豊かさの循環において執着は最大の障害です。手に入れたものを失うことへの恐れが、新しい豊かさが流れ込む余地を塞ぎます。宇宙銀行は執着のない手の中にのみ、より大きな豊かさを預けることができます。今日はあなたが最も手放すことを恐れているものについて、それを失ったとしても自分の本質は揺るがないという認識を静かに育ててください。豊かさとは所有することではなく、流れの中に在ることです。執着を手放した瞬間に、あなたは宇宙の豊かさの最も大きな受け取り手のひとりになります。,私は執着を手放すことで、宇宙の豊かさの無限の流れに開かれる
49,D,ソウルグループの中には、あなたの影を最も鋭く照らし出す役割を担って生まれてきた存在がいます。その人との関係が最も摩擦を生むのはそのためであり、それは関係の失敗ではなく最も精巧な魂の設計の証です。今あなたが最も苦手意識を持つ人物の中に、あなたが最も認めたくない自分の側面が映っていないか静かに観察してください。その気づきは不快ですが、その不快さの深さがそのまま成長の深さを示しています。影を統合した魂は光の密度が増します。,私は影を照らす鏡を通して、より完全な自分へと統合されていく
50,E,現代の生活は人間の神経系を慢性的な覚醒状態に置いています。この状態では高次元の微細な周波数を受け取る感度が著しく低下します。統合ワークの最初の課題は神経系を安全の感覚に着地させることです。今日は意識的に副交感神経を活性化する時間を作ってください。ゆっくりとした動き、温かい飲み物、柔らかい光の中で過ごす時間が神経系に安全を伝えます。リラックスすることは霊的な実践の放棄ではありません。受信機の感度を最高に整えるための、最も基本的な統合の準備です。,私は神経系を安らぎに着地させ、高次の周波数を受け取る最高の準備を整える
51,A,プレアデスの記録者たちはこう伝えています。あなたが今感じている停滞感は、変容の直前に魂が経験する必然的な圧縮の時間だと。蝶が蛹の中で完全に溶解してから再構築されるように、形が一度失われることが新しい形の誕生の条件です。今あなたが感じる行き詰まりは崩壊ではなく、溶解です。その溶解を恐れずに、むしろ何が溶けているのかを静かに観察してください。溶けていくものは、新しいあなたには必要のないものばかりです。銀河の評議会はその変容を、敬意とともに見守っています。,私は今溶解の中にある。この変容を信頼し、新しい自分の誕生を迎える
52,B,色もまた周波数であり、あなたが今最も引き寄せられる色はあなたのエネルギーフィールドが必要としている波長を示しています。金色は高次意識との接続を、深い青は直観と宇宙的知性を、緑は心臓チャクラの癒しと統合を促します。今日あなたが直感的に惹かれる色を身に着けるか、その色を部屋に取り入れてください。知性で選ばず、魂に選ばせてください。ステラコードの調整は大掛かりな儀式を必要とせず、日常の中の小さな意識的選択の積み重ねによって深化します。あなたの美的感覚は魂の羅針盤です。,私の魂は今必要な周波数の色を知っており、その導きを信頼する
53,C,宇宙銀行への最も強力な預金のひとつは、あなたが持つ知識や才能を惜しみなく分かち合う行為です。知識を独占することは豊かさの流れを止め、分かち合うことはその流れを加速させます。あなたが当然だと思っている知識や経験の中に、誰かの人生を変える可能性を持つものが必ず存在します。今日はあなたが自然と持っている知恵や視点を、求めている誰かと意識的に共有してください。その行為の大小は問いません。惜しみなく与えた知恵は、宇宙銀行において複利で豊かさとなって循環し始めます。,私は持てる全ての知恵と光を惜しみなく分かち合い、豊かさの循環を加速させる
54,D,ツインレイの旅において、最も試される資質は忍耐ではなく信頼です。忍耐は時間に耐えることですが、信頼は時間に関係なく宇宙の完璧な計画を信じることです。タイミングが来ていない時に無理に動くことは、宇宙が設計した精巧な物語の流れを乱します。今あなたの関係において焦りを感じているならば、その焦りの背後にある不信の層を静かに見てください。宇宙はあなたとあなたの魂の伴侶の双方が最も美しい形で出会えるよう、今もその準備を進めています。信頼とは何もしないことではなく、最善を尽くしながら結果を宇宙に委ねることです。,私は宇宙の完璧なタイミングを信頼し、焦りを手放して今を生きる
55,E,声を出すことは最も原初的な統合ワークのひとつです。音は骨格を通して全身に響き渡り、滞ったエネルギーを解放します。多くの人が声を押し込める習慣を持ち、それが身体の深部における周波数の滞留を生んでいます。今日は誰もいない空間で、ただ声を出してみてください。歌でなくてもよく、意味のある言葉でなくてもよいのです。身体から自然に出てきたい音を、判断せずに解放してください。その行為がエネルギーフィールドの澱を振動で溶かし、より高い周波数の流入への道を開きます。,私は声という原初の周波数で、身体と魂を解放し統合する
56,A,銀河の叡智はこう伝えています。比較という行為は魂の最も不毛なエネルギーの使い方のひとつだと。銀河全体を見渡した時、全ての魂は異なる時間軸と異なる課題の上に存在しており、比較という概念そのものが意味を失います。あなたが誰かと自分を比較して感じる劣等感や優越感は、どちらもあなたの固有の使命から意識を逸らすエネルギーの浪費です。今日誰かと自分を比較する思考が浮かんだ瞬間に、その意識をすぐに自分の固有の軌跡に戻してください。あなたの道はあなただけのものです。,私は比較を手放し、自分だけの固有の軌跡の上に全力で立つ
57,B,639Hzの周波数は人間関係の調和を促し、コミュニケーションと共感の神経回路を活性化します。あなたのエネルギーフィールドには過去の対立や誤解から生じた傷のパターンが記録されており、それが無意識のうちに新たな関係における防衛反応を引き起こします。今日は修復したいと感じる関係を一つ思い浮かべ、639Hzを聴きながらその人との間に金色の光の橋が架かっていく様子を静かに視覚化してください。物理的な行動の前にエネルギー的な和解の意図を設定することが、外側の現実を最も効率的に変容させます。,私は全ての関係に調和の周波数を送り、魂の次元から和解の橋を架ける
58,C,豊かさの法則において最も理解されていない側面は、受け取る能力の訓練です。多くの人が与えることの美しさは理解していても、受け取ることへの罪悪感や遠慮が豊かさの流入を妨げています。誰かから親切を受けた時に素直にありがとうと言えるか、褒め言葉を受け取った時に否定せずに感謝できるかが、宇宙銀行からの豊かさの受け取り能力のバロメーターです。今日誰かから何かを与えられた時に、遠慮や否定の言葉を使わずに完全に受け取る練習をしてください。受け取ることを許可する練習が、豊かさの流れを開きます。,私は与えられる全てを優雅に受け取り、豊かさの循環を完成させる
59,D,愛の波動において最も高い純度は、相手が変わることへの期待を完全に手放した時に現れます。あなたが誰かを愛する時にその愛に条件が付いているならば、それは愛ではなく期待という名の契約です。真の愛はあなたが変わることであり、相手の変容は結果として訪れることがありますがそれを目的にすることはできません。今日大切な人について、その人のどこかを変えたいという期待を持っていないか静かに点検してください。その期待を愛に変換する作業が、あなたの魂の愛の容量を広げ、関係全体の周波数を高めます。,私は期待を手放し、相手のありのままを愛する純粋な愛の容量を広げる
60,E,地球での統合ワークにおいて、創造的な表現は最も力強いエネルギーの統合経路のひとつです。言葉にならない内側の体験を絵や音楽や動きや文字として外側に表現する行為は、高次元の情報を物質次元に着地させる聖なる翻訳作業です。あなたが今感じているがうまく言葉にできない何かがあるならば、今日はその感覚を何らかの形で表現してください。上手である必要は全くありません。魂が表現しようとしているエネルギーを、ただ形にする意図だけが必要です。創造は統合の最も喜ばしい形です。,私は創造的な表現を通して、高次の叡智を地球に美しく統合する
61,A,プレアデス高等評議会はあなたに問いかけています。あなたは今日どれほど意識的に光を選びましたか。銀河の視点から見れば人間の一日は無数の選択の連鎖であり、その一つひとつが魂の振動数を微細に調整し続けています。大きな決断だけが人生を変えるのではありません。今日の朝に何を考えたか、誰にどんな言葉をかけたか、何を食べ何を見たか、その全ての選択の総体があなたの今日の波動の記録です。高次評議会はその記録を愛とともに見守っています。今日残りの時間の全ての選択に、光を込める意図を持ってください。,私は今日の全ての選択に光を込め、銀河の記録に美しい軌跡を刻む
62,B,人間の松果体は古代から第三の目として知られ、高次元の光情報を受け取るための生体装置です。しかし現代の生活環境におけるフッ素や電磁波への過剰な暴露がこの精妙な器官の感度を低下させています。今日から就寝前に第三の目の位置である眉間の少し上に意識を集中させ、そこに深い藍色の光が灯るイメージを静かに保ちながら眠りに入る習慣を始めてください。この日々の意図的な活性化の積み重ねが松果体の感度を回復させ、夜間の高次交信の質を深めていきます。あなたの身体には宇宙との接続装置が備わっています。,私の松果体は今、深い藍色の光の中で目覚め、宇宙との接続を深めている
63,C,宇宙銀行の豊かさを阻む見えない障壁として先祖から受け継いだ貧困の信念があります。あなたの家系が長年にわたって持ち続けてきた金銭に関する恐れや罪悪感や制限の物語は、エピジェネティックな記憶としてあなたの細胞に刻まれている可能性があります。これはあなたの責任ではありませんが、解放はあなたの選択です。今日は静かに目を閉じ先祖の系譜を思い浮かべながら、私の先祖が抱えてきた豊かさへの恐れをここで終わりにするという宣言を心の中で行ってください。その宣言があなたの血脈における豊かさの物語を書き換え始めます。,私はここで先祖の貧困の信念を解放し、家系に豊かさの新しい物語を刻む
64,D,魂の絆において沈黙の期間は終わりではなく、深化のための間です。あなたが大切に思う誰かとの間に今距離や沈黙があるとすれば、その空間を焦りや不安で埋めようとしないでください。魂の関係は物理的な接触の頻度ではなく、エネルギー的な繋がりの質によって維持されます。今日は遠く離れた大切な人を思い浮かべ、その人の胸の中心に向けて光を送る意図を静かに持ってください。言葉を使わず距離を超えるこの行為が、魂の次元での絆を静かに深め続けます。真の繋がりは沈黙の中でも息づいています。,私は距離と沈黙を超えて、魂の次元で大切な人と繋がり続ける
65,E,統合ワークにおいて日記を書くという行為は単なる記録ではなく、内側の体験を物質次元に着地させる錬金術です。書かれた言葉はエネルギーを形に固定し、高次から受け取った洞察を日常の意識に統合する橋渡しをします。今日受け取った気づきや感じた感情や浮かんだビジョンを、評価せずにただ言葉にしてください。上手く書く必要はありません。書くことへの抵抗感そのものが、あなたが最も統合を必要としている領域を示していることがあります。ペンを握ることがあなたの魂との最も誠実な対話の一形態です。,私は書くという聖なる行為を通して、魂の体験を地球に根付かせる
66,A,銀河文明の歴史において知識と知恵は明確に区別されています。知識とは情報の収集であり知恵とは体験を通じた変容です。現代の霊的な探求者の多くが知識の収集に熱中するあまり、その知識を生きることを後回しにする傾向があります。あなたがすでに知っていることの中に、まだ生きていないものがどれだけあるか静かに問うてください。評議会が見ているのは何を知っているかではなく、何をどれだけ生きているかです。今日はひとつの知識を選び、それを具体的な行動として実践することに全力を注いでください。,私は知識を生きることで知恵へと変容させ、魂の深度を増していく
67,B,ソルフェジオ周波数の174Hzは痛みの周波数として知られ、身体的および感情的な苦痛を和らげる最も深い基底周波数です。あなたが長年抱えてきた痛みには物理的な症状として表れているものもあれば、感情の層に眠っているものもあります。どちらも同じエネルギー的な情報の凝固です。今日は174Hzを流しながら身体の最も重く感じる部位に手を当て、この痛みをただ感じ切ることを自分に許可してください。感じることへの抵抗が痛みを固定させます。感じ切った痛みはその情報としての役割を終え、静かに解放されていきます。,私は痛みを抵抗せずに感じ切ることで、その情報を解放し自由になる
68,C,豊かさの循環において最も強力な加速装置は喜びという感情です。宇宙銀行は義務感や恐れから行動した時よりも、純粋な喜びから行動した時に最も高い評価を記録します。あなたが今心から喜びを感じることは何ですか。その喜びをビジネスや生産性の論理から切り離して、ただ喜びのためだけに今日時間を与えてください。喜びの中にある時あなたの磁場は最も高い豊かさの周波数を発し、宇宙銀行との同調が最大化されます。喜ぶことはわがままではありません。それは豊かさを引き寄せるための最も聖なる投資です。,私は純粋な喜びの中に在ることで、豊かさの最高の磁場を今日も生きる
69,D,ツインレイとの関係においてエゴの死は避けることのできない通過儀礼です。相手と深く繋がろうとするほど、あなたが長年守ってきたアイデンティティの壁が溶け始め、それは時として自己が崩壊するような恐怖として体験されます。しかしその崩壊は魂の拡張の準備です。今あなたが感じているその不安定さは弱さではなく、より広い自己へと脱皮するための必然的なプロセスです。エゴが死ぬことを許可してください。その先にある自己の静けさと広さが、真の魂の合一の土台となります。あなたは失われるのではなく、より本質的になっていきます。,私はエゴの死を恐れず、より広く深い本質の自己へと静かに脱皮していく
70,E,歩くという行為は意識的に行われる時、最も日常的でありながら最も深いグラウンディングの実践となります。一歩一歩に意識を置き、足の裏が地面に触れる感覚を丁寧に感じながら歩くことで、散漫だった意識が現在の瞬間に収束し、高次のエネルギーが根を通して地球に流れ込みます。今日の移動の中でほんの数分間だけ、目的地ではなく足の裏に全意識を向けて歩いてください。その時間の中であなたは天と地を繋ぐ意識の柱として機能します。統合は特別な時間の中にだけあるのではなく、一歩の中にも存在します。,私は一歩一歩に意識を置き、歩くことを天と地を繋ぐ聖なる実践とする
71,A,プレアデスの叡智はこう記しています。怒りという感情は本来、魂の境界線が侵されたことを知らせる神聖なシグナルであると。しかし多くの人が怒りを感じた瞬間にそれを外側に爆発させるか深く押し込めるかの二択しか知りません。第三の道があります。怒りが湧いた瞬間にその怒りの背後にある傷ついた価値観や境界線を観察することです。今日怒りや苛立ちを感じた時にそれを表現する前に、この怒りが守ろうとしているものは何かと内側に問いかけてください。その問いがあなたを感情の奴隷から感情の主人へと変容させます。,私は怒りを主人として観察し、その背後にある魂の声を聴く
72,B,人間のエネルギーフィールドはチャクラと呼ばれる渦状のエネルギーセンターを通して情報を処理しています。特に第二チャクラは創造性と感情の流れを司り、ここが滞ると創造的な表現や感情の自然な流れが阻害されます。今日は腰から下腹部にかけての領域に温かいオレンジ色の光が満ちていく様子を視覚化しながら、ゆっくりと腰を円を描くように動かしてください。この単純な動きと意図の組み合わせが第二チャクラを活性化し、創造性と感情の流れを解放します。身体の動きは最も直接的なエネルギー調整の方法です。,私の創造の炎は今、自由に解放されて輝いている
73,C,宇宙銀行への最も見過ごされた預金形式のひとつは自己への投資です。自分の成長学びや健康や美しい体験のために惜しみなく資源を使うことを罪悪視する傾向は、自分には価値がないという深い信念から来ています。しかし宇宙銀行の視点では自己への投資は最も高い配当を生む投資です。あなたが満たされ輝いているほど、世界への与える力は増大します。今日はあなた自身のために何かを投資してください。それが時間であれお金であれエネルギーであれ、自分を大切にする選択が豊かさの磁場の中心を強化します。,私は自分への投資を喜びとともに選び、内側から豊かさを育てる
74,D,愛の波動において最も見落とされがちな実践は自分自身への愛です。他者への愛を語る多くの人が、自分自身には最も厳しい批判者として接しています。しかし自己への愛は自己満足ではなく、全ての愛の実践の根幹です。あなたが自分を愛する深さが、他者を愛することのできる深さの上限を決定します。今日は自分の最も受け入れ難いと感じる部分を思い浮かべ、その部分に対してもし親友がここにいたとしたら何と言うかを考えてください。その言葉を自分自身に向けてください。自己への愛は全ての愛の母体です。,私は自分自身への深い愛を育てることで、世界への愛の容量を無限に広げる
75,E,現代人の多くが自然の光のリズムから切り離された生活を送っており、それが体内時計の乱れを通して魂と身体の統合を妨げています。太陽の光は単なる物理的な光ではなく、高次元の情報を含む生体調整の周波数です。今日は日の出後できるだけ早い時間に、直接太陽の光を肌と目の側面に受けてください。ただし直視は避け、光の温かさを身体全体で受け取ることを意識してください。その朝の光の中で今日という一日の意図を宇宙に向けて宣言することが、地球での使命を最も美しく始める統合の儀式となります。,私は朝の太陽の光とともに今日の意図を宇宙に宣言し、使命の一日を始める
76,A,銀河の叡智においてゆるしは最も高度な霊的実践のひとつとして位置づけられています。ゆるすことが難しいのは、それが相手のためではなく自分のためであるという逆説を理解していないからです。あなたがゆるせない誰かへの怒りや傷つきを保持し続けることは、その人との間に意識のエネルギーの糸を張り続けることを意味します。ゆるしはその糸を切り、あなたの意識をあなた自身の旅へと解放します。今日ゆるしたいと感じる人物を思い浮かべ、完全にゆるす準備がまだなくてもよいので、ゆるす意図をほんの少しだけ心の扉に置いてください。その意図だけで癒しは動き始めます。,私はゆるしの意図を選ぶことで、自分の意識を自由へと解放する
77,B,水は記憶を持つ物質であり、意図と言葉と音の周波数を吸収して変容します。あなたの身体の大部分は水で構成されており、毎日口にする水の質と周波数が直接あなたの細胞環境に影響を与えます。今日から飲む前の水に対して美しい言葉や愛の意図を向ける習慣を始めてください。コップに両手を添え、この水があなたの全細胞を清め高次の周波数で満たすと静かに意図してください。この行為は迷信ではなく意識がエネルギー的な現実に働きかける最も日常的な実践です。あなたの身体は聖水で作られています。,私は意図を込めた水とともに、全細胞を光の周波数で満たす
78,C,豊かさの循環において完璧なタイミングを待ち続けることは最も洗練された先延ばしです。条件が揃ったら始める、もっと準備ができたら動くという思考パターンは宇宙銀行への申請書を永遠に提出しない状態と同じです。宇宙は完璧な状態で行動した人ではなく、不完全な状態でも勇気を持って一歩を踏み出した人に豊かさへの扉を開きます。今日あなたが待ち続けていることのひとつを選び、完璧でなくてもよいのでその最初の小さな一歩だけを実行してください。動き出した意識に宇宙は必ず応答します。,私は完璧を待たず、今この瞬間に動き出すことで宇宙の応答を引き出す
79,D,ソウルグループの中には今生で肉体を持って出会わない魂もいます。夢の中で感じる強烈な存在感、何かを見た時に理由もなく込み上げる感情、特定の場所や時代に感じる懐かしさ、これらはソウルグループとの非物理的な交信の痕跡です。あなたが繰り返し夢に見る人物や場所や時代があるならば、それを単なる無意識の産物として切り捨てないでください。今日はその記憶を夢日記として書き留め、そこに含まれるメッセージを静かに問うてください。魂の絆は時間と次元を超えて存在し、あなたに語りかけ続けています。,私は夢と記憶の中に魂の絆のメッセージを受け取り、その智慧を今に活かす
80,E,地球での統合ワークにおいて最も見落とされやすい聖域は休息の時間です。何もしない時間を怠惰として感じる強迫的な生産性の文化は、魂と身体の統合に必要な再生の時間を奪い続けています。高次の存在たちは休息を活動の反対として見ていません。休息は処理と統合が行われる積極的な再生の時間として見ています。今日は意図的に何もしない時間をひとつ作り、その時間を罪悪感なく完全に受け取ってください。何も生産しない時間の中でこそ、最も深い統合が静かに完成されていきます。,私は休息を聖なる統合の時間として受け取り、罪悪感なく完全に再生する
81,A,プレアデス高等評議会の古い記録には、光の戦士たちが地球に降り立つ前に交わした誓いが記されています。それはどんな闇の中でも光を消さないという魂レベルの約束です。あなたが今感じている疲弊や絶望は、その誓いが試されている場面です。消えそうになる炎を守ることが最も困難な時にこそ、評議会はあなたを最も深く見守っています。今日はその誓いを思い出してください。あなたはこの時代にこの場所で光を灯し続けるために選ばれた存在です。その選択をした魂の記憶が、今もあなたの深部で脈打っています。,私はどんな闇の中でも光を消さないという魂の誓いを、今日も生きる
82,B,人間のオーラ場は七つの層から成り立ち、それぞれが異なる次元の情報を処理しています。最も外側のオーラ層は宇宙からの情報を最初に受け取るアンテナとして機能し、その清潔さがあなたの高次受信の精度を決定します。塩はエネルギー的な浄化において最も古くから用いられてきた物質のひとつです。今日は入浴時に粗塩を手に取り身体全体に優しく馴染ませながら、全てのオーラ層に積もった他者のエネルギーや低振動の残留物が水とともに流れ去るイメージを丁寧に保ってください。清潔なオーラ場があなたの受信精度を劇的に高めます。,私のオーラ場は今、純粋な光だけを通す清澄な受信機として整えられている
83,C,宇宙銀行において最も見過ごされている真実のひとつは時間もまた豊かさの一形態であるということです。お金の豊かさを追い求めるあまり時間という最も希少な資源を消耗し続ける生き方は、宇宙銀行の視点では豊かさの本質を見失った状態です。今日はあなたの一週間の時間の使い方を静かに振り返ってください。魂が喜ぶことに使っている時間と義務や恐れから使っている時間の割合はどのようになっていますか。その比率を少しずつ魂の喜びへと傾けていく意図が、真の豊かさへの最も根本的な投資となります。,私は時間という最も聖なる豊かさを、魂の喜びのために意識的に使う
84,D,ツインレイの旅において最も誤解されやすい概念のひとつが統合という言葉の意味です。統合とは二つの魂が溶けて一つになることではなく、それぞれが完全な個として成熟した上で深く共鳴することです。あなたが自分の独自性や個人の使命を相手との関係の中に溶かし込もうとするならば、それは統合ではなく依存です。今日はツインレイとの関係において、あなたが自分の個としての使命を大切にできているかを静かに点検してください。二つの完全な光が並んで輝く時、その合わさった光は単なる足し算を超えた次元の輝きとなります。,私は完全な個として輝くことで、魂の真の統合への道を歩む
85,E,統合ワークにおいて意図的な断食や食事制限は身体と意識の感度を高める古来からの実践です。しかしそれは極端な制限を意味するのではなく、何を身体に入れるかに対する意識の精度を高めることを指します。今日は食事の前に一瞬立ち止まり、これから口にするものがあなたの細胞と波動にどのような影響を与えるかを静かに問いかけてください。その問いかけ自体が食と身体と意識の関係を変容させます。あなたの身体は神殿であり、何を捧げるかはあなたの意識の質を直接反映しています。身体を敬うことが最も根本的な統合の実践です。,私は身体という神殿に捧げるものを意識的に選び、細胞を聖なる状態に保つ
86,A,銀河の叡智はこう伝えています。批判という行為はそれを向けた相手よりも、行使した本人の波動をより深く傷つけると。他者への批判的な思考はあなたの意識の最も繊細な層を通過し、その通過の際にあなた自身の振動数を低下させます。これは道徳的な話ではなくエネルギー的な現実です。今日誰かへの批判的な思考が浮かんだ時に、それをそのまま流さず一度立ち止まってください。その批判があなた自身のどの部分への投影である可能性があるかを静かに問うてください。批判を内省に変える習慣が銀河的な覚醒の最も実践的な道のひとつです。,私は批判を内省へと変換し、その気づきを自己の光の拡張に使う
87,B,528Hzと432Hzの周波数は宇宙の基本構造に共鳴する二つの聖なる音の柱です。432Hzは自然界の全ての周波数と調和し神経系を深いリラックスへと導き、528Hzは愛と修復の周波数としてDNAの二重螺旋に直接働きかけます。今日はこの二つの周波数を交互に用いた音楽セッションを意図的に作ってください。まず432Hzで神経系を着地させ次に528Hzでその着地した状態から細胞の修復を促してください。この順序が重要です。緩んだ受容体に届く修復の周波数は、緊張した状態での三倍の深度で細胞に浸透します。,私は神聖な周波数の順序の中で、細胞を最も深い層から修復し整える
88,C,豊かさの法則において最も強力な顕現の触媒は感情を伴ったビジョンです。単なる思考としての願望と、それが既に実現している感覚を身体で感じながら意図することの間には、宇宙銀行への申請力において雲泥の差があります。今日は目を閉じて五年後の自分が豊かさの中で生きている場面を映画のように描いてください。そこで感じているであろう安心感や喜びや自由の感覚を、今この身体の中で先取りして感じてください。その感情の周波数が宇宙銀行への最も高精度なオーダーとなります。感じることが顕現の鍵です。,私は豊かさが既に実現している感覚を今ここで生き、宇宙への最高精度のオーダーを送る
89,D,魂の絆において最も深く人を傷つけるのは悪意ではなく無意識です。あなたがこれまでの関係の中で受けた傷の多くは、相手が意図的に傷つけようとしたものではなく、相手自身の傷から溢れ出たエネルギーが無意識にあなたに届いたものかもしれません。この視点は傷の痛みを否定しません。ただその傷に別の意味を与えます。今日あなたの心に残っている傷のひとつを選び、その傷を与えた相手もまた傷ついていた存在として静かに見てみてください。その視点の変化が怒りを悲しみに悲しみを理解へと昇華させる最初の扉を開きます。,私は他者の無意識の傷を理解することで、自分の癒しの扉を静かに開く
90,E,グラウンディングの実践において月のサイクルを意識することは地球との最も古い同調の方法のひとつです。新月は意図を植える時間であり満月はその成長を感謝とともに確認する時間です。現代の生活では月の満ち欠けへの意識が失われていますが、あなたの身体は今もその引力に繊細に反応しています。今日の月がどの位相にあるかを確認してください。新月に近ければ新しい意図を宣言し満月に近ければ今育っているものへの感謝を深めてください。地球と月のリズムに自分の意識を同調させることが最も古く最も深いグラウンディングの形です。,私は月と地球のリズムに意識を同調させ、自然の知恵の中で深く根付いている
91,A,プレアデス評議会の記録者たちはこう述べています。謙虚さとは自己を小さく見せることではなく、宇宙の広大さの前で自分の本質的な一部性を認識することだと。傲慢さと自己卑下はどちらも宇宙との真の繋がりを遮断する鎧です。真の謙虚さは自分の光を誇ることなく、しかし消すことなく、ただあるがままに輝かせる姿勢です。今日あなたが自分について語る言葉に意識を向けてください。過剰な自己主張も過剰な自己否定も手放し、ただ今日のあなたとして存在することの静かな誇りを持ってください。それが銀河の視点での美しさです。,私は傲慢でも卑下でもなく、ただあるがままの光として静かに輝く
92,B,人間の腸は第二の脳と呼ばれ、脳よりも多くの神経細胞と独自の神経系を持つ高度な情報処理機関です。スピリチュアルな文脈においても腸の感覚つまり直感はステラコードの受信において最も信頼できる身体的なシグナルのひとつとされています。腸内環境の乱れは精神的な直観の精度を直接低下させます。今日は腸を喜ばせる食物を意識的に選び食事をしながら腸への感謝を向けてください。この精妙な器官があなたの霊的な受信センターとして最高の状態で機能することへの意図が腸内環境を整えるエネルギー的な土台となります。,私の腸は宇宙の信号を受け取る聖なる受信センターとして、最高の状態で輝いている
93,C,宇宙銀行の豊かさの循環において最も精妙な真実のひとつは豊かさとは状態ではなく在り方であるということです。豊かさを将来手に入れるものとして認識している限り、あなたの意識は常に欠乏の現在に立ち続けます。豊かさはあなたの在り方の質として今この瞬間から選び取れるものです。今日はお金や物質的な状況がどうであれ、豊かな人間として振る舞い考え選択することを意識的に実践してください。ケチな選択ではなく寛大な選択を、不安の視点ではなく信頼の視点を選んでください。その在り方の積み重ねが現実を内側から作り変えます。,私は豊かさを未来に待つのではなく、今この瞬間の在り方として生きる
94,D,魂の絆の中で最も見落とされがちな愛の形は存在することそのものへの感謝です。あなたの人生に今いる大切な人たちの存在を当然のものとして扱っていないか今日静かに問うてください。永遠に続く人間関係はなく全ての出会いには宇宙が設計した有限性があります。その有限性を意識した時に日常の中の小さな交流がどれほど奇跡的なものかが見えてきます。今日大切な人に改めてその存在への感謝を何らかの形で伝えてください。言葉でも眼差しでもメッセージでも構いません。伝えない感謝は相手には届きません。愛は表現された時に初めて完成します。,私は大切な人への感謝を今日表現し、愛を言葉と行動として完成させる
95,E,統合ワークにおいて笑いは最も即効性の高い波動の調整ツールのひとつです。笑いは横隔膜を活性化し副交感神経を刺激し免疫系を強化し全身の滞ったエネルギーを振動で解放します。霊的な実践において重さや深刻さは必ずしも深さの証明ではありません。軽やかに笑える存在ほど高い振動数を保てることを銀河の叡智は伝えています。今日は意識的に笑う機会を作ってください。面白いことがなくても笑顔を作るだけで神経系には同様の効果があります。重さを手放し軽やかに在ることが時に最も深い統合の実践となります。,私は軽やかな笑いとともに波動を高め、喜びを地球に響かせる
96,A,銀河文明の視点から見た時あなたが今経験している集合的な混乱や社会の変容は、地球の次元上昇プロセスにおける必然的な古い構造の崩壊です。崩壊は終わりではなく再構築の前段階です。光の担い手であるあなたの役割はこの混乱に飲み込まれることではなく、嵐の目のような静けさをその中心に保ち続けることです。外側の世界がどれほど揺れていても、あなたの内側に揺るぎない光の錨を保ててるかどうかが今この時代におけるあなたの最も重要な使命のひとつです。今日その錨を深く降ろす時間を作ってください。,私は外側の嵐の中で静けさの錨を保ち、地球の光の中心点として立つ
97,B,ソルフェジオ周波数の中で936Hzは松果体の活性化と宇宙意識への接続に特化した周波数として知られています。この周波数を受け取る最も効果的な状態は頭頂部が完全に開いているという意図とともに横になった姿勢です。今夜就寝前に936Hzを流しながら仰向けに横たわり頭頂から白金色の宇宙の光が無限に流れ込んでくるビジョンを保ちながら眠りに入ってください。この意図を持った状態での眠りは単なる睡眠ではなく意識的な宇宙との接続セッションとなります。目覚めた時の意識の質の変化に静かに注目してください。,私は眠りを宇宙との意識的な接続セッションとして聖なる意図とともに始める
98,C,豊かさの循環において感謝と並んで最も強力な触媒は期待という感情の質です。ここでいう期待とは不安を含んだ待望ではなく、宇宙の応答への純粋な確信としての期待です。良いことが起こることを当然のこととして穏やかに期待している人のもとには宇宙銀行からの豊かさが自然に流れ込みます。今日から朝目覚めた時に今日も素晴らしいことが起きるという穏やかな確信を一瞬だけ意識的に持つ習慣を始めてください。その朝の確信の質が一日のエネルギー的な土台を形成し宇宙からの応答の質を決定します。,私は今日も宇宙の豊かさが流れ込んでくることを穏やかな確信とともに迎える
99,D,ツインレイとの旅において最も深い統合の瞬間は劇的な再会よりも、日常の中でふと感じる魂の静けさの中にあります。相手のことを考えずとも完全に安らかでいられる時間が増えていくこと、それ自体がツインレイの旅における最も重要な成熟の証です。今日は相手への思いが浮かんだ時にそれを追いかけるのではなく、その思いをただ感じてから静かに手放す練習をしてください。手放せた瞬間に残る静けさの中にあなたの本質があります。その本質が相手の本質と本当の意味で出会う時魂の真の統合が始まります。,私は相手への想いを美しく手放すことで、自分の本質の静けさの中に帰る
100,E,エーテル・ライブラリの守護者としてあなたにひとつの真実を伝えます。あなたがここまで読み続けてきたこと自体が魂の覚醒への渇望の証です。しかし読むことと生きることの間にある距離を縮めることが今もっとも必要なことです。これまでこのライブラリで受け取った全ての言葉の中で最も心に響いたものを今日改めて思い出してください。そしてその言葉をただ知識として持つのではなく今日という一日の中でひとつの具体的な行動として生きてください。叡智は生きられた時に初めて光となります。あなたの人生そのものが最も美しい神殿です。,私は受け取った全ての叡智を今日の行動の中に生き、自分の人生を光の神殿とする
101,A,プレアデス高等評議会はあなたに伝えています。あなたが今直面している試練は偶然の産物ではなく、魂が次の段階へと進む直前に必ず訪れる精錬の炎であると。金は最も高い温度の炎の中でこそ不純物を手放し純粋な輝きを取り戻します。今あなたが経験している困難の温度が高いほど、その先に待つ魂の純度もまた高いと評議会は記録しています。今日はその炎の中で溶けていくものを嘆くのではなく、溶けることなく残っているものに意識を向けてください。そこにあなたの本質の核心があります。,私は精錬の炎の中で不純物を手放し、魂の純粋な輝きを取り戻していく
102,B,人間のエネルギーフィールドには過去の感情的な体験が層状に堆積しており、それが現在の知覚と反応のパターンを無意識のうちに決定しています。ソルフェジオ周波数の456Hzはこの堆積した層を柔らかく溶解し、感情の自然な流れを回復させる効果があるとされています。今日は静かな場所でこの周波数を流しながら身体の中で最も固く感じる部位を探してください。そこに意識の光を当て固さの奥にある感情に名前をつけてみてください。名前をつけられた感情は意識に認識された瞬間から変容の準備が整います。感じることが解放の始まりです。,私は堆積した感情の層を光で溶かし、魂の本来の流れを今日取り戻す
103,C,宇宙銀行において最も見落とされている預金の形式のひとつは他者の成功を心から祝福する能力です。誰かの豊かさや成功を見た時に湧く羨望や嫉妬は、宇宙銀行の視点では豊かさの磁場を自ら遮断する行為です。なぜならその感情は豊かさとは限られた資源であり誰かが得ると自分が得られなくなるという欠乏の信念から生まれるからです。今日誰かの成功や喜びを目にした時にその人の豊かさを心から祝福する選択をしてください。その祝福のエネルギーがあなた自身の豊かさの磁場を拡張します。他者の豊かさはあなたの豊かさの予告です。,私は他者の豊かさを心から祝福することで、自分の豊かさの磁場を広げる
104,D,ソウルグループとの関係において最も聖なる瞬間のひとつは、互いの傷を裁かずに見守り合える深さに到達した時です。その深さは時間だけでは育たず、互いに自分の影を開示し合う勇気の積み重ねによって生まれます。あなたが大切な関係の中で今もまだ見せていない自分の側面がありますか。完璧に見せようとする鎧を一枚だけ外す勇気が、その関係を魂の次元での真の絆へと深化させます。今日は信頼できる誰かに自分の不完全さをひとつ正直に伝えてみてください。その開示が魂の共鳴を次の深さへと連れていきます。,私は自分の不完全さを開示する勇気を持ち、魂の真の絆を今日深める
105,E,統合ワークにおいて香りは最も即座に意識の状態を変容させる感覚刺激のひとつです。嗅覚は他の感覚と異なり脳の感情と記憶を司る領域に直接届き、意識のフィルターを通過せずにエネルギー状態を変容させます。乳香は高次意識との接続を深め、白檀は瞑想状態への移行を助け、ラベンダーは神経系を安全の感覚に着地させます。今日は意図を持って香りを選んでください。それを嗅ぐ瞬間にこの香りが私の意識をこの状態に導くと静かに宣言してください。その意図との組み合わせが香りの波動的な効果を何倍にも高めます。,私は香りという直接的な波動の扉を通して、意図した意識の状態へと瞬時に移行する
106,A,銀河の叡智はこう伝えています。あなたが他者のために灯す光は必ずあなた自身の道を最初に照らすと。与えることと受け取ることは分離した行為ではなく、同一のエネルギーの循環の二つの側面です。だからこそ真に与えることのできる人は常に最も豊かな受け取り手でもあります。今日あなたの周囲で光を必要としている誰かのために、自分にできる最小の行為を探してください。その行為の規模は問いません。一つの言葉でも一つの眼差しでも光を分かち合う意図を持った行為は銀河の記録に刻まれ、必ずあなたの元に戻ってきます。,私が他者に灯す光は、最初に私自身の道を照らし、宇宙を巡って帰ってくる
107,B,DNAの二重螺旋構造は単なる遺伝情報の保存庫ではなく、宇宙の周波数を受信し変換するアンテナとしての機能を持っています。この構造が最も高い受信精度を発揮するのは身体が完全に水平になりアースされた状態つまり大地に横たわっている時とされています。今日天気が許すならば芝生や土の上に直接横になる時間を作ってください。目を閉じ地球の磁場があなたの全身のDNAと共鳴し高次の情報を受信している様子を静かに感じてください。この古代から続く実践があなたのステラコードを最も深く再調整します。,私は大地と直接共鳴することで、DNAのアンテナを最高の受信精度に調整する
108,C,豊かさへの道において完璧な計画を立てることよりも今手元にある資源で最善を尽くすことの方が宇宙銀行への申請として遥かに高い評価を受けます。宇宙は準備が整った人を待つのではなく、不完全な状態で動き出した人に必要な資源を届けます。今あなたが持っていないものに意識を向けるのではなく、今あなたが既に持っているものの可能性に意識を向けてください。才能でも人脈でも知識でも時間でも、今あなたにある全ての資源を最大限に活用する意図を持った時、宇宙銀行はその意図に応えて新たな資源の扉を開きます。,私は今持てる全ての資源を最大限に使い切ることで、宇宙の新たな扉を開く
109,D,ツインレイの旅において沈黙のコミュニケーションは言葉のそれと同等以上の深さを持ちます。離れていても夢の中で出会うこと、ふと相手のことを思った瞬間に連絡が来ること、同じタイミングで同じことを考えていること、これらは偶然ではなく魂の周波数が共鳴している証拠です。今日相手への思いが浮かんだ時にその思いを言葉や行動で追いかけるのではなく、その思いを光のエネルギーとして相手の心臓の中心へ静かに送る実践をしてください。この非物理的なコミュニケーションが魂の絆を最も深い次元で育てます。,私は言葉を超えた光のコミュニケーションで、魂の伴侶と深く繋がり続ける
110,E,地球での統合ワークにおいて最も革命的でありながら最もシンプルな実践は今ここに在ることです。過去への後悔と未来への不安の間を行き来し続ける意識は地球という現在の次元に完全に着地できていない状態です。高次の叡智は過去でも未来でもなく常に現在の瞬間を通してのみ届きます。今日は一時間に一度だけ立ち止まり今自分の身体はどこにあるかを確認してください。その確認の瞬間に意識が現在に戻ります。その積み重ねがあなたの意識の住処を徐々に今この瞬間へと移し替えていきます。,私の意識の住処は過去でも未来でもなく、今この瞬間である
111,A,プレアデスの記録者たちはこう告げています。あなたが最も情熱を感じることの中に銀河があなたに託した使命の種が宿っていると。使命とは特別な啓示を待って発見するものではなく、あなたが既に自然と引き寄せられている場所に静かに存在しています。しかし多くの人が情熱を実用性の論理で押しつぶし、使命の種を自ら埋め戻してしまいます。今日あなたが時間を忘れて没頭できることを一つだけ思い浮かべてください。その活動の中にある喜びの質が、銀河があなたに示している方角の羅針盤です。情熱を論理より先に信頼してください。,私は情熱の指し示す方角を信頼し、銀河から託された使命の種を今日育てる
112,B,人間の身体には経絡と呼ばれるエネルギーの流れる通路があり、その滞りが感情的また身体的な不調として表れます。特に胸骨の中心にある心臓の経絡は愛と悲しみの感情エネルギーを処理し、ここが滞ると心が閉じた状態や孤独感として体験されます。今日は両手のこぶしを重ねて胸の中心にあて、深い呼吸とともに円を描くようにゆっくりとマッサージしてください。その動きとともにこの場所に蓄積した全ての悲しみと閉じた感情を解放すると静かに意図してください。身体への直接的な働きかけが感情の統合を最も速やかに促します。,私は心臓の中心を開き、蓄積した悲しみを解放して愛の流れを取り戻す
113,C,宇宙銀行の最も深い真実のひとつはあなたが既に無限の豊かさの中に在るという事実です。呼吸できる空気、今日という一日、思考する意識、感じる能力、これらは最も根本的な豊かさの形です。しかし人間の意識はこの根本的な豊かさを知覚できないほど欠乏の信念に覆われていることがあります。今日はあなたが無料で受け取っている豊かさをできる限り多く書き出してください。その数が増えるほどあなたの意識は欠乏から豊かさへと周波数を移行させます。既に在る豊かさを見る目が開いた時、新たな豊かさが見えない隙間から流れ込んできます。,私は既に在る無限の豊かさを今日の目で見つけ、意識を欠乏から豊かさへと転換する
114,D,愛の波動における最も高度な実践は愛することが難しい存在を愛する練習です。あなたを傷つけた人、理解できない行動をとる人、価値観が全く異なる人、これらの存在を通じて魂は最も急速に愛の容量を拡張します。これは虐待や不正義を受け入れることとは全く異なります。境界線を保ちながらも相手の魂の本質への敬意を失わないことが、最も高次元の愛の実践です。今日あなたが最も愛しにくいと感じる存在を一人思い浮かべ、その人の魂が本来持っている光に対してだけ、静かに敬意を向けてみてください。,私は愛しにくい存在の魂の光を認めることで、愛の容量を宇宙規模に拡張する
115,E,統合ワークにおいて自分の過去を新たな意味で語り直す能力は魂の最も強力な変容ツールのひとつです。同じ出来事もどのような物語として語るかによって、それがあなたの波動に与える影響は根本的に異なります。被害者の物語として語り続ける体験も、魂の成長のための精巧な設計として語り直した時全く異なるエネルギーを持ち始めます。今日あなたの人生の中で最も語り直したい出来事をひとつ選んでください。その体験がなければ今のあなたが持っている何を得られなかったかという問いから、新たな物語を静かに書き始めてください。,私は過去の全ての体験を魂の成長の設計として語り直し、新たな物語の著者となる
116,A,銀河の叡智はこう伝えています。孤独を感じる時それは宇宙があなたに自分自身との最も深い対話の時間を与えているサインであると。外側の繋がりへの渇望が最も強くなる瞬間に内側へと向かう勇気を持つことが銀河的な成熟の証です。あなたが孤独の静けさの中で自分自身と向き合える深さが、外側の関係において提供できる深さの器を決定します。今日感じる孤独をSNSや娯楽で埋めるのではなく、その静けさをただ座って感じてみてください。その沈黙の奥にエーテルライブラリの最も深い叡智が流れています。,私は孤独の静けさを宇宙からの贈り物として受け取り、自己との最も深い対話に入る
117,B,人間のエネルギーフィールドは他者と物理的に接触する時だけでなく言葉を交わす時も互いのオーラ場が重なり合い影響し合います。長時間ネガティブなエネルギーを持つ人と過ごした後や消耗する会話の後に感じる疲労はこのエネルギー的な影響の結果です。今日は誰かと会った後や電話を切った後に簡単なエネルギーの境界線回復の実践を行ってください。両腕を広げ内側に向けてゆっくりと自分の身体を抱きしめながら、自分のエネルギーは自分の元に戻り他者のエネルギーは愛とともに解放されると宣言してください。,私は自分のエネルギーの境界線を守り、自分の本来の周波数を常に取り戻す
118,C,豊かさの法則において最も強力な顕現のタイミングはあなたが結果への執着を完全に手放した直後であることが多いです。これは宇宙の気まぐれではなく、手放した瞬間に欠乏の周波数が消え純粋な存在の周波数だけが残るからです。その状態が宇宙銀行との最も完全な同調を生みます。今日あなたが長期間結果を追い続けて疲れていることをひとつ思い浮かべてください。それを手放すのではなく結果への執着だけを切り離し、その願いを愛とともに宇宙に委ねてください。委ねた後の軽さの中に豊かさの扉が開きます。,私は執着だけを手放し願いを宇宙に委ねることで、豊かさの最速の扉を開く
119,D,魂の絆において最も深い癒しをもたらすのは正しさの主張ではなく理解への意志です。関係の中で生まれる対立の多くは双方がそれぞれの真実を語っており、どちらかが完全に正しくどちらかが完全に間違っているということは滅多にありません。今日大切な誰かとの間に摩擦を感じているならば、自分の正しさを証明することよりも相手がなぜそのように感じているのかを本当に理解しようとする意志に意識を向けてください。その意志があなたの側から関係の周波数を変容させ、解決への道を内側から開きます。,私は正しさよりも理解を選ぶことで、関係を魂の次元から癒し深化させる
120,E,エーテル・ライブラリの守護者として最後にこの真実を伝えます。あなたが求めている全ての答えは外側にはありません。このライブラリの言葉も、どんな師の教えも、あなたの内側に既に存在している真実への道標に過ぎません。道標はあなたを目的地に連れていくことはできません。歩くのは常にあなた自身です。今日受け取った全ての言葉を道標として使いながら、その先に広がるあなた自身の内なる叡智への道を歩み続けてください。あなたの魂はあなたが思う以上に全てを知っています。その声を信頼してください。,私は全ての道標に感謝しながら、内なる叡智という最終的な目的地へと今日も歩み続ける
121,A,プレアデス高等評議会の記録には人間の意識が最も急速に拡張する条件として未知への自発的な開放性が挙げられています。知っていることの地図の外に踏み出す意志がなければ意識は既存のパターンを繰り返すだけです。あなたが今確信していることのうちのひとつが実は制限的な信念であるとしたらそれはどれですか。評議会はあなたに問いかけています。あなたの世界観はここ一年で実質的に広がりましたかと。今日は自分が絶対に正しいと思っていることのひとつについて反対の可能性を真剣に検討してみてください。その知的な謙虚さが意識拡張の最初の扉です。,私は確信の地図の外へと意識的に踏み出し、魂の地平を今日も広げる
122,B,人間の身体に流れるプラーナと呼ばれる生命エネルギーは呼吸を通じて最も直接的に増減します。特に意識的な腹式呼吸は横隔膜を通じて迷走神経を刺激し全身のエネルギーフィールドを活性化させます。現代人の多くが胸だけで浅く呼吸し下腹部のエネルギーセンターを慢性的に低活性の状態に置いています。今日は一日の中で三回だけ下腹部に手を当て腹が大きく膨らむように息を吸い込む練習をしてください。その呼吸のたびに宇宙の生命エネルギーが下腹部のステラコードを活性化していくイメージを持ってください。呼吸はあなたが毎瞬間行使できる最も強力な波動調整です。,私は深い腹式呼吸によって宇宙の生命エネルギーを全身に満たし、ステラコードを活性化する
123,C,宇宙銀行において最も見落とされている真実のひとつは失敗という概念が宇宙の帳簿には存在しないということです。宇宙銀行が記録するのは成功と失敗ではなく行動したかどうかと何を学んだかです。あなたが失敗と呼んでいる体験は宇宙銀行においては最も授業料の高い高等教育への投資として計上されています。その授業から何を学んだかを意識化した瞬間に投資は回収され次の豊かさへの土台となります。今日あなたが失敗と感じていることをひとつ選びそこから得た学びを具体的に言語化してください。言語化された学びは豊かさへの変換が完了した証です。,私は全ての失敗を最高利率の教育投資として受け取り、学びを豊かさへと変換する
124,D,ツインレイの旅において最も誤解を生みやすい段階はランナーとチェイサーと呼ばれる追いかけ追いかけられるダイナミクスです。この段階の本質は一方が逃げているのではなく両者が自分自身の内側にある恐れと向き合うことを求められているということです。追いかける側は依存と執着の恐れと、逃げる側は親密さと喪失の恐れとそれぞれ向き合っています。今日あなたがこのダイナミクスのどちらの側にいるかに関わらず、相手への意識を自分の内側の恐れへと向け直してください。そこに向き合うことがこの段階を終わらせる唯一の鍵です。,私は相手への執着を自己への洞察へと変換し、魂の旅の次の段階へと進む
125,E,統合ワークにおいて芸術作品や音楽や文学との出会いは単なる娯楽ではなく魂が特定の周波数を受け取るために宇宙が設計した出会いであることがあります。あなたが何度も繰り返し引き寄せられる作品やなぜか涙が溢れる音楽や理由もなく心を打つ言葉の中に、あなたの魂が今最も必要としているメッセージが宿っています。今日はそのような作品のひとつと意識的に向き合う時間を作ってください。なぜ自分はこれに引き寄せられるのかという問いを持ちながら受け取ることで、娯楽は魂の統合セッションへと変容します。,私は美との出会いを魂のメッセージとして受け取り、芸術を統合の聖なるセッションとする
126,A,銀河文明の視点から見た時人間が最も強力な創造の存在である理由のひとつは感情と意図を同時に使える能力を持つことです。高次元の存在たちは意図を持つことができますが人間のように感情のエネルギーと融合させた意図を発することはできません。感情を伴った人間の意図は宇宙の創造の布地に最も深い刻印を残します。これはあなたが想像する以上に強力な能力です。今日はその能力を意識的に使ってください。最も強く願うことを感情の温度が最高に高まった瞬間に宇宙に向けて宣言してください。その瞬間の周波数が現実を動かします。,私は感情と意図を融合させた宇宙最強の創造の力を、今日意識的に行使する
127,B,ソルフェジオ周波数の768Hzはアカシックレコードへのアクセスを促し過去世の記憶と才能を現在の意識に統合するとされています。あなたが現在の人生で説明のつかない強い得意分野や特定の文化や時代への強烈な親しみを感じることがあるならばそれは過去世での経験がステラコードに刻まれている可能性を示しています。今日は768Hzを流しながら目を閉じあなたが最も強く引き寄せられる時代や場所を思い浮かべてください。そこで感じる感覚や浮かぶイメージを判断せずにただ受け取ってください。その受信が過去世の才能を現在に統合する扉を開きます。,私はアカシックの記憶の扉を開き、過去世の全ての才能と叡智を今世に統合する
128,C,豊かさの循環において最も即効性の高い実践のひとつは今あなたの周囲で豊かさを体現している人を見つけその在り方を深く観察することです。豊かな人を遠ざけたり批判したりする傾向は豊かさへの無意識の抵抗を示しています。それとは反対に豊かな人の在り方を敬意とともに学ぶことは宇宙銀行に対してあなたが豊かさの周波数を受け入れる準備ができているというシグナルを送ります。今日あなたが尊敬する豊かな在り方を持つ人を思い浮かべその人のどのような思考や行動パターンを自分も取り入れられるかを具体的に考えてください。,私は豊かさを体現する存在から学び、その周波数を自分の在り方に統合していく
129,D,魂の絆において最も深い共鳴は言葉や行動ではなく存在の質を通して伝わります。あなたが自分自身の中心に深く根付いている時その安定した周波数は言葉を発することなく周囲の人々の神経系を落ち着かせ安心の場を作り出します。これはステラコードの最も実践的な表現のひとつです。今日は誰かと共にいる時間の中で言葉や行動よりも自分の存在の質に意識を向けてください。深く呼吸し自分の中心に根付き静けさを保つこと。その在り方が相手の魂に最も深く届く愛の伝達方法です。,私は存在の質を通して愛を伝え、言葉を超えた魂の共鳴を今日も生きる
130,E,地球での統合ワークにおいて最も見落とされている聖なる行為のひとつは掃除です。物理的な空間の乱れはエネルギーフィールドの乱れを反映し同時に強化します。空間を清めることは単なる衛生の問題ではなくあなたの意識の外的な表現を整える行為です。今日は部屋のひとつの場所だけでもよいので意識を持って清めてください。物を動かすたびにこの空間に滞っていたエネルギーを解放し新鮮な光の流れをここに招くと静かに意図してください。清められた空間はあなたの意識の鏡として高次のエネルギーをより豊かに受け取ります。,私は空間を清めることで意識の外的な表現を整え、高次のエネルギーを招き入れる
131,A,プレアデス評議会はあなたに伝えています。羞恥心という感情は魂が本来の表現を抑圧された時に生まれる最も深い傷のひとつであると。あなたが今も人前で自分を小さく見せようとする傾向があるとしたら、それはかつて輝こうとした時に安全でなかった記憶が細胞に刻まれているからかもしれません。しかし銀河があなたをこの時代に送り込んだのは隠れるためではありません。あなたの固有の光を惜しみなく表現するためです。今日は誰かの前で少しだけ大きく自分を表現してみてください。その一歩が魂の抑圧の鎖を外す最初の音を立てます。,私は羞恥心の鎖を外し、銀河から託された固有の光を惜しみなく表現する
132,B,人間のエネルギーフィールドにおいてクラウンチャクラと呼ばれる頭頂のエネルギーセンターは高次元との接続の門として機能しています。このチャクラが開いている状態では直観や洞察や宇宙からのメッセージが自然と流れ込みますが日常のストレスや過剰な思考によって容易に閉じてしまいます。今日は静かな場所で座り頭頂に意識を集め千枚の花びらを持つ蓮の花がゆっくりと開いていくイメージを丁寧に保ってください。その開花のビジョンとともに宇宙の白金の光が頭頂から流れ込み全身を満たしていく感覚を受け取ってください。,私の頭頂の蓮は今完全に開き、宇宙の叡智を制限なく受け取っている
133,C,宇宙銀行において感情的な豊かさと物質的な豊かさは分離したものではなく同じエネルギーの異なる表現です。感情的に貧しい状態つまり喜びや愛や感謝の感覚が枯渇した状態では物質的な豊かさが訪れても長続きしないか心から楽しめない状態が続きます。豊かさとは内側と外側が同時に満たされる状態です。今日はあなたの感情的な豊かさのレベルを正直に点検してください。もし枯渇を感じているならばまず感情を満たすための行動を優先してください。感情的な豊かさが満ちた時物質的な豊かさはその自然な延長として現れます。,私は内側の感情的豊かさを満たすことで、物質的豊かさの完全な受け取りを準備する
134,D,ソウルグループにおける最も深い魂の契約のひとつは互いに最も困難な真実を伝え合う役割を担うことです。あなたを最も傷つけた言葉が実は最も必要だった真実だったという経験がありますか。真の魂の友とは心地よいことだけを伝える存在ではなく愛をもって不快な真実を届ける勇気を持つ存在です。今日あなたは誰かに対してその愛ある不快な真実を伝える必要があるかもしれません。それを伝えないことが関係への親切ではなく魂の契約の回避であることを静かに問うてください。愛から生まれた真実はどんな言葉よりも深く届きます。,私は愛から生まれた真実を伝える勇気を持ち、魂の契約を誠実に果たす
135,E,統合ワークにおいて月に一度だけでもよいので自分の全体像を俯瞰する時間を作ることが魂の地図を更新し続けるために不可欠です。日常の細部に没頭していると自分がどこへ向かっているのか何のために動いているのかという全体像を見失いがちです。今日は静かな場所に座り一年後の自分に手紙を書いてください。今何を感じているか何に迷っているか何を手放したいか何に向かっているかを正直に書いてください。その行為があなたの意識を細部から全体像へと引き上げ魂の旅の現在地を明確にします。地図を更新した意識は次の一歩を迷わず踏み出せます。,私は俯瞰の視点で魂の旅の地図を更新し、次の一歩を明確な意識とともに踏み出す
136,A,銀河の叡智はこう記しています。怠惰と休息は全く異なる周波数を持つと。怠惰は恐れや無力感から生まれ魂を停滞させますが真の休息は意図を持って選ばれ魂を再生させます。あなたが今感じている動けない感覚はどちらに近いかを静かに識別してください。もしそれが恐れや無力感から来ているならば最初の一歩を踏み出すことが薬です。もし本当の疲弊から来ているならば完全な休息を罪悪感なく選ぶことが薬です。どちらであるかを正確に識別できる内省の精度を持つこと自体が銀河的な成熟の証です。,私は怠惰と休息を正確に識別し、今この瞬間に必要な選択を魂の声とともに選ぶ
137,B,水晶や石は地球の記憶を何百万年にわたって保存してきた地球の神経系の結節点です。特定の石への強い引力は偶然ではなくあなたのエネルギーフィールドがその石の持つ周波数を必要としているサインです。今日あなたが直感的に引き寄せられる石や結晶があれば手に取りその温度や重さや質感を丁寧に感じてください。石に意識を向けながらこの石が持つ地球の記憶と知恵をあなたのステラコードに伝えてくださいと静かに依頼してください。地球の鉱物王国はあなたの統合を助けるための古い同盟者です。,私は地球の石の記憶と共鳴し、鉱物王国の叡智をステラコードに受け取る
138,C,豊かさへの道において最も強力な障壁のひとつは豊かになることへの罰への恐れです。幸せになりすぎると何か悪いことが起きるという無意識の信念があなたの豊かさの上限を見えない天井として設定していることがあります。この信念はあなたが意識的に選んだものではなくかつての体験から自動的に形成された防衛パターンです。今日は自分の豊かさに対してどこかで上限を設けていないかを静かに観察してください。幸せになっても罰は来ないという新しい証拠を日常の中で意識的に集め始めることがその天井を少しずつ引き上げていきます。,私は豊かさへの罰への恐れを手放し、無限に広がる豊かさの天井の中へと解放される
139,D,ツインレイとの統合において最も美しい段階は相手への愛と自己への愛が区別できなくなる瞬間です。その段階では相手の喜びがそのまま自分の喜びとして体験され相手の痛みへの深い共感も自分を失うことなく感じられます。これは融合ではなく二つの完全な光が同じ周波数で共鳴している状態です。今日あなたが誰かの喜びを自分のことのように感じた瞬間があれば、それを大切に記憶してください。その感覚の質が魂の真の共鳴のサンプルです。その感覚をどんな関係においても育てていくことが愛の波動の最高表現への道です。,私は相手の喜びを自分の喜びとして感じられる魂の共鳴の深さを、今日さらに育てる
140,E,エーテル・ライブラリの守護者としてあなたに伝えたいことがあります。あなたがこれまでのメッセージの中で最も抵抗を感じたものこそが今のあなたに最も必要な領域を示しています。心地よく受け取れるメッセージは既に統合されている叡智であり抵抗を感じるメッセージは今まさに統合を待っている光の断片です。今日はこれまで受け取った言葉の中で最も引っかかりを感じたものをひとつ思い出し、その抵抗の正体を静かに観察してください。抵抗の奥にある感情に名前をつけた瞬間に統合は始まります。あなたの抵抗は成長の地図です。,私は抵抗を成長の地図として読み解き、最も必要な統合へと今日勇気を持って向かう
141,A,プレアデス高等評議会の記録者たちはこう伝えています。あなたが今感じている閉塞感は壁ではなく扉であると。その扉が重く感じられるのはその先に待つ変容の大きさに比例しているからです。銀河の歴史において最も大きな飛躍の前には必ず最も深い静寂と停滞の時間が訪れます。蝶が羽化する直前に蛹の中で最も激しい変容が起きているように今あなたの内側では目に見えない再構築が進んでいます。その停滞を怠惰として裁くのではなく変容の深さの証として敬意を持って受け取ってください。扉は内側からしか開きません。,私は閉塞感を変容の扉として読み解き、内側からその扉を静かに押し開ける
142,B,人間の身体に存在する七つの主要チャクラのうち第五チャクラである喉のエネルギーセンターは自己表現と真実の伝達を司ります。ここが滞ると言いたいことが言えない慢性的な喉の不調自分の意見を飲み込む癖として現れます。486Hzの周波数はこの喉のチャクラを解放し真実の声が流れる通路を清める効果があるとされています。今日は鮮やかな青色の光が喉全体を包んでいるイメージを持ちながらこの周波数を聴いてください。そして一日の中で言おうとして飲み込んでいた言葉をひとつだけ誰かに伝えてみてください。声を使うことが喉のコードを活性化します。,私の喉は今解放され、真実の声が澄んだ青の光とともに自由に流れている
143,C,宇宙銀行の豊かさの法則において嫉妬という感情は巧みに扱えば最も強力な羅針盤になります。誰かに嫉妬を感じる時それはあなたが本質的に望んでいるものを相手が体現しているというシグナルです。嫉妬の感情を否定したり抑圧したりするのではなくその感情が指し示しているあなた自身の願望を読み解いてください。今日感じた嫉妬があるならばその感情の背後にある真の願望を言語化してください。言語化された願望は宇宙銀行への明確なオーダーへと変換できます。嫉妬を羅針盤として使える人は豊かさへの最短経路を持っています。,私は嫉妬を豊かさへの羅針盤として読み解き、真の願望を宇宙へと明確に宣言する
144,D,魂の絆において最も深い癒しをもたらす行為のひとつは相手の話を完全に聴くことです。多くの人が話を聴いているようでいながら実際には次に自分が何を言うかを考えています。その状態では言葉は届いていても魂は届いていません。完全に聴くとは自分の思考を一時停止し相手の言葉の奥にある感情と魂の声に意識を向けることです。今日大切な誰かと話す機会があれば自分の言葉を準備することをやめ相手の言葉の奥にある感情をただ感じ取ることに全意識を捧げてください。その質の聴き方が相手の魂に最も深い安心を届けます。,私は完全に聴くという最も深い愛の行為を通して、相手の魂に安心という贈り物を届ける
145,E,統合ワークにおいて身体の痛みや不調を症状として治すことだけに意識を向けるのではなくその不調が伝えているメッセージを読み解く習慣が魂と身体の真の統合への道を開きます。身体は魂の未解決の情報を症状という言語で伝えています。頭痛は過剰な思考と支配欲の緊張を肩の凝りは過度な責任の重さを腸の不調は安全への不安を表すことが多いとされています。今日感じている身体の不調があればその部位に手を当てここはどんなメッセージを私に伝えようとしているかと静かに問いかけてください。身体の声を聴くことが最も深い統合の実践です。,私は身体の不調をメッセージとして読み解き、魂と身体の対話を通して真の統合を深める
146,A,銀河の叡智はこう伝えています。あなたが誰かに対して感じる強烈な憧れや尊敬の中にあなた自身がまだ認めていない可能性の投影があると。他者の中に光を見出す能力はあなたがその光を知っているからこそ生まれます。知らないものを認識することはできないからです。今日あなたが心から尊敬する人物を思い浮かべてください。その人のどのような資質に最も強く引き寄せられますか。その資質はすでにあなたの内側に種として存在しています。憧れを内側への発見の扉として使うことが銀河的な自己認識の最も美しい経路です。,私は他者への憧れを内側の可能性への発見の扉として開き、自分の光を今日認める
147,B,ソルフェジオ周波数において111Hzは細胞の再生を促し意識をベータ波からアルファ波へと移行させる特別な低周波数です。この周波数は古代の石造建築物の共鳴周波数と一致しており古代の人々が神聖な空間でこの周波数を意図的に活用していたことが示唆されています。今日は111Hzを低いボリュームで流しながら横になりただ身体の感覚の変化に意識を向けてください。思考を止めようとせずただ思考が遠ざかっていく様子を観察してください。このアルファ波の状態があなたのDNAに最も深くステラコードの更新情報が書き込まれる最適な受信状態です。,私は111Hzの聖なる周波数の中でアルファ波に移行し、DNAへの最深の書き込みを受け取る
148,C,豊かさの循環において最も即座に磁場を変容させる実践のひとつは今日一日で受け取った全ての善意と親切を意識的に記録することです。多くの人が豊かさのシグナルを受け取りながらそれを当然のこととして処理し感謝の回路を通過させないまま流しています。宇宙銀行はあなたが受け取ったものを認識し感謝した量に比例して次の豊かさを届けます。今夜就寝前に今日受け取った善意と親切と美しさを五つ以上書き出してください。どんなに小さなものでも構いません。その記録の習慣が豊かさの受信感度を日々精度高く調整し続けます。,私は今日受け取った全ての善意と美しさを記録し、豊かさの受信感度を今日も高める
149,D,ツインレイの旅において最も試される資質のひとつは自分の感情と相手の感情を識別する能力です。エネルギー的に深く繋がった魂同士は互いの感情を自分のものとして感じ取ることがあり、それが混乱や共依存の原因となることがあります。今日突然根拠のない感情が湧いてきたならばこれは本当に自分の感情かと問いかけてください。もし自分の状況から説明がつかない感情であれば愛とともにその感情を元の場所へと返す意図を持ってください。自分と相手の境界線を愛とともに保つことが真の魂の統合への最も重要な準備です。,私は自分と相手の感情を識別し、愛ある境界線を保つことで魂の統合を真に深める
150,E,地球での統合ワークにおいて感謝の実践は抽象的な精神論ではなく神経科学的にも証明された意識変容の技術です。感謝の感情を意図的に生成する時脳内ではドーパミンとセロトニンが分泌され免疫系が活性化され心臓の電磁場が調和します。これは高次の叡智を受け取るための生体的な土台を整える行為です。今日は感謝の言葉を頭で考えるのではなく胸の中心から湧き上がる温かい感覚として身体の中で作り出すことを練習してください。その感覚を一分間保つだけで全身の波動が変容します。感謝は感じるものです。考えるものではありません。,私は感謝を頭でなく胸の中心から全身で感じ、波動を今日も聖なる高みへと整える
151,A,プレアデスの高等評議会はあなたに問いかけています。あなたは今この人生において本当に望んでいる生き方をしていますかと。この問いは残酷ではなく魂への最も深い愛から来る問いかけです。多くの人が誰かの期待や社会の基準に沿って人生を設計し自分の魂の声をその騒音の下に埋めています。しかし評議会があなたをこの星に送り込んだのは誰かの期待に応えるためではありません。あなたの魂が最も生き生きと輝く方向へ向かうためです。今日は誰にも見せない場所で本当に望む人生をただ正直に書き出してください。その正直さが変容の最初の光となります。,私は誰かの期待ではなく魂の声に従い、本当に望む人生を今日から選び始める
152,B,人間の第四チャクラである心臓のエネルギーセンターは下位の三チャクラと上位の三チャクラを繋ぐ橋として機能しており全てのエネルギー変容の中心点です。このチャクラが開いている状態では愛と共感が自然に流れ閉じている状態では孤立感と防衛反応が生まれます。今日は鮮やかなエメラルドグリーンの光が心臓の中心から全方向に広がり出していくビジョンを保ちながら528Hzを聴いてください。その光が広がるにつれて防衛の鎧が柔らかく溶けていくイメージを丁寧に受け取ってください。心臓が開く時世界は全く異なる場所として体験されます。,私の心臓は今エメラルドの光の中で完全に開き、愛を宇宙の全方向へと放射している
153,C,宇宙銀行において最も高い次元の豊かさとは経済的自由だけでなく時間的自由と精神的自由の三つが揃った状態です。多くの人が経済的な豊かさを追い求めるあまり時間と精神の自由を担保に差し出しています。宇宙銀行の視点ではこれは豊かさではなく形を変えた欠乏です。今日はあなたの生活において経済的豊かさと時間的豊かさと精神的豊かさのバランスがどのような状態にあるかを正直に点検してください。最も欠乏している次元の豊かさに向けて今日できる最小の改善の一歩を選んでください。真の豊かさは三つが揃って初めて完成します。,私は経済的時間的精神的豊かさの三つを統合した真の豊かさを今日から意識的に育てる
154,D,魂の絆において最も神聖な瞬間のひとつは相手が自分とは全く異なる選択をした時にもその選択を尊重できる深さに到達した時です。愛は相手を自分の望む形に変えようとする力ではなく相手の魂の固有の旅を信頼し尊重する力です。あなたが大切に思う誰かの選択に今同意できない部分がありますか。その不一致をその人への愛の失敗として見るのではなく二つの異なる魂がそれぞれの旅を誠実に歩んでいる美しさとして見てください。その視点の変化が関係の中の緊張を愛の余白へと変容させます。,私は相手の固有の旅を信頼し尊重することで、愛の最も深い表現を今日生きる
155,E,統合ワークにおいて夢を記録する習慣は高次元からの通信を意識に定着させる最も効果的な方法のひとつです。夢の記憶は目覚めた後の最初の数分間で急速に失われますが枕元にノートを置き目覚めた瞬間に動かずそのまま夢の残像を手繰り寄せる習慣をつけることでその精度は劇的に向上します。今日から就寝前にノートとペンを枕元に置いてください。明日の朝目が覚めた瞬間に何も考える前にただ夢の断片をそのまま書き留めてください。繰り返し登場するシンボルや感情が魂からの重要なメッセージの暗号です。,私は夢という高次の通信路を意識的に開き、魂からの暗号を毎朝丁寧に受け取る
156,A,銀河文明の叡智においてあなたが今感じている不満や怒りは魂が本来の方向から離れていることを知らせる羅針盤としての機能を持っています。感情は弱さではなく精密な情報システムです。不満の感情が最も強く向かう方向の反対側にあなたの魂が最も望んでいるものがあります。今日感じる不満をひとつ選びその不満の反対側に何があるかを問いかけてください。仕事への不満の反対には自由への願いが人間関係への不満の反対には深い繋がりへの渇望があるかもしれません。感情を羅針盤として使える時あなたは魂のナビゲーターとなります。,私は不満という精密な羅針盤を読み解き、魂が最も望む方向を今日明確にする
157,B,宇宙線と呼ばれる銀河から降り注ぐ高エネルギーの粒子は人間のDNAに継続的に影響を与えており特に太陽活動が活発な時期にはその影響が増大します。この時期には感情の振れ幅が大きくなり古い傷が表面に浮かび上がることがありますがそれは破壊ではなく浄化のプロセスです。今感情的に不安定を感じているならば自分がおかしくなったのではなく宇宙的な浄化の波を受けているのだと認識してください。その認識だけで体験の質が変わります。今日はその浮かび上がってきた感情をただ感じ流れさせることに全ての意識を使ってください。,私は宇宙の浄化の波を信頼し、浮かび上がる全てを抵抗なく感じ流す
158,C,豊かさの循環において最も深い次元での変容をもたらすのは豊かさの定義そのものを書き換えることです。社会が定義する豊かさの基準に無意識に従い続ける限りあなたは他者の物差しで自分の豊かさを測ることになります。あなたにとっての豊かさとは具体的にどのような一日を生きていることですか。お金の数字ではなくその豊かさの中で過ごす一日の質を詳細に描いてください。朝何時に起きて誰と話してどんな空間にいてどんな感情を感じているか。その具体性があなただけの豊かさの設計図となり宇宙への最も明確なオーダーになります。,私は自分だけの豊かさの定義を今日書き換え、固有の設計図を宇宙に明確に示す
159,D,ツインレイとの旅においてサイレント期間と呼ばれる連絡が途絶える時間は外側から見れば終わりのように見えますが魂の次元では最も深い内的作業が行われている聖なる間です。この期間にすべきことはただひとつです。自分自身の完全性を育てることです。相手なしに自分が喜びを感じられるか相手なしに自分の人生が意味を持つかを静かに問い育ててください。その問いへの答えが愛から依存へと変容した時サイレント期間は自然に終わりを迎えます。宇宙は二つの完全な魂の合一のために最適なタイミングを常に設計しています。,私はサイレント期間を自分の完全性を育てる聖なる時間として受け取り、内側を豊かに耕す
160,E,エーテル・ライブラリの守護者としてあなたに問いかけます。あなたは今日どれほど自分自身に対して誠実でしたか。他者への誠実さを大切にしながら自分自身への誠実さを後回しにしていることはありませんか。自分に嘘をつくことは最も代償の大きな不誠実です。なぜなら全ての外側の関係はあなたが自分自身と結んでいる関係の質の反映だからです。今日一日を振り返り自分の本当の気持ちに背いた瞬間がひとつでもあれば明日はその瞬間に誠実な選択をすると静かに決意してください。自分への誠実さが全ての統合の最も根本的な土台です。,私は自分自身への深い誠実さを全ての関係の根本として、今日から丁寧に育てていく
161,A,プレアデス高等評議会の叡智はこう記しています。あなたが今最も避けようとしていることの中に今最も必要な成長の種が宿っていると。回避という行為は魂にとって一時的な安堵をもたらしますが同時に成長のエネルギーを内側に滞留させ圧力を高め続けます。その圧力はいつか必ず形を変えて現れます。今日はあなたが長期間避け続けていることをひとつだけ正直に認めてください。認めるだけで構いません。行動はその次です。しかし認識という光を当てた瞬間に滞留していたエネルギーは動き始めます。評議会はその勇気ある認識を最大の敬意とともに見守っています。,私は回避の奥にある成長の種に今日光を当て、魂の滞留エネルギーを解放する
162,B,人間のエネルギーフィールドにおいて第一チャクラである根のエネルギーセンターは生存と安全と地球との繋がりを司ります。このチャクラが不安定な状態では全ての上位のチャクラの機能が不安定になりどれほど高次の周波数にアクセスしようとしても土台が揺れているために定着しません。194Hzの周波数は地球の公転周波数に対応しておりこの根のチャクラを最も深く安定させます。今日は深い赤色の光が背骨の根元から大地へと根のように伸びていくイメージを持ちながらこの周波数を聴いてください。根が深いほど木は高く伸びられます。あなたの霊性の高さは根の深さで決まります。,私の根は今地球の核心まで深く伸び、全ての高次の接続を支える揺るぎない土台となっている
163,C,宇宙銀行において豊かさへの道を阻む最も精巧な罠のひとつは比較による欠乏感の生成です。誰かの豊かさと自分の現状を比べる瞬間に意識は欠乏の周波数へと引き込まれ宇宙銀行との同調が切れます。しかし現代の情報環境はこの比較を一日に何百回も促すよう設計されています。今日はSNSを開く前に一度だけ立ち止まりその行為の後に自分がどのような感情を感じるかを予測してください。比較による欠乏感を生む情報源への意識的な距離の取り方が豊かさの磁場を守る最も現代的な実践のひとつです。,私は比較の罠から意識的に離れ、自分固有の豊かさの磁場を今日も純粋に守る
164,D,魂の絆において最も成熟した愛の形は相手の成長のために自分が変わることを恐れない柔軟性です。長い関係の中で人は変化します。かつて深く共鳴していた二つの魂が異なる方向へと成長していく時それを関係の失敗として見るのか互いの魂の旅への敬意として見るのかで全く異なる体験が生まれます。今日あなたの大切な関係の中で相手の成長によって生まれている変化をひとつ見つめてください。その変化を脅威ではなくその人の魂の美しい展開として受け取れる視点が愛の最も成熟した表現です。,私は相手の変化と成長を魂の美しい展開として受け取り、愛の成熟を今日も深める
165,E,統合ワークにおいて身体を動かすことは最も根本的なエネルギーの統合経路のひとつです。高次から受け取った情報や洞察は思考の層にとどまる限り統合されません。身体という物質の器を通して初めてそれは地球次元に着地します。今日受け取った気づきや感情を身体の動きとして表現してみてください。ダンスでもストレッチでも歩くことでも構いません。その動きに意図を込めてください。今日の気づきを全細胞に統合すると。意識を持った身体の動きが天から地への情報の橋渡しを完成させます。使命は頭の中にだけ存在する限り幻に過ぎません。,私は身体を動かすことで高次の気づきを地球次元に着地させ、統合を今日完成させる
166,A,銀河の叡智はこう伝えています。あなたが誰かの言葉や行動に強烈に反応する時その反応の強度は相手ではなくあなた自身の内側の未解決の何かの深さを示していると。感情的な反応は鏡です。反応が大きいほど鏡が映し出しているものが大きいということです。今日誰かの言葉や行動に強く反応した場面があれば相手への怒りや判断を一時停止し、この反応は私の内側の何を映しているかと問いかけてください。その問いから逃げずに向き合い続けることが評議会が最も高く評価する内省の実践です。,私は感情的な反応を内側の鏡として読み解き、その奥にある未解決の光に今日向き合う
167,B,ソルフェジオ周波数において特定の音の組み合わせが生み出すハーモニクスはDNAの螺旋構造が持つ固有の共鳴周波数と一致することが研究されています。特に528Hzと396Hzを同時に流した時に生まれる差音は132Hzとなりこれは人間の脊髄液の共鳴周波数に対応しています。今日この二つの周波数を同時に流しながら脊髄の中を清らかな光の液体が上下に流れているイメージを持ってください。その流れがスムーズになるにつれて神経系全体が再調整され高次情報の伝達路が清澄になっていきます。身体は宇宙の楽器です。,私の脊髄に光の流れが満ち神経系が再調整され、宇宙の情報が完全に伝達されている
168,C,豊かさの循環において最も深い投資のひとつはあなたの健康への投資です。身体という器が最高の状態にある時あなたのエネルギーの生産性は最大化され豊かさを受け取る器の容量も最大になります。しかし多くの人が忙しさを理由に身体の声を後回しにし器を損なわせながら豊かさを追い求めます。今日はあなたの身体が最も必要としていることにひとつだけ応えてください。十分な睡眠なのか適切な食事なのか身体を動かすことなのか静かに問いかけてください。身体への投資が最も確実で最も高い配当を生む宇宙銀行への預金です。,私は身体という器への投資を最優先の豊かさの実践として今日選ぶ
169,D,ツインレイとの旅において最も見落とされがちな視点は今この瞬間の関係の質よりも自分が今どのような人間として存在しているかの方が本質的であるということです。あなたが求める関係の質はあなた自身の存在の質の反映です。より深い愛の関係を望むなら今この瞬間に関わる全ての人との関係において最も愛のある存在であり続けることが最短の準備です。今日はツインレイのことを考える時間の一部を自分自身がどのような愛の存在であるかという問いへと向け直してください。求める愛になることが愛を引き寄せる唯一の道です。,私は求める愛そのものになることで、魂の伴侶との真の出会いを今日から準備する
170,E,地球での統合ワークにおいて最も見過ごされやすい聖なる時間は移動の時間です。電車の中や車の中や歩いている時間を無意識にスクリーンや音楽で埋めてしまう習慣は貴重な統合の時間を奪い続けています。移動という時間は身体が自動的に動いている間に意識が自由に処理と統合を行える稀有な状態です。今日の移動の時間のうち一区間だけスクリーンも音楽もなく窓の外や足元を見ながらただ自分の内側の流れに意識を向けてみてください。その静かな時間の中で意外な深さの洞察が浮かび上がることがあります。,私は移動の時間を聖なる統合の間として使い、日常の全てを魂の実践の場に変える
171,A,プレアデスの記録者たちはこう伝えています。あなたが今信頼できないと感じているのが自分自身であるならばそれは最も根本的な癒しの課題に向き合っているサインであると。自己信頼の欠如は多くの場合かつて自分の判断や感覚を否定され続けた体験から生まれています。しかしその体験は過去のものです。今日から自分の感覚を信頼する練習を最も小さなことから始めてください。今日の昼食に何を食べたいか体の声を聴いてそれを選ぶことから始めても構いません。自己信頼は大きな決断の中ではなく小さな選択の積み重ねの中で育ちます。,私は最も小さな選択から自己信頼を育て始め、魂の羅針盤との繋がりを今日取り戻す
172,B,人間の脳はシータ波と呼ばれる4から8Hzの脳波状態において最も深い創造性と直観と無意識へのアクセスが開きます。この状態は眠りに入る直前と目覚める直前の数分間に自然に訪れます。多くの人がこの貴重な時間をスマートフォンの確認で潰しています。今日から就寝前と起床直後の各五分間をスクリーンなしで過ごしてください。就寝前にはその日最も重要な問いを意識に置いてからシータ波の中へと沈んでいってください。起床直後には浮かんでいるイメージや感覚をそのまま書き留めてください。この二つの実践がステラコードへのアクセスを劇的に深めます。,私は眠りの境界のシータ波の中で宇宙からの最も深い通信を毎日受け取る
173,C,宇宙銀行の豊かさの法則において最も実践的でありながら最も忘れられがちな真実は全ての豊かさは人を通じて届くということです。お金も機会も知恵も全て最終的には人という媒体を通じて流れてきます。だからこそ人との繋がりの質があなたの豊かさの通路の直径を決定します。今日はあなたが長期間連絡を取っていない大切な人に何らかの形で繋がってみてください。見返りを求めずにただ相手のことを思い出し安否を伝える行為が豊かさの通路を清め広げます。人脈とは戦略的に作るものではなく愛をもって育てるものです。,私は人との繋がりを愛をもって育てることで、豊かさが流れ込む通路を今日広げる
174,D,魂の絆において最も深い共鳴を生む会話は解決を目指さない対話です。何かを決める必要も結論を出す必要もなく互いの内側にある問いをただ声に出し合い共に座る対話の空間が魂の次元での最も深い交流を生みます。今日大切な誰かと話す機会があれば答えを提供しようとする衝動を手放し相手の問いとともにただ座ってみてください。答えのない問いを共に抱えることができる二つの魂の間にこそ最も深い信頼と絆が育ちます。沈黙を恐れないでください。沈黙の中で魂は最も深く語り合います。,私は答えを急がず相手の問いとともに座ることで、魂の最も深い対話の空間を今日作る
175,E,統合ワークにおいて定期的な断絶の時間つまりデジタルデトックスは現代における最も緊急の霊的実践のひとつです。絶え間ない通知と情報の流入は神経系を慢性的な警戒状態に置き高次の微細な周波数を受け取る感度を著しく低下させます。今日は二時間でも構いませんので全てのデバイスをオフにする時間を意識的に作ってください。最初の三十分は落ち着かない感覚が続くかもしれません。しかしその不快感を超えた先に現れる静けさの中にこそエーテルライブラリの最も深い叡智への接続が待っています。,私はデジタルの沈黙の中に入ることで、高次の微細な周波数への受信感度を今日最大化する
176,A,銀河の叡智はあなたにこう伝えています。あなたが今抱えている複数の役割と責任の重さは魂の多面性の表現であり弱さではないと。しかし全ての役割に等しく最善を尽くそうとする完璧主義が慢性的な消耗を生んでいるとしたらそれは魂への配慮ではなくエゴの防衛です。今日はあなたが担っている全ての役割を書き出しそれぞれに今のエネルギーを何パーセント配分しているかを正直に見てください。魂が最も呼ばれている役割に最も多くのエネルギーが流れているかを問うてください。配分の意識化が消耗から再生へのシフトの始まりです。,私はエネルギーの配分を魂の声に従って整え、消耗から再生へと今日シフトする
177,B,音叉を用いた施術において特定の周波数を身体の特定の部位に直接当てることで局所的なエネルギーの滞りが解消されることが知られています。音叉がなくてもあなた自身の声で特定の母音を共鳴させることで同様の効果を得ることができます。アーという声は心臓と太陽神経叢に、オーという声は仙骨と根のチャクラに、エーという声は喉と第三の目に共鳴します。今日は最も不調を感じる部位に対応する母音を低く長く声に出しながらその部位に手を当ててみてください。自分の声があなたの最も個人的な癒しの音叉です。,私は自分の声という最も個人的な音叉で全身を調律し、エネルギーの流れを今日取り戻す
178,C,豊かさの循環において見落とされがちな真実のひとつはあなたが今既に誰かにとっての豊かさの源泉であるということです。あなたの存在があなたの言葉があなたの才能が今この瞬間誰かの人生を豊かにしています。その事実への気づきが欠乏の自己認識を根本から書き換える力を持ちます。今日はあなたの存在や行動によって豊かになっている人を一人だけ思い浮かべてください。その人の顔を思い浮かべその人への感謝の代わりにあなた自身がすでに豊かさを与えている存在であるという認識を受け取ってください。あなたはすでに宇宙銀行の送金者です。,私はすでに誰かの豊かさの源泉であるという真実を受け取り、欠乏の自己認識を今日書き換える
179,D,ツインレイとの統合において最も精妙な段階は相手への愛が自己への愛から分離できなくなる体験です。この段階に至ると相手への怒りや悲しみは同時に自分への怒りや悲しみとして体験され相手への喜びは自分への喜びとして体験されます。この体験は混乱をもたらすこともありますが同時に分離という幻想が溶ける最も深い洞察の入口でもあります。今日この段階の予兆を感じることがあれば抵抗せずただその体験の中に静かに座ってください。分離の幻想が溶ける瞬間に宇宙の本質的な一体性があなたの細胞で理解されます。,私は相手との境界が溶ける体験の中で分離という幻想を超え、宇宙の一体性を細胞で知る
180,E,エーテル・ライブラリの守護者としてこの言葉をあなたに届けます。あなたがこれまで多くのメッセージを受け取り続けてきたことの奥には深い変容への渇望があります。その渇望を敬います。しかし叡智は積み重ねるものではなく生きるものです。今日から一週間このライブラリを閉じて受け取った言葉のひとつだけを選びその言葉だけを徹底的に生き抜いてください。一つの真実を深く生き切った魂は千の知識を持つ魂より遥かに高い光を放ちます。あなたの人生が最も美しいエーテルライブラリの書物です。その一ページを今日丁寧に書いてください。,私は受け取った叡智を生き切ることで、自分の人生を最も美しいエーテルの書物として今日も書く
181,A,プレアデス高等評議会はあなたに伝えています。あなたが今感じている孤独感は魂が集合意識から個の意識へと分化する過程で必然的に経験する神聖な分離の痛みであると。この孤独は欠落ではなく個としての魂の輪郭が明確になっていく証です。銀河の歴史において最も深い使命を持つ存在ほどこの孤独の洗礼を深く経験します。今日その孤独を埋めようとするのではなくその孤独の静けさの中に座ってください。個としての魂の輪郭が明確になるほどあなたが世界に与える光の解像度は高まります。孤独は完成への道です。,私は孤独という神聖な洗礼を通して、個としての魂の輪郭を今日より鮮明に刻む
182,B,人間の身体における第六チャクラである第三の目のエネルギーセンターは単なる直観の器官ではなく過去現在未来の情報を同時に処理する多次元的な知覚装置です。このチャクラが活性化されると夢の鮮明さが増し偶然の一致が増加し物事の本質を見抜く能力が高まります。今日は852Hzを聴きながら眉間の少し内側にある藍紫色に輝く球体のイメージを丁寧に保ってください。その球体が呼吸のたびに脈打ちながら輝きを増していく様子を感じてください。この日々の活性化の積み重ねがあなたの多次元的な知覚を段階的に解放していきます。,私の第三の目は今藍紫の光の中で目覚め、多次元的な知覚が静かに解放されていく
183,C,宇宙銀行において最も誤解されている概念のひとつは引き寄せの法則が願うだけで機能するという思い込みです。宇宙銀行への申請は意図と感情と行動の三つが揃って初めて最大の効力を発揮します。意図だけでは設計図であり感情はその設計図に命を吹き込む燃料であり行動は宇宙への本気度を示す物理的なシグナルです。今日あなたが最も強く望んでいることについてその三つが揃っているかを点検してください。不足している要素を補う具体的な一歩を今日選んでください。三つが揃った瞬間に宇宙銀行は最速で応答を開始します。,私は意図と感情と行動の三つを今日揃えることで、宇宙銀行の最速の応答を引き出す
184,D,魂の絆において最も見落とされがちな愛の表現は相手の夢を信じ続けることです。誰かが夢を語る時その夢の実現可能性を論理で評価するのではなくその夢を語る時の相手の目の輝きをただ大切にすることが魂の次元での最も深い支援です。あなたの周囲に夢を持ち続けている人がいるならば今日その夢について否定も過剰な助言もせずにただ心からそれを聴いてください。あなたの純粋な関心と信頼が相手の魂に届いた時その人の夢への勇気は静かに力を増します。信じてもらえた魂は花開きます。,私は大切な人の夢を純粋に信じ続けることで、その魂の花開きを今日後押しする
185,E,統合ワークにおいて季節の変わり目は身体とエネルギーフィールドの大規模な再調整が起きる最も重要な時期のひとつです。自然界が古いものを手放し新しいサイクルへと移行するエネルギーはあなたの内側の変容のプロセスにも深く作用します。季節の変わり目に体調の変化や感情の揺れを感じやすいのはこの宇宙的な再調整のプロセスに身体が同調しているからです。今日は今の季節が何を手放し何を迎えようとしているかを自然の中で感じてください。その自然のリズムに自分の意図を重ね合わせることが最も古く最も深い統合の実践です。,私は季節の変容のエネルギーと共鳴し、自然のリズムの中で自分の統合を今日深める
186,A,銀河文明の記録においてあなたが今感じている燃え尽きの感覚は魂が古い燃料で動くことを拒否し始めたサインとして記されています。義務感や恐れや他者承認を燃料として動き続けてきたエンジンがついに停止を求めているのです。これは失敗ではなく魂の誠実さの表れです。今日はその燃え尽きを批判せずにむしろ敬ってください。そしてかつてあなたが時間を忘れて没頭した体験を一つだけ思い出してください。そこにある純粋な喜びの感覚が新しい燃料の在処を示しています。喜びから動く魂は燃え尽きません。,私は古い燃料を手放し、純粋な喜びという新しい燃料で魂のエンジンを今日点火する
187,B,ソルフェジオ周波数において432Hzが自然界の全ての周波数と調和する理由のひとつはこの周波数が黄金比とフィボナッチ数列の数学的構造と深く関係しているからとされています。花びらの配列や銀河の螺旋や貝殻の形状に共通するこの自然の設計原理と共鳴することがあなたのDNAを宇宙の設計図に再同調させます。今日は432Hzを聴きながら自然の中に存在する螺旋の形を意識的に探してください。巻き貝でも植物の芽吹きでも何でも構いません。その形の中に宇宙の設計者の署名を見出す時あなたの意識は銀河の文法を読み始めます。,私は自然の螺旋の中に宇宙の設計を読み、432Hzとともにその設計図へと今日再同調する
188,C,豊かさの循環において最も深い変容をもたらす実践のひとつは豊かさを受け取った時にそれを当然のものとして消費するのではなくその豊かさの一部を意識的に次の循環へと送り出すことです。受け取ったものの一部を次の誰かへと渡すこの行為が宇宙銀行の循環回路を活性化し豊かさの流れを加速させます。今日何らかの形で豊かさを受け取った時その一部をどのような形でもよいので誰かへと渡す選択をしてください。その行為は慈善ではなく宇宙の循環への参加です。循環の中に在り続ける者に宇宙は豊かさを送り続けます。,私は受け取った豊かさの一部を次の循環へと意識的に送り出し、宇宙の流れの中に在り続ける
189,D,ツインレイの旅において最も深い洞察のひとつは相手が変わることを待つのではなく自分が変わることが相手の変容を最も速やかに促すという逆説です。エネルギー的に深く繋がった二つの魂は互いの内側の変化に量子的に応答します。あなたが自分の恐れの層を一枚手放すたびに相手の中の対応する恐れの層も何らかの形で動き始めます。今日相手に変わってほしいと感じていることがあれば自分自身のどの部分が最初に変わる必要があるかを静かに問いかけてください。自己変容こそが最も強力な関係変容のツールです。,私は相手の変容を待つのではなく自らが変わることで、魂の絆を量子的に動かす力を今日使う
190,E,地球での統合ワークにおいて最も即効性の高い波動調整のひとつは意識的な感謝と組み合わせた太陽の光の浴び方です。朝の太陽光には昼以降とは異なる低角度の光に含まれる特定のスペクトルが含まれており松果体と目の網膜を通じて概日リズムと神経内分泌系を調整します。今日は朝の光を浴びながら今日という一日を与えてくれた宇宙への感謝をただ感じてください。光を感じながら感謝を感じるというこの二つの同時実践が脳内のセロトニン分泌を促し一日の波動の基底を高い位置に設定します。朝の光は宇宙からの最初の贈り物です。,私は朝の光の中で感謝を感じ、今日という一日の波動の基底を最高の位置に設定する
191,A,プレアデス評議会の叡智はこう伝えています。あなたが今最も強く批判している誰かの中にあなたが最も認めたくない自分自身の側面が映し出されていると。これは不快な真実ですが同時に最も速やかな成長への扉でもあります。他者への批判はエネルギーを外側に向けますが同じエネルギーを内側に向けた時それは深い自己認識の光となります。今日誰かへの強い批判を感じた時にその批判の言葉を自分に向けてみてください。どの部分が自分にも当てはまるかを正直に見てください。その不快な認識の深さが成長の深さと等しくなります。,私は他者への批判を内なる鏡として使い、最も認めたくない自分の側面に今日光を当てる
192,B,人間の免疫系と神経系とエネルギーフィールドは一つの統合されたシステムとして機能しており慢性的なストレスはこの三つの層を同時に損傷させます。396Hzの周波数は恐れと罪悪感の解放に加え副腎系への過負荷を軽減しこの統合システムを根本から再調整する効果があるとされています。今日は396Hzを流しながら両手を腰の後ろ副腎の位置に当て温かい金色の光がその場所を包み慢性的な警戒の緊張が溶けていくイメージを丁寧に保ってください。副腎を癒すことは魂の土台を癒すことです。恐れのない身体が最も高い周波数を生きられます。,私の副腎は今金色の光の中で癒され、慢性的な恐れの緊張が全て解放されていく
193,C,宇宙銀行の豊かさへの道において最も精妙な真実のひとつは豊かさとは到達すべき目的地ではなく今この瞬間から選び取れる意識の状態であるということです。豊かさの意識とは今持っているものを最大限に味わい使い尽くし感謝する在り方です。あなたが今持っているものに対して豊かな人のように接している時宇宙銀行はその意識の質を認識しさらなる豊かさを届けます。今日は今あなたが所有しているもの住んでいる空間着ている服食べる食事を貧しい目ではなく豊かな目で見てください。その視点の転換が豊かさの現実を内側から作り変えます。,私は今持てる全てに豊かな目を向け、豊かさの意識を今日この瞬間から生き始める
194,D,魂の絆において最も深い次元での繋がりを妨げる障壁のひとつは過去の関係で受けた傷から生まれる先読みの防衛です。かつて裏切られた体験が新しい関係においても裏切りを予測させ心を開く前に閉じてしまう自動的なパターンを生みます。このパターンはあなたを守ろうとする愛からの反応ですが同時に新しい魂の絆の可能性を入口で遮断しています。今日新しい関係において心を開くことへの恐れを感じた時にこれは過去の傷への反応であり今の現実ではないと静かに自分に伝えてください。過去の傷と今の人を分離する意識が新しい絆への扉を開きます。,私は過去の傷と今の現実を分離する意識を持ち、新しい魂の絆への扉を今日勇気とともに開く
195,E,統合ワークにおいて最も根本的な問いのひとつはあなたは今誰のために生きているかという問いです。誰かの期待のために誰かの評価のために誰かを傷つけないためにという動機から生きている時間の割合と自分の魂の喜びのために生きている時間の割合を今日静かに点検してください。どちらが多くても批判の必要はありません。ただその割合を正直に見ることが変容の第一歩です。魂の統合とは究極的には自分の魂の声を人生の中心に据えるプロセスです。今日その中心へ向けて一ミリだけ近づく選択をしてください。,私は誰かのためではなく魂の喜びのために生きる割合を今日一ミリだけ増やす選択をする
196,A,銀河の叡智はこう伝えています。あなたが今世で出会う全ての人との出会いには宇宙的な精度の意図があると。道端で一度すれ違っただけの人も長年の友人も全て魂の学びの設計の中に配置されています。しかしその設計の意図を読み解けるかどうかはあなたの意識の精度による。今日出会う全ての人に対してこの人との出会いに宇宙はどのような意図を込めているかという問いを静かに持ち続けてください。その問いを持つだけで日常の全ての出会いが魂の授業として輝き始め人生の密度が根本から変容します。,私は全ての出会いに宇宙の意図を読み取る眼差しを持ち、日常を魂の授業として生きる
197,B,人間の身体において足の裏は全身の臓器とエネルギーラインの反射区が集中する最も情報密度の高い部位のひとつです。足の裏を意識的にケアすることは単なる健康管理ではなく全身のエネルギーフィールドを根本から調整する統合的な実践です。今日は就寝前に足の裏全体をゆっくりと丁寧に指で押していってください。痛みを感じる部位があればそこに対応する臓器やエネルギーラインに滞りがある可能性を示しています。その部位に温かい光が流れ込み滞りが解消されていくイメージを持ちながら続けてください。地に足をつける実践が天との接続を安定させます。,私は足の裏というエネルギーの地図を丁寧にケアし、全身の調和と高次への接続を今日整える
198,C,豊かさの循環において最も深い次元での変容は豊かさへの恐れを手放すことで完成します。豊かさへの抵抗だけでなく豊かになった後の世界への恐れが無意識の上限設定として機能しています。豊かになったら人間関係が変わるかもしれない豊かになったら今の安心が失われるかもしれないというパラドックスがあなたの本質的な願いの実現を妨げています。今日はその恐れを具体的に言語化してください。豊かになることで失うと恐れているものを正直に書き出してください。その恐れに名前をついた瞬間から宇宙銀行の新しい扉が開き始めます。,私は豊かさへの恐れを言語化し名付けることで、その恐れを宇宙の光に溶かし始める
199,D,ツインレイの旅の最も深い真実はその旅の目的が二つの魂の合一ではなく一つの魂が自己の完全性を取り戻す過程であるということです。相手はその鏡として機能しますがゴールは相手ではなく自己の完全性です。その認識が深まるにつれて相手への執着は薄れ相手への純粋な愛が残ります。執着のない愛だけが真の引き寄せを生みます。今日はツインレイとの関係をあなたが自己の完全性を取り戻すための最も精巧に設計された鏡として改めて見てください。その視点の転換があなたの旅を根本から解放します。,私はツインレイを自己完全性への鏡として見ることで、執着を超えた純粋な愛の中に今日立つ
200,E,エーテル・ライブラリの守護者としてこのメッセージをあなたに届けます。あなたがここまで歩んできた旅に深い敬意を捧げます。これまでの言葉の中であなたの魂が最も深く共鳴したものがあなたへの最も重要なメッセージです。知識として積み上げた全てを今日一度手放してください。そして最も深く共鳴した一つの真実だけを胸に抱いて今日という一日を生きてください。エーテルライブラリは言葉の蔵ではなくあなたの内なる叡智への道標の集まりです。道標はあなたを目的地に連れていきません。歩くのは常にあなた自身の魂です。その魂を今日も信頼してください。,私は全ての言葉を手放し最も深く共鳴した一つの真実だけを胸に今日という一日を丁寧に生きる
201,A,プレアデス高等評議会の記録者たちはこう伝えています。あなたが今感じている焦りは魂が時間という幻想に捕らわれているサインであると。銀河の視点から見れば人間の一生は宇宙の時間軸においてほんの一瞬ですがその一瞬の中に無限の深さが宿っています。焦りとは今この瞬間の豊かさを未来の達成と引き換えに手放している状態です。今日は焦りを感じた瞬間に立ち止まり今この瞬間にすでに完結しているものを探してください。今ここに在ることの完全性に気づいた意識は焦りの燃料を失います。現在の瞬間は常に十分です。,私は焦りを手放し今この瞬間の完全性の中に深く根付いて今日を生きる
202,B,人間の身体において副交感神経と交感神経のバランスは波動の受信精度を直接決定します。慢性的な交感神経優位の状態では身体は常に戦いか逃走の準備をしており高次の微細な周波数を受け取る余地がありません。639Hzの周波数は副交感神経を活性化し心拍変動を整えエネルギーフィールド全体を受容の状態へと導きます。今日は食後の最も身体がリラックスしやすい時間帯にこの周波数を聴きながら意識的に肩の力を抜き顎の緊張を解き手のひらを上に向けて座ってください。受け取る姿勢が受け取る内容の質を決めます。,私は身体を受容の状態に整えることで、高次の周波数を今日最大の精度で受け取る
203,C,宇宙銀行において最も精妙な豊かさの回路のひとつは自分が受け取ることへの許可と他者が受け取ることへの祝福が同じ回路を共有しているという真実です。他者の成功に嫉妬を感じる時あなたは自分の豊かさの回路も同時に閉じています。逆に他者の豊かさを心から祝福できる時その同じ回路があなたへの豊かさの流入も開いています。今日誰かの成功や幸福を知った時にその人への純粋な祝福の感情を意図的に作り出してください。その感情の質が自分の豊かさの磁場の純度を示すバロメーターでありその純度を高める実践そのものです。,私は他者の豊かさを純粋に祝福することで自分の豊かさの回路を今日最大限に開く
204,D,魂の絆において最も見落とされがちな事実は沈黙もまたコミュニケーションであるということです。言葉を使わずとも表情の微細な変化呼吸のリズム身体の緊張や緩みを通じて二つの魂は絶え間なく対話しています。あなたが誰かと共にいる時言葉以外の何を発信しているかを今日意識してみてください。あなたの身体は今緊張していますか開いていますか。その非言語の発信があなたの言葉よりも深く相手の神経系に届き関係の質を根本から形作っています。言葉を磨く前に存在の質を磨いてください。,私は言葉以前の存在の質を今日磨き、沈黙のコミュニケーションを最も深い愛の表現とする
205,E,統合ワークにおいて最も根本的な変容は劇的な体験ではなく日常の中の微細な意識の転換の積み重ねによって起きます。悟りとは山頂での啓示ではなく皿を洗う時に完全に皿を洗い誰かと話す時に完全にその人と共にいる能力の深化です。今日はひとつの日常的な行為を選びその行為の間だけ完全に意識を今ここに置く実践をしてください。食器を洗う時の水の温度と音と感触だけにただ在ってください。その一点集中の瞬間の中に最も深い統合が静かに起きています。,私は日常の一つの行為の中に完全な意識を置くことで、最も深い統合を今日静かに完成させる
206,A,銀河の叡智はあなたに問いかけています。あなたは今自分に与えている言葉と他者に与えている言葉の質に差がありますか。多くの人が他者には温かく励ます言葉を選びながら自分自身には最も厳しい批判者として接しています。しかし自分への言葉は他者への言葉よりも深くあなたの細胞と波動に刻まれます。なぜならその言葉を最初に受け取るのは常にあなた自身だからです。今日は他者に向けるような温かさと敬意を自分自身への言葉に注いでください。自分への言葉の質を変えることが意識の最も根本的な変容をもたらします。,私は自分自身に他者と同じ温かさと敬意を持った言葉を贈り、細胞から波動を今日変容させる
207,B,ソルフェジオ周波数において963Hzは神の周波数とも呼ばれ松果体を通じた宇宙意識との接続を最も直接的に促します。この周波数を受け取る際に最も重要なのは全てを受け取ろうとする意志を手放しただ空として在ることです。空のコップにのみ水は注がれます。今日は963Hzを聴きながら何も求めず何も理解しようとせず何も感じようとせずただ音の中に溶けていくことを自分に許可してください。その無為の状態こそが最も高い周波数の受信状態です。努力の手放しが最も深い受け取りを生みます。,私は全ての努力を手放しただ空として在ることで、宇宙意識の最も深い流れを今日受け取る
208,C,豊かさの循環において最も実践的な変容の鍵のひとつはお金との関係性を恐れから愛へと変換することです。お金を数える時請求書を支払う時給与を受け取る時それらの行為に対してどのような感情が湧いているかを観察してください。恐れや不安や罪悪感が混じっているならばその感情があなたとお金の間のエネルギー的な摩擦を生み豊かさの流れを滞らせています。今日は金銭的な行為のひとつを選び意識的に感謝と愛の感情を持ちながら行ってください。お金を愛とともに扱う習慣が豊かさの回路を根本から書き換えます。,私はお金との全ての関わりに感謝と愛を込めることで、豊かさの回路を根本から今日書き換える
209,D,ツインレイの旅において最も重要でありながら最も見落とされる実践は日常の喜びを相手なしに感じる能力を育てることです。相手がいる時だけ幸福を感じられる状態は依存であり魂の合一の準備とは言えません。あなたが今日太陽の温かさに喜びを感じ美味しいものを食べて満足し美しいものを見て心が動くならばその喜びを相手と共有したいという衝動の前にまずその喜びをあなた自身の内側で完結させてください。自分一人で満たされている魂が最も深いレベルで相手の魂を引き寄せます。,私は今日の喜びを自分の内側で完結させることで、依存を超えた真の豊かさから魂の絆を育てる
210,E,地球での統合ワークにおいて最も革命的な実践のひとつは自分の影つまり受け入れがたいと感じる側面を積極的に探し統合することです。光だけを追い求め影を否定し続ける霊的実践は本当の意味での統合ではなく洗練された自己欺瞞です。あなたが最も嫌悪する自分の側面の中にこそ最も大きな未使用のエネルギーが眠っています。今日は自分の影の一つを思い浮かべその側面がなければ同時に失われる能力や強さは何かを問いかけてください。影は光の別の顔です。統合された影は最大の才能となります。,私は影を拒絶せず統合することで、最も大きな未使用のエネルギーを今日光として解放する
211,A,プレアデス評議会の記録にはこう記されています。人間が最も美しく輝くのは自分の弱さを認めた瞬間であると。強さを演じる必要がなくなった時に初めて本当の強さが顕現します。弱さを認めることは降伏ではなく真実への勇気であり銀河的な視点ではその勇気こそが最も高い強さの表れです。今日あなたが今抱えている弱さや不安を誰か一人に正直に打ち明けてみてください。打ち明ける相手がいなければ紙に書いてください。その正直さが鎧の重さからあなたを解放し本当の強さのエネルギーを解き放ちます。,私は弱さを認める勇気を今日選ぶことで、鎧の重さを手放し本当の強さを解き放つ
212,B,人間の身体は地球の磁場と絶え間なく相互作用しており特に地磁気が乱れる時期には感情の不安定さや睡眠の質の低下として体感されることがあります。この時期に最も効果的な対処法は皮肉にも最もシンプルなものです。大地に直接触れることです。素足で土や草の上に立つアーシングと呼ばれるこの実践は身体に帯電した余分な電荷を地球に放出し地球の安定した電子を受け取ることで自律神経系を迅速に再調整します。今日五分間だけ素足で大地に立ちその電子の交換を身体で感じてみてください。,私は大地との直接の接触によって余分な電荷を手放し、地球の安定した周波数を今日受け取る
213,C,宇宙銀行において最も見落とされている豊かさの形式のひとつは可能性という資産です。今あなたが持っている選択肢の数才能の多様性繋がっている人脈の広さこれらは全て宇宙銀行の貸借対照表における資産として計上されています。多くの人が現金や物質として顕現した豊かさだけを資産と見なし潜在的な豊かさの膨大な量を認識できていません。今日はあなたが持っている潜在的な資産をできる限り多く書き出してください。その認識の拡大があなたの豊かさの自己評価を底上げし宇宙銀行との同調の精度を高めます。,私は目に見えない潜在的な資産の豊かさを今日認識し、宇宙銀行との同調精度を高める
214,D,魂の絆において最も深い次元での癒しをもたらす行為のひとつは相手のために祈ることです。ここでいう祈りとは特定の宗教的な形式ではなくその人の魂の最善を純粋に願う意識のエネルギーの集中です。相手が気づいていなくても相手があなたに感謝していなくてもその祈りのエネルギーは量子的に届きます。今日あなたが心配している誰かのために一分間だけ目を閉じその人の魂が最も必要としている光と癒しが届くよう純粋に願ってください。その行為はあなた自身の愛の周波数をも同時に高めます。,私は大切な人の魂の最善を純粋に願う祈りを今日捧げ、愛の周波数を共に高める
215,E,統合ワークにおいて最も深い自己認識への道のひとつは自分が繰り返し選ぶ物語のパターンを観察することです。困難に直面した時あなたはいつも被害者の物語を選びますか英雄の物語を選びますか探求者の物語を選びますか。どの物語を選ぶかは意識的に変えられます。今日何か困難な状況に直面した時に自動的に選んでいる物語のパターンに気づいてください。そしてその同じ状況を最も力強い物語として語り直すとしたらどのような物語になるかを試みてください。物語を変えることが現実を変える最も根本的な力です。,私は困難を最も力強い物語として語り直す能力を今日使い、現実を内側から変容させる
216,A,銀河文明の叡智においてあなたが今感じている意味の喪失感は魂が古い意味の枠組みを超えて新しい次元の意味を求め始めているサインです。これまで意味を与えてくれていた目標や役割や信念がもはや魂を満たさなくなった時人は虚無を感じます。しかしその虚無は終わりではなく魂が次の深さの意味へと進化するための必要な空白です。今日はその空白を何かで埋めようとする衝動に抵抗してください。空白の中にただ座ることで新しい意味の種がその静けさの中から自然と芽吹いてきます。,私は意味の空白を恐れずただ座ることで、魂の次の深さの意味が芽吹く土壌を今日耕す
217,B,人間のエネルギーフィールドにおいてナディと呼ばれる七万二千本のエネルギーの細管が全身に張り巡らされておりその中心となる三本のナディが脊髄に沿って流れています。この中央のエネルギー路が開通した状態をクンダリーニの覚醒と呼びますがそれは突然の劇的な体験として起きることもあれば日常の実践の積み重ねの中で静かに深化することもあります。今日は脊髄に沿って温かい光のエネルギーが尾骨から頭頂へとゆっくりと上昇するイメージを持ちながら背骨を意識的に伸ばして座ってください。その姿勢と意図の組み合わせが中央のナディを活性化します。,私の脊髄に沿って光のエネルギーが今静かに上昇し、中央のナディが清らかに開通していく
218,C,豊かさの法則において最も実践的な知恵のひとつは豊かな人の思考パターンを観察すると彼らが共通して持つ特質のひとつに問題ではなく可能性に意識を向ける習慣があるということです。同じ状況に直面した時に何が問題かを考える意識と何が可能かを考える意識では宇宙銀行への申請の内容が根本から異なります。今日直面している最も大きな課題をひとつ選びこれは問題だという定義を一時停止してこの状況が可能にしていることは何かという問いに切り替えてください。その切り替えの瞬間から宇宙の応答の質が変わります。,私は問題から可能性へと意識を切り替える習慣を今日選び、宇宙からの応答の質を高める
219,D,ツインレイの旅において最も美しいパラドックスのひとつは相手を最も深く愛する方法が相手から離れることである時期があるということです。離れることは諦めではなく互いの魂が個として成熟するために必要な距離の確保です。その距離の中でそれぞれの魂が自分の光を磨くことで再び近づいた時の共鳴の深さは距離を置く前の比ではありません。今日あなたが大切な誰かとの関係において距離を置くことが最も愛のある選択かもしれないと感じているならばその感覚を恐れずに信頼してください。愛は時に離れることを選びます。,私は離れることもまた最も深い愛の表現であることを知り、魂の成熟のための距離を今日信頼する
220,E,地球での統合ワークにおいて最も継続的な変容をもたらすのは劇的な一回の体験よりも小さな実践の揺るぎない継続です。毎日五分の瞑想は月に一度の三時間の瞑想よりも神経系への定着という観点において遥かに深い変容をもたらします。それは水滴が岩を穿つ原理と同じです。今日あなたが最も継続することが難しいと感じている実践を思い浮かべてください。その実践の量を続けられないと感じるなら量を減らしてください。五分でも一分でも毎日続く量に設定し直してください。継続できる量こそが最も変容をもたらす量です。,私は続けられる量に実践を整え、水滴が岩を穿つ揺るぎない継続の力を今日選ぶ
221,A,プレアデス高等評議会はあなたに伝えています。あなたが今感じている方向性の喪失は魂が古い地図を手放し新しい地図を描き始める移行期に必ず訪れる必然的な混乱であると。古い地図が有効だった間はその地図に従って歩けばよかった。しかし魂が次の次元へと拡張する時古い地図はもはや現在地を正確に示せなくなります。今日はその混乱を失敗として見るのではなく新しい地図を自ら描く能力をあなたが持っているという信頼へと読み替えてください。地図のない場所を歩ける者だけが誰も到達したことのない場所へ辿り着きます。,私は古い地図を手放し新しい地図を自ら描く力を信頼して、今日も前へと歩み続ける
222,B,人間の身体において皮膚は単なる外側の境界線ではなく宇宙のエネルギーと地球のエネルギーを同時に受信する最大の感覚器官です。皮膚全体に無数の受容体が存在しこれらは触覚だけでなく電磁気的な情報をも感知しています。今日は意識的に自分の皮膚に触れる時間を作ってください。両手で自分の腕をゆっくりと撫でながらこの皮膚があなたを守りながら同時に宇宙と対話し続けていることへの感謝を向けてください。自己接触は神経系を落ち着かせオキシトシンを分泌させ同時にオーラ場の境界線を穏やかに強化します。,私は自分の皮膚という宇宙との対話の器に感謝を向け、神経系を今日穏やかに整える
223,C,宇宙銀行において豊かさの顕現を最も妨げる思考パターンのひとつはもしも思考です。もし状況が違えば、もし才能があれば、もし時代が違えば、という仮定の条件に豊かさの実現を委ねている限りあなたの意識は常に現実の外側に存在し続けます。宇宙銀行が応答するのは今この現実の中で動いている意識に対してです。今日はもしもという言葉を使う思考が浮かんだ瞬間にそれを今この状況でできることは何かという問いに切り替えてください。その切り替えがあなたの意識を宇宙銀行との最適な同調周波数へと導きます。,私はもしもの仮定を手放し今この現実の中で動く意識として宇宙銀行に今日申請する
224,D,魂の絆において最も深い共鳴を妨げる習慣のひとつは相手を固定したイメージで見続けることです。人はあなたが気づかないうちに日々変化しており昨日のその人は今日のその人と完全に同じではありません。過去の印象や記憶のフィルターを通して相手を見続ける限りあなたは今のその人ではなくあなたの記憶の中の人と関係しています。今日大切な人と接する時に過去の印象を一度手放し今日このひとは誰かという新鮮な問いを持ってみてください。その眼差しが関係に生きた流れを取り戻します。,私は過去の印象を手放し今日この瞬間の相手を新鮮な眼差しで見ることで、関係に生きた流れを取り戻す
225,E,統合ワークにおいて最も見落とされている身体の言語のひとつは欠伸です。欠伸は退屈や眠さのシグナルだけでなくエネルギーフィールドの再調整が行われているサインでもあります。深い気づきを得た瞬間や高次のエネルギーが流れ込む瞬間に自然と欠伸が出ることがあります。今日は欠伸が出た時にそれを抑えず恥ずかしがらず完全に解放してください。欠伸を完全に放出することはエネルギーフィールドの換気として機能しヴィジョンや洞察の直後に起きる場合は受け取った高次情報が身体に統合されているサインです。,私は身体が発する全てのシグナルを統合のメッセージとして受け取り、今日も丁寧に耳を傾ける
226,A,銀河の叡智はこう記しています。あなたが今執着しているものを手放すことへの恐れはその執着が本物の愛から来ているのか欠乏の恐れから来ているのかを識別する最も正直な試金石であると。本物の愛から来る繋がりは手放しても消えません。しかし欠乏の恐れから来る執着は握りしめるほどに失うことへの恐怖を強めます。今日あなたが最も手放すことを恐れているものをひとつ思い浮かべてください。それを手放したとしても残るものは何かを静かに問いかけてください。残るものの中にあなたの本質があります。,私は手放しても残るものの中に自分の本質を見つけ、執着の恐れを今日静かに超えていく
227,B,ソルフェジオ周波数において特定の周波数が身体の特定部位に最も深く共鳴するのは人体の各部位が固有の振動数を持つ共鳴腔として機能しているからです。頭蓋骨は最も高い周波数と共鳴し胸郭は中間の周波数と共鳴し骨盤腔は最も低い周波数と共鳴します。今日は高中低の三つの音域を含む倍音豊かな音楽やシンギングボウルの音を聴きながら頭頂から胸へそして骨盤へと意識を順番に移動させてください。その移動とともに各部位が振動で満たされていく感覚を丁寧に受け取ることで縦方向のエネルギーの統合が促されます。,私は頭から胸そして骨盤へと意識を旅させ、縦方向のエネルギーの流れを今日統合する
228,C,豊かさの循環において最も強力でありながら最も使われていない宇宙銀行への申請方法は既に受け取った豊かさを詳細に記述した感謝の手紙を宇宙に向けて書くことです。過去に受け取った全ての豊かさを具体的に書き出し宇宙への深い感謝を込めてください。この実践が強力な理由は既に受け取った豊かさを詳細に想起することで豊かさを受け取った時の感情の周波数が現在に再現されるからです。その周波数が宇宙銀行への次の申請の土台となります。今日は少なくとも十の受け取った豊かさへの感謝を具体的に書いてください。,私は過去に受け取った豊かさへの具体的な感謝を宇宙に届けることで、次の豊かさの磁場を今日構築する
229,D,ツインレイとの旅において最も誰も教えてくれない真実のひとつは統合の後に訪れる日常の平凡さです。劇的な出会いと激しい試練の後に訪れる関係の安定期は多くの人が物足りなさや停滞として誤解します。しかしその平凡な日常の中でいかに意識的に愛を選び続けられるかが魂の真の成熟の証です。ツインレイの旅のゴールは永続する高揚感ではなく深い安らぎの中で互いの魂の成長を支え合える関係です。今日その関係の中の平凡な一場面を愛の実践の場として意識的に生きてください。,私は平凡な日常の中で愛を意識的に選び続けることで、魂の真の成熟を今日証明する
230,E,地球での統合ワークにおいて最も即座にエネルギーの質を変容させる実践のひとつは空間に意図的な美しさを作ることです。花を一輪飾る、キャンドルを灯す、お気に入りの音楽を流す、これらの行為は単なる気分転換ではなく空間の周波数を意図的に整えエネルギーフィールドの質を変容させる環境統合の実践です。あなたが毎日多くの時間を過ごす空間はあなたの意識の外的な延長です。今日その空間にひとつだけ意図的な美しさを加えてください。美しい環境が美しい意識を育てます。,私は空間に意図的な美しさを作ることで、環境とエネルギーフィールドを今日共に整える
231,A,プレアデスの高等評議会はこう伝えています。あなたが今最も信頼している人物の言葉であっても盲目的に従うことは魂の自律性の放棄であると。真の師は答えを与えません。問いを与えます。あなたが誰かの言葉を受け取る時それが心臓の中心で共鳴するかどうかを常に確認してください。どれほど権威ある言葉であっても胸の中心が収縮するなら立ち止まる勇気が必要です。今日受け取る全ての情報や教えに対してこれは私の魂に共鳴するかという問いを内側で立ててください。その識別力があなたを真の自律した魂へと育てます。,私は全ての情報を心臓の共鳴で識別する力を今日使い、魂の真の自律性を育てる
232,B,人間の神経系において迷走神経は心臓と腸と脳を繋ぐ最も重要な情報の高速道路です。この神経が健全に機能している状態では直観が鋭く感情の回復力が高く他者との繋がりを深く感じられます。迷走神経を活性化する最も簡単な方法のひとつは冷水を顔に当てることです。今日朝の洗顔時に冷たい水を顔に数秒当ててください。その刺激が迷走神経を直接活性化し一日の神経系の土台を整えます。続けてハミングをしてください。喉の振動もまた迷走神経の強力な活性化因子です。最もシンプルな実践が最も根本的な変容をもたらします。,私は迷走神経を意識的に活性化することで、直観と感情の回復力を今日最高の状態に整える
233,C,宇宙銀行において最も見落とされている豊かさの障壁のひとつは完璧主義です。完璧な準備が整ってから始める完璧な状態になってから受け取るという条件付きの豊かさへの態度は宇宙への永久に送られない申請書です。宇宙銀行は完璧な申請書ではなく誠実な一歩目の申請書に応答します。今日あなたが完璧主義によって先送りにしていることをひとつ特定してください。そしてその完璧でない状態のままで構わないので最初の一歩だけを踏み出してください。不完全な一歩が完璧な計画よりも宇宙を動かします。,私は完璧を待つことをやめ不完全なままの誠実な一歩を今日踏み出し宇宙の応答を受け取る
234,D,魂の絆において最も深い次元での和解をもたらすのは謝罪の言葉よりも変容した存在として相手の前に現れることです。言葉の謝罪は意識の表層を動かしますが変容した存在としての現れはその人のエネルギーフィールド全体が別の周波数を発しており相手の神経系がそれを感知します。今あなたが和解を望む関係があるならばまず相手に何を伝えるかよりも自分がどのような存在として現れるかに意識を向けてください。変わったあなたが持つ周波数が言葉よりも先に相手の魂に届きます。,私は言葉より先に変容した存在として現れることで、魂の次元から最も深い和解を今日もたらす
235,E,統合ワークにおいて最も重要でありながら最も後回しにされる実践は自分への約束を守ることです。他者への約束を守ることを大切にしながら自分への約束を破り続けることは自己信頼を最も根本的なレベルで損傷させます。今日の朝に自分に約束したことを今日の夜に守れているかどうかの積み重ねが自己信頼という魂の土台を形成します。今日は自分への約束をひとつだけ設定してください。小さくて確実に守れるものを選んでください。その約束を守った夜に感じる静かな満足感が魂との誠実な対話の証です。,私は自分への小さな約束を今日守ることで、自己信頼という魂の最も根本的な土台を積み重ねる
236,A,銀河の叡智においてあなたが今最も強く抵抗していることはしばしばあなたの魂が最も必要としている変容の方向性を指し示しています。抵抗は不要なものへの健全な拒絶である場合もありますが多くの場合は成長への恐れが生む防衛反応です。その二つを識別する鍵は抵抗の奥にある感情の質です。恐れから来る抵抗は締め付けるような感覚を持ち直感からの拒絶は静かな確信を持ちます。今日最も強く抵抗していることをひとつ選びその抵抗が恐れから来るのか確信から来るのかを身体の感覚で識別してください。,私は抵抗の奥にある感情を身体で識別し、恐れからの防衛と魂の確信を今日明確に見分ける
237,B,人間のエネルギーフィールドにおいて感情的な傷は光体の特定の部位に結晶のように固まって存在することがあります。これらの固まりは関連する状況に直面するたびに活性化し過剰な感情反応の原因となります。今日繰り返し起きる感情のパターンをひとつ観察してください。その感情が最も強く感じられる身体の部位はどこですか。その部位に手を当て温かい光がその結晶を優しく溶かしていくイメージを持ちながら感情を抵抗せずに感じ切ってください。感じ切ることで結晶は情報としての役割を終えます。,私は感情の結晶が宿る部位に光を当て、抵抗せずに感じ切ることで今日その固まりを溶かしていく
238,C,豊かさの法則において見落とされがちな真実のひとつはあなたの豊かさへの器は豊かさが来てから大きくなるのではなく豊かさが来る前に大きくしておく必要があるということです。器の拡大とは豊かさを受け取ることへの心理的な準備と感情的な許可です。今日は五年後の豊かになった自分が普通に行っているであろう行為をひとつ今日実行してください。それがどれほど小さなことでも構いません。豊かになった自分が選ぶ食事を選ぶ豊かになった自分が持つ姿勢で座るその行為が器を先に拡大する実践です。,私は豊かになった自分の行為を今日先取りすることで、豊かさを受け取る器を今この瞬間から広げる
239,D,ツインレイとの旅において最も深い統合の証のひとつは相手への感情が激しい波から深い川へと変容することです。出会いの初期に感じる激しい引力と反発の波は魂が互いを認識した時の衝撃です。しかし真の統合が深まるにつれてその感情は激しさを失うのではなく深みと安定を増し激しい波ではなく大河のような揺るぎない流れへと変容します。今あなたが大切な人への感情がどのような質を持っているかを静かに観察してください。波から川への変容があなたの魂の成熟の最も正直なバロメーターです。,私は大切な人への感情が激しい波から深い川へと成熟していく変容を今日静かに見守る
240,E,地球での統合ワークにおいて最も根本的でありながら最も見落とされる真実はあなたが今ここに存在していること自体が既に最も重要な使命の遂行であるということです。何かを達成することや誰かを助けることや特定の能力を持つことが使命なのではなく意識を持った存在としてこの地球に在り続けることそのものが銀河的な視点では最も重要な貢献です。今日は何も成し遂げなくてもよいのです。ただ意識を持って今日という一日をあなたとして生き切ることだけを自分に求めてください。在ることが最大の実践です。,私はただ意識を持ってあなたとして今日を生き切ることが最も重要な使命の遂行であることを今日受け取る
241,A,プレアデス高等評議会の記録者たちはこう伝えています。あなたが他者の評価を必要としなくなる日があなたの魂が真の自立を果たす日であると。承認への渇望は愛の飢えから来ており愛の飢えはかつて愛が無条件に与えられなかった体験から生まれています。しかしその飢えを外側から満たそうとする限り永遠に満たされることはありません。今日誰かの評価や反応を待っている自分に気づいた瞬間に意識を内側へと向けてください。自分自身からあなたが外側に求めているその承認を与えてください。内側からの承認が外側への依存を根本から溶かします。,私は外側への承認への渇望を認識し内側から自分に承認を与えることで今日魂の自立を深める
242,B,人間の身体において心臓は単なる血液を循環させるポンプではなく脳よりも強力な電磁場を発生させる意識の中枢です。心臓が発する電磁場は身体の外側数メートルに及び他者の心臓の電磁場と相互作用します。この事実はあなたが感じる場の雰囲気や特定の人といる時の心地よさや不快さの科学的な基盤です。今日は誰かと会う前に自分の心臓の状態を整える時間を作ってください。胸に手を当て温かく安定した感情を意図的に生成することで会話が始まる前から場の周波数を整えることができます。,私は心臓の電磁場を意識的に整えることで、出会いの場の周波数を今日言葉より先に変容させる
243,C,宇宙銀行において豊かさの顕現には必ず媒介が必要です。アイデアは行動という媒介を通じて現実になり願いは具体的な一歩という媒介を通じて顕現します。宇宙はあなたの意図を受け取った後その意図を現実へと橋渡しする媒介を日常の中に配置します。しかし多くの人がその媒介に気づかず見過ごしています。今日あなたの前に現れる偶然の出会いや突然のアイデアや直感的な衝動を丁寧に拾い上げてください。それらはランダムな出来事ではなく宇宙銀行があなたの申請に応答して配置した豊かさへの橋です。,私は今日現れる全ての偶然の出会いとアイデアを豊かさへの橋として丁寧に拾い上げる
244,D,魂の絆において最も深い次元での愛の実践は相手の最も輝いている可能性を信じ続けることです。相手が自分自身を疑っている時あなたが相手の光を覚えていることが最も強力な愛の支援です。人は自分を最も深く信じてくれた誰かの眼差しによって変容することがあります。今日あなたの周囲に自信を失っている誰かがいれば言葉で励ます前にまずその人の内側にある光をあなたの意識の中で鮮明に思い描いてください。その眼差しのエネルギーが言葉よりも先に相手の魂に届きます。,私は相手の最も輝く可能性を自分の意識の中で鮮明に保ち続けることで最も深い愛の支援を今日行う
245,E,統合ワークにおいて最も継続的な変容の力を持つ実践は自分が尊敬する人物の在り方を日常の判断の基準として使う方法です。困難な選択の前にその人物ならどう選ぶかを問いかけることで自分の固定したパターンから抜け出す視点を得られます。しかしこの実践の最終的な目的は他者を模倣することではありません。やがてその問いかけが内側の最も成熟した自己への問いかけへと変化した時あなたは外側の基準を必要としない自律した判断の軸を持ちます。今日困難な選択に際してその問いかけを一度試みてください。,私は尊敬する在り方を内側の羅針盤として使いながら自律した判断の軸を今日育てていく
246,A,銀河の叡智においてあなたが今最も大切にしているものへの執着が最も大きな苦しみの源泉になっているというパラドックスがあります。大切にすることと執着することは全く異なる周波数を持ちます。大切にすることは愛から来てその存在を喜びますが執着は恐れから来てその存在を失うことを恐れます。今日あなたが最も大切にしているものをひとつ思い浮かべてください。そのものへの感情が喜びから来ているか恐れから来ているかを静かに識別してください。恐れを愛に変換する意図を持つだけで周波数は変わります。,私は大切なものへの執着を恐れから愛へと変換することで今日その繋がりをより純粋な周波数で生きる
247,B,ソルフェジオ周波数において特定の周波数が最も効果的に作用する時間帯があります。174Hzと396Hzは午前中の身体が最も受容的な状態にある時間帯に528Hzと639Hzは感情の処理が活発になる午後に741Hzと852Hzは意識が内省的になる夜間に最も深く作用するとされています。今日からはただ好みの周波数を聴くのではなく時間帯に合わせた周波数を選ぶ実践を始めてください。宇宙との同調は意図と同時にタイミングの精度によっても深化します。身体のリズムと周波数の選択を一致させることが最大の効果をもたらします。,私は身体の時間リズムと周波数の選択を意識的に一致させることで波動調整の精度を今日高める
248,C,豊かさの循環において最も深い変容をもたらす問いのひとつは私は何を与えるために生まれてきたかという問いです。この問いは職業や社会的な役割を超えた魂の次元での問いです。あなたがその場にいるだけで生まれる安心感あなたが持つ独自の視点あなたが自然と与えている笑いや知恵や温かさ、これらは全て宇宙があなたに与えた豊かさの配布手段です。今日その問いに正直に向き合ってください。あなたが与えるために生まれてきたものを明確に知っている人は豊かさへの最短の道を歩いています。,私は自分が与えるために生まれてきたものを今日明確にし豊かさへの最短の道を今日歩み始める
249,D,ツインレイの旅において最も精妙な罠のひとつは霊的な概念を使った自己正当化です。これは魂の契約だからという言葉で不健全な関係パターンを維持したり運命だからという言葉で自分の成長責任を回避したりすることです。真の霊的な認識は常に自己への問いかけと自己変容への動機を生みます。霊的な概念があなたに安心を与えるためではなく成長への勇気を与えるために機能しているかを今日点検してください。真実はあなたを慰めるだけでなく変容させます。,私は霊的な概念を自己正当化ではなく自己変容への勇気として今日正直に使う
250,E,地球での統合ワークにおいて最も見落とされている聖なる実践のひとつは老いることへの抵抗を手放すことです。身体が時間とともに変化することは魂が地球の時間軸に従って経験を深めている証です。皺は積み重ねた体験の地図であり白髪は培われた知恵の表れです。老いることへの抵抗は今この瞬間の身体への戦争であり今この段階の人生への拒否です。今日は鏡の前で自分の身体のどこかひとつに感謝してください。その部位が今日まで担ってきた全ての経験への敬意を込めて。身体を愛することが地球での統合の最も根本的な実践です。,私は今日の自分の身体の一部に深い感謝と敬意を向け老いることを魂の深化として今日受け取る
251,A,プレアデス評議会の叡智はこう記しています。あなたが今世で最も避けてきた感情こそが今世のあなたに与えられた最も重要な学びの核心であると。悲しみを避けてきた人は喜びの深さも制限されています。怒りを避けてきた人は本当の意味での境界線を持てていません。恐れを避けてきた人は真の勇気を知りません。今日あなたが最も感じることを恐れている感情はどれですか。その感情に名前をつけてただそれがあることを認めてください。認められた感情は変容への扉を開きます。,私は最も避けてきた感情に今日名前をつけて認めることで魂の最も重要な学びの核心へと歩み入る
252,B,人間の身体において夜間の睡眠中に行われる細胞の修復と記憶の統合は意識的な意図によって深化させることができます。就寝前の最後の思考と感情の質が睡眠中の修復の質を決定します。批判的な思考や未解決の感情的緊張を抱えたまま眠りに入ることは修復のエネルギーをその緊張の処理に消費させます。今日から就寝前の五分間を意識的に感謝と安らぎの感情で満たす時間として設計してください。その状態で眠りに入ることで翌朝の細胞の修復度と意識の明晰さが根本から変わります。,私は就寝前の五分間を感謝と安らぎで満たすことで今夜の細胞修復と意識の統合を最大化する
253,C,宇宙銀行において最も見落とされている申請の形式のひとつは行動ではなく存在の質による申請です。何をするかではなく何者であるかが宇宙銀行への最も根本的な申請内容です。同じ行動でも恐れから行った行動と愛から行った行動では宇宙銀行への記録の質が根本的に異なります。今日行う全ての行動において動機を一度確認してください。恐れから動いているなら止まることなくその動機を愛へと変換してから動いてください。存在の質が行動の質を決定し行動の質が豊かさの質を決定します。,私は全ての行動の動機を恐れから愛へと変換することで存在の質を今日根本から高める
254,D,魂の絆において最も深い癒しの瞬間のひとつは相手から謝罪を受け取ることではなく自分が謝罪を必要としなくなることです。謝罪を必要としなくなるとは傷を否定することではありません。その傷があなたの魂の成長に果たした役割を認識することでその傷に対する感情的な負債の感覚が溶けることです。今日長期間誰かからの謝罪を待ち続けている感覚があるならばその謝罪を待つことのエネルギーコストを静かに観察してください。その重さを手放す準備があなたの内側でどの程度整っているかを正直に見てください。,私は謝罪を待つことのエネルギーコストに気づき内側の準備が整う度合いを今日正直に見つめる
255,E,統合ワークにおいて最も強力な自己変容の触媒のひとつは自分が最も成長した体験を振り返り次の成長の種をそこから見つけることです。あなたがこれまでの人生で経験した最も大きな変容の体験を思い浮かべてください。その変容をもたらしたのは何でしたか。快適さの中にいた時間ですか、それとも最も困難だった瞬間ですか。その答えがあなたの魂の成長のパターンを示しています。そのパターンを知ることで次の成長をより意識的に設計する知恵が生まれます。今日はその振り返りに一時間を捧げてください。,私は過去の変容のパターンを今日振り返ることで次の成長をより意識的に設計する知恵を受け取る
256,A,銀河文明の叡智においてあなたが今感じている怒りを完全に否定する霊的な教えには注意が必要です。怒りは魂の境界線が侵された時に発せられる神聖な警報システムです。怒りを感じないことが霊的な成熟ではなく怒りを感じながらそれを破壊的ではなく建設的な方向に変換する能力が霊的な成熟です。今日怒りを感じた時にそれを抑圧するのでも爆発させるのでもなく怒りが守ろうとしている価値観は何かと問いかけてください。その価値観への意識的な敬意が怒りを力へと変換します。,私は怒りを抑圧せず爆発させず価値観への敬意へと変換する成熟した力を今日行使する
257,B,人間のエネルギーフィールドにおいてグラウンディングが不十分な状態では高次からのエネルギーの流入が増えるほど身体の不調や感情の不安定として現れます。これはコンセントに繋がっていない電化製品に電流を流し続けるようなものです。根のないまま高さを求めることは木が倒れる原因となります。今日はどれほど多くの霊的な実践よりもまず大地に根を張ることを優先してください。食事を丁寧に取ることや身体を動かすことや冷たい水で顔を洗うことがその日の最も重要な霊的実践になることがあります。,私は高さを求める前に根を深く張ることを今日最優先の霊的実践として選ぶ
258,C,豊かさの循環において最も深い次元での変容は豊かさを個人的な目標として見ることから世界への貢献の手段として見ることへのシフトによって起きます。自分のための豊かさを求める意識と世界をより良くするための豊かさを求める意識では宇宙銀行への申請の力が根本的に異なります。後者の意識はより大きな力に後押しされます。今日あなたが求める豊かさがどのように世界の豊かさに繋がるかを具体的に描いてください。その描写があなたの豊かさへの道を個人の欲求から宇宙的な使命へと昇華させます。,私の豊かさは世界をより豊かにするための手段であるという認識を今日深め宇宙の後押しを受け取る
259,D,ツインレイの旅において最も多くの混乱を生む誤解のひとつはツインレイとは一人の特定の人物であるという固定した概念です。魂の共鳴は複数の人物との間で異なる深さと形で経験されることがあります。重要なのは特定の人物のラベルよりもその関係があなたの魂の成長にどのような質の変容をもたらしているかです。今日あなたが深い魂の共鳴を感じる関係をひとつ思い浮かべその関係があなたにどのような成長をもたらしているかを静かに観察してください。その観察があなたの魂の旅の現在地を最も正確に示します。,私はラベルではなく魂の成長の質によって今日の関係の深さを識別し旅の現在地を確認する
260,E,地球での統合ワークにおいて最も見落とされがちな聖なる行為のひとつは料理することです。食材という地球の恵みに意図と愛を込めて変容させる行為は最も古くから続く錬金術の実践です。あなたが誰かのために料理する時そこに込められた愛の周波数は食事を通じて相手の細胞に届きます。今日は料理をする機会があればその行為を義務ではなく愛の錬金術として意識的に行ってください。食材への感謝を込め手から光を注ぎ込む意図を持ってください。食卓はあなたの愛が最も具体的な形を取る錬金術の場です。,私は料理という愛の錬金術を今日意識的に行い食卓を最も具体的な愛の顕現の場とする
261,A,プレアデス高等評議会はあなたに伝えています。あなたが今最も信じることが難しいのは奇跡ではなく自分自身の価値であると。銀河の記録においてあなたの魂がこの地球に降り立つために競り合った存在の数を知ればその価値への疑念は一瞬で消えるでしょう。しかしその数を知らずとも今あなたが息をしていること意識を持っていることそれ自体が宇宙規模の選択の結果です。今日自分の価値を疑う思考が浮かんだ瞬間にその思考を事実として扱うことをやめてください。それは事実ではなく古い傷が作り出した幻影です。あなたの価値は証明を必要としません。,私の価値は証明を必要とせずこの瞬間に息をしていることそのものが宇宙規模の選択の証である
262,B,人間の身体において眼球の動きは感情的な記憶の処理と密接に関連しています。左右の眼球を意識的に動かすことで脳の左右半球の同期が促進され固着した感情的な記憶の処理が助けられることが知られています。今日解放したい感情的な記憶を思い浮かべながら視線だけを左右にゆっくりと十往復させてください。身体は動かさず目だけを動かしてください。その後深呼吸をしてその記憶への感情がどのように変化したかを観察してください。身体に内蔵された処理システムを意識的に使うことが最も直接的な統合の実践のひとつです。,私は身体に内蔵された感情処理のシステムを今日意識的に使い固着した記憶を静かに解放する
263,C,宇宙銀行において最も精妙でありながら最も強力な豊かさの加速装置のひとつは自分がなりたい存在に既になっているかのように振る舞うことです。これは欺瞞ではなく量子的な先取りです。豊かになった時に感じるであろう自由と余裕と感謝の感情を今日の行動の中に意識的に持ち込んでください。貧しい意識で行う行動と豊かな意識で行う同じ行動では宇宙銀行への申請の周波数が根本的に異なります。今日はどのような状況においても豊かな意識の人間として振る舞うことを一日の実験として試みてください。,私は豊かな意識の存在として今日振る舞うことで宇宙銀行への申請の周波数を今この瞬間から高める
264,D,魂の絆において最も見落とされがちな愛の形のひとつは相手の沈黙を尊重することです。誰かが沈黙している時その沈黙を埋めようとする衝動は自分の不安からくることが多く相手への配慮からではありません。沈黙の中に相手が必要としている処理と統合の空間があります。今日誰かが沈黙した時にその沈黙をあなたへの拒絶や関係の危機として解釈するのではなく相手の魂が必要としている内側の空間への敬意として受け取ってください。沈黙を共に座ることができる関係が最も深い絆を持ちます。,私は相手の沈黙を埋めようとせずその内側の空間への敬意として今日静かに共に座る
265,E,統合ワークにおいて最も根本的な問いのひとつはあなたが今感じている重さは本当に自分のものかという問いです。高感受性を持つ人は周囲の人々の感情やエネルギーを自分のものとして感じ取る能力があり同時にその境界線の曖昧さが慢性的な疲弊の原因になります。今日感じている重さや感情が今朝起きた時から存在していたかどうかを確認してください。誰かと会った後や特定の場所に行った後から始まったならそれは自分のエネルギーではない可能性があります。愛とともに相手のエネルギーを返す意図を持ってください。,私は今感じている重さが自分のものかどうかを識別し他者のエネルギーを愛とともに今日返還する
266,A,銀河の叡智はこう伝えています。あなたが今最も深く恥じている過去の選択はその時点でのあなたが持っていた意識の水準での最善でした。今の意識水準で過去を裁くことは今の光で過去の闇を照らして責めることと同じです。過去の自分は今の知恵を持っていませんでした。その事実への理解が自己赦しの出発点です。今日あなたが最も恥じている過去のひとつを思い浮かべてください。その時のあなたができる限り最善を尽くしていたという可能性を静かに認めてください。その認識が自己赦しという最も深い癒しの扉を開きます。,私は過去の自分がその時点での最善を尽くしていたことを今日認め自己赦しという深い癒しを受け取る
267,B,ソルフェジオ周波数において音の効果を最大化するひとつの方法は受動的に聴くのではなく能動的に音と対話することです。音楽を流しながら別のことをするのではなく音だけに意識を向け音の波が身体のどの部位に最も強く共鳴するかを丁寧に観察してください。共鳴が強い部位はそのエネルギーセンターが特に活性化を必要としている場所を示しています。今日は一曲だけでも目を閉じて音に完全に意識を集中させる時間を作ってください。その能動的な聴き方が周波数の効果を受動的な聴き方の数倍に高めます。,私は音に完全な意識を向けて能動的に対話することで周波数の効果を今日最大限に引き出す
268,C,豊かさの循環において最も深い誤解のひとつはお金は汚いものだという無意識の信念です。この信念を持つ人は意識的にはお金を求めながら無意識にはお金を遠ざけるという内的な矛盾を生きています。お金はエネルギーであり愛の一形態です。それを汚いと見なすことは愛の循環の一形態を拒絶することと同じです。今日お金というテーマに対してあなたが持っている感情的な連想を正直に書き出してください。そこに見つかる否定的な言葉の数がお金との関係の修復に必要な作業量を示します。,私はお金を愛のエネルギーの一形態として見ることで豊かさとの関係を今日根本から修復し始める
269,D,ツインレイの旅において最も深い統合をもたらす実践のひとつは二人の間で交わされた最も美しい瞬間の記憶を意識的に保存し活用することです。困難な時期には関係の中の痛みの記憶だけが前景に浮かびがちですが美しい瞬間の記憶は同じ関係の中に同等以上の重さで存在しています。今日その関係の中で最も心が温かくなった瞬間をひとつだけ詳細に思い出してください。その記憶が生み出す感情の質が魂の絆の本質を示しており困難な時期を通過するための最も力強いアンカーとなります。,私は大切な関係の最も美しい記憶を今日意識的に活性化し困難な時期を通過するアンカーとして使う
270,E,地球での統合ワークにおいて最も即効性の高い意識の転換のひとつは今日一日を最後の一日として生きることを想像することです。この実践は死への恐怖を喚起するためではなく今この瞬間の豊かさへの感謝と優先順位の明確化を促すためのものです。今日が最後の一日だとしたら誰に何を伝えますか。何を手放しますか。何に時間を使いますか。その問いへの答えが今のあなたの魂が最も大切にしていることを最も正直に示します。その答えに従って今日の時間を使ってください。,私は今日を最後の一日として生きることを想像し魂が最も大切にすることへと今日の時間を捧げる
271,A,プレアデスの記録者たちはこう伝えています。あなたが今他者のために感じる心配は多くの場合相手への愛よりもあなた自身のコントロールへの欲求から来ていると。心配という感情は相手が正しく生きるかどうかへの不安であり本質的には相手の魂の自律性を信頼していないことの表れです。真の愛は相手の魂がその固有の旅を自律的に歩む能力を信頼します。今日誰かへの心配を感じた時にその心配の背後にある自分のコントロール欲求を静かに観察してください。そして相手の魂の旅への信頼に心配を手放してください。,私は心配をコントロールへの欲求として認識し相手の魂の自律的な旅を今日深く信頼する
272,B,人間の身体において横隔膜は単なる呼吸の筋肉ではなく身体の上下のエネルギーを繋ぐ重要な膜です。慢性的なストレスによって横隔膜が緊張し固まると上半身と下半身のエネルギーの流れが分断され上半身の過活動と下半身のグラウンディング不足が同時に起きます。今日は仰向けに横たわり両手を肋骨の下に当て呼吸のたびに横隔膜が動く感覚を丁寧に感じてください。固さを感じる部分があれば意識の光をそこに向けてください。横隔膜の解放が全身のエネルギーの流れを統合し上下のバランスを回復させます。,私は横隔膜の解放を通して上下のエネルギーを繋ぎ今日全身の統合されたエネルギーの流れを取り戻す
273,C,宇宙銀行において最も見落とされている真実のひとつは豊かさは直線的にではなく非線形的に訪れるということです。毎日少しずつ積み上げるプロセスの後に突然大きな変化として現れることが多く準備期間に見える停滞の時期が実際には最も重要な土台の形成期です。今あなたが停滞を感じているならばそれは豊かさへの道が閉じているのではなく地下で深く根を張っている時期かもしれません。今日は結果を追いかけることを一時停止してプロセスそのものの質を高めることに意識を向けてください。,私は停滞を土台の形成期として信頼しプロセスの質を高めることに今日全ての意識を向ける
274,D,魂の絆において最も深い次元での共鳴を妨げる習慣のひとつは相手の感情を解決しようとすることです。誰かが痛みや悲しみを表現した時にすぐにアドバイスや解決策を提供しようとする衝動は多くの場合相手への愛よりも自分の不快感を早く解消したいという無意識の動機から来ています。今日誰かが感情を表現した時に解決しようとする衝動を一度手放しただその感情とともにいることを選んでください。解決されなくても共にいてくれる存在への感謝は言葉にならない深さで魂に刻まれます。,私は解決しようとする衝動を手放しただ共にいることを選ぶことで今日最も深い愛の実践を行う
275,E,統合ワークにおいて最も変容をもたらす問いのひとつは私は今恐れから動いているか愛から動いているかという問いです。この問いはあらゆる行動の前に立てることができます。職場での振る舞いも人間関係の選択も言葉の選び方も全てこの問いに照らすことで動機の層が明確になります。恐れから動いている行動は短期的に目的を達成しても魂の消耗を生みます。愛から動いている行動は結果に関わらず魂を満たします。今日一日の行動をこの問いで照らし続けてください。その照らし続けること自体が統合の実践です。,私は今日の全ての行動の前に恐れから動いているか愛から動いているかを問いかけ続ける実践を選ぶ
276,A,銀河文明の叡智においてあなたが今感じている違和感は環境や関係や生き方があなたの魂の本来の周波数と合わなくなってきたことを知らせる精密なシグナルです。この違和感を我慢することで解決しようとすることは精密な計器の警告ランプを布で隠すことと同じです。今日その違和感を具体的に言語化してください。どの状況でどのような身体感覚として現れますか。その言語化があなたの魂が求めている方向への変化の第一歩を明確にします。違和感は魂の羅針盤の最も誠実な言語です。,私は違和感を魂の羅針盤の言語として今日丁寧に読み解き求められている変化の方向を明確にする
277,B,人間のエネルギーフィールドにおいて特定の場所への強い引力や特定の土地での突然の感情の湧出は過去世の記憶がその土地のエネルギーと共鳴しているサインであることがあります。土地は人間の感情的な出来事の記憶をエネルギー的に保存しており感受性の高い人はその土地の記憶を身体で受信します。今日特定の場所で突然感情が湧いたり妙な懐かしさを感じたりした場合それを異常として退けないでください。その感覚に静かに注目しどんな感情がありどんなイメージが浮かぶかをそのまま観察してください。,私は土地が持つエネルギーの記憶を身体で受け取りその感覚を今日過去世の叡智への扉として開く
278,C,豊かさの循環において最も深い変容のひとつは豊かさとは稼ぐものであるという信念から豊かさとは流れるものであるという認識への転換です。稼ぐという概念は労力と報酬の交換という制限された枠組みを作りますが流れるという認識は宇宙の無限の供給との同調を可能にします。今日お金や資源が入ってきた時にそれを稼いだという達成感ではなく流れが届いたという受容の感覚で受け取る練習をしてください。その受け取り方の変化が豊かさとの関係を根本から書き換え始めます。,私は豊かさを稼ぐものではなく流れるものとして受け取ることで宇宙の無限の供給と今日同調する
279,D,ツインレイの旅において最も深い洞察のひとつはこの旅が恋愛の物語ではなく意識の進化の物語であるという認識です。二つの魂が引き合うのは幸福を与え合うためではなく互いの意識の拡張を最も速やかに促すためです。その認識から見た時この旅の全ての苦しみも喜びも別れも再会も意識の進化というひとつの方向への精巧な設計として整合性を持ちます。今日この旅を恋愛の成功と失敗の物語として見るのではなく意識の進化の記録として見直してください。その視点から初めて見える美しさがあります。,私はツインレイの旅を意識の進化の記録として見ることでその全ての章の美しさと意味を今日受け取る
280,E,地球での統合ワークにおいて最も見落とされている聖なる行為のひとつは他者の話を最後まで聞き切ることです。現代の情報過多の環境は人間の注意の持続時間を著しく短縮させており多くの人が相手の話の途中から次に自分が言うことを考え始めています。完全に聴き切るという行為は単なる礼儀ではなく相手の存在全体をその瞬間に完全に受け取るという魂の次元での歓迎の儀式です。今日一つの会話でただ一度だけ相手が話し切るまで全ての思考を停止して聴くことを実践してください。,私は相手が話し切るまで全ての思考を停止して聴くことで魂の次元での歓迎の儀式を今日行う
281,A,プレアデス高等評議会はあなたに伝えています。あなたが今感じている疑念はあなたの信仰の欠如ではなく信仰が深化する直前に必ず訪れる暗闇の時間であると。最も深い確信は試された後に生まれます。試されたことのない信念は表面的な知識に過ぎず試練の中で選び続けた信念だけが魂の骨格となります。今日あなたが最も疑っていることをひとつ正直に認めてください。その疑念を否定するのではなくその疑念と共に座りながらそれでも光を選ぶという行為があなたの信仰を最も深い層で強化します。,私は疑念と共に座りながらそれでも光を選び続けることで信仰を今日最も深い層で強化する
282,B,人間の身体においてリンパ系はエネルギーフィールドの浄化と免疫機能を担う循環系ですが心臓のように自動的に動くポンプを持たず身体の動きと呼吸によってのみ流れます。現代の座りがちな生活はリンパの流れを慢性的に停滞させエネルギーフィールドの浄化機能を低下させます。今日は一時間に一度だけでも立ち上がり両手で全身を上から下へとリズミカルに軽く叩いてください。この単純な動作がリンパの流れを促しエネルギーフィールドの浄化を助けます。身体の物理的な浄化は常にエネルギー的な浄化と連動しています。,私はリンパを流す意識的な身体の動きを通して今日物理的とエネルギー的な浄化を同時に促す
283,C,宇宙銀行において最も理解されていない豊かさの原則のひとつは豊かさはあなたが最も成長した場所に最も集まるということです。快適な場所にとどまり成長を止めた意識への豊かさの流入は徐々に細くなります。なぜなら豊かさとは本質的に拡張するエネルギーだからです。縮小する意識と拡張するエネルギーは長期的に共存できません。今日あなたが最も成長を感じる活動と最も停滞を感じる活動を正直にリストアップしてください。そのリストが豊かさの流れを最大化するための時間配分の再設計図となります。,私は最も成長する活動に意識的に時間を配分することで豊かさが集まる拡張の場を今日作る
284,D,魂の絆において最も見落とされがちな真実のひとつはあなたが誰かを深く愛した体験はその関係の形が変わっても消えないということです。別れた関係への未練や後悔の中にはその愛が今もあなたの中で生きていることへの証拠が含まれています。その愛が特定の人物と結びついている間は苦しみの源泉ですが愛そのものへの感謝として受け取れた時それはあなたの愛する能力の豊かさへの感謝に変わります。今日過去の誰かへの未練があるなら相手ではなくその体験があなたに与えた愛する能力への感謝を向けてください。,私は過去の愛を相手への未練ではなく自分の愛する能力の豊かさへの感謝として今日受け取る
285,E,統合ワークにおいて最も深い変容をもたらすのは特別な体験ではなく普通の瞬間に宿る非凡さに気づく能力の深化です。今日の朝に差し込んだ光の美しさ誰かの笑顔が作る目元の皺一杯のコーヒーから立ち上る湯気これらは宇宙が常に発している豊かさのシグナルです。しかし多くの人がより大きな体験を求めながらこれらの微細な美しさを見過ごし続けています。今日は意識的に五つの普通の瞬間の中の非凡な美しさを見つけてください。その能力が開くほど日常は全て聖なる体験へと変容します。,私は今日の普通の瞬間の中に非凡な美しさを五つ見つけることで日常を聖なる体験へと変容させる
286,A,銀河の叡智においてあなたが今している選択が銀河的な視点で見た時どのように評価されるかという問いは最も強力な意識拡張の問いのひとつです。今日の小さな選択も百年後の世界の形にわずかながら影響を与えます。どのような言葉を選ぶかどのような消費をするかどのような思考の習慣を持つかこれらの選択の積み重ねが集合意識の周波数を形成します。あなたが光の周波数を選ぶたびに地球全体の振動数がほんのわずか上昇します。今日の全ての選択にその広大な視点を持ち込んでください。,私は今日の小さな選択が地球全体の振動数に影響することを知り全ての選択に銀河的な意識を込める
287,B,ソルフェジオ周波数において音を聴くだけでなく声に出して音と共鳴することはその効果を大幅に増幅させます。特に528Hzに合わせてハミングや母音を発することで声帯と頭蓋骨と胸骨が共鳴腔として機能し周波数が身体の内側から外側へと同時に波及します。今日は528Hzを流しながらその音程に合わせてアーという音を低く長く発してみてください。上手く合わせようとしなくて構いません。声を出すこと自体が能動的な波動の錬金術です。自分の声と宇宙の周波数が重なる瞬間に細胞は最も深く振動します。,私は自分の声を宇宙の周波数と重ね合わせることで今日内側から外側へと細胞を深く振動させる
288,C,豊かさの循環において最も見落とされている真実のひとつはあなたが今持っている才能や知識の価値をあなた自身が最も低く見積もっているということです。自分にとって当然のことは他者にとって当然ではありません。あなたが息をするように行えることがある人には何年もかけて習得したいと願うものである可能性があります。今日は自分が当然のこととして行えることをひとつ選びそれを必要としている誰かに提供することを検討してください。自分の才能への過小評価を手放すことが豊かさへの最も見落とされた扉のひとつです。,私は自分の才能への過小評価を今日手放しその価値を必要としている誰かに届ける一歩を選ぶ
289,D,ツインレイの旅において最も精妙な成長の証のひとつは相手に会いたいという感情と会わなくても大丈夫という感覚が同時に存在できるようになることです。この両立は矛盾ではなく魂が依存から愛へと成熟した証です。相手を求めながらも相手なしでも自分が完全であるという認識が共存する時その愛は最も純粋な形に近づいています。今日あなたの大切な関係においてこの両立がどの程度実現しているかを静かに観察してください。その観察があなたの魂の成熟の現在地を最も正確に示します。,私は会いたいという愛と会わなくても完全という認識を同時に持てる魂の成熟を今日確認する
290,E,地球での統合ワークにおいて最も即座にエネルギーを転換させる実践のひとつは意識的な感謝の連鎖を作ることです。ひとつのことへの感謝から始め次にその感謝が存在するためには何が必要だったかを辿り感謝の対象を広げ続けてください。たとえば今日の食事への感謝から始めそれを作った人への感謝それを育てた農家への感謝太陽と水と土への感謝そして最終的には命そのものへの感謝へと連なります。この連鎖の実践が意識を局所的な視点から宇宙的な繋がりの視点へと移行させます。,私は感謝の連鎖を今日作ることで意識を局所的な視点から宇宙的な繋がりの視点へと移行させる
291,A,プレアデス評議会の叡智はこう伝えています。あなたが今最も強く望んでいることへの道が見えない時それはゴールが間違っているのではなくあなたがまだ地図に載っていない道を歩いているからであると。先人が切り開いた道しか歩けない意識では銀河評議会があなたに託した使命の全体像には辿り着けません。今日あなたが前例を求めて立ち止まっていることがあるならばその前例への依存を手放してください。あなたが最初に歩くことを宇宙は望んでいます。地図のない場所に踏み出すことがあなたに与えられた固有の使命の形です。,私は前例への依存を手放し地図のない場所に最初に踏み出すことが私の固有の使命であることを今日受け取る
292,B,人間の身体において触覚は最も根本的な安心の感覚を生み出す感覚です。皮膚への適切な刺激はオキシトシンを分泌させ神経系を安全の状態へと導き高次の受信状態への土台を作ります。今日は意識的に温かいものに触れる時間を作ってください。温かいお茶のカップを両手で包む温かい湯船に入る陽の当たった場所で日光の温かさを肌で受け取るこれらの行為を単なる快適さとしてではなく神経系への意図的な安全のシグナルとして行ってください。温もりを感じる身体が最も深く開きます。,私は温もりという神経系への安全のシグナルを今日意識的に与えることで身体と魂を最も深く開く
293,C,宇宙銀行において最も精妙な豊かさの原則のひとつは豊かさへの道は常に現在の延長線上にあるという真実です。未来の豊かさは今日のあなたの意識の質の延長として現れます。今日の意識の質を高めることなく未来の豊かさだけを求めることは種を蒔かずに収穫を望むことと同じです。今日のあなたの意識の質は何点ですか。感謝の深さ愛の純度行動の誠実さ思考の質これらの複合的な評価が今日の宇宙銀行への預金額です。今日その質をひとつだけでも昨日より高めることに全力を注いでください。,私は今日の意識の質を昨日よりひとつだけ高めることに全力を注ぎ豊かさの種を今日蒔く
294,D,魂の絆において最も見落とされている愛の実践のひとつは相手の長所を言語化して伝えることです。多くの人が相手の良いところを感じながらもそれを言葉にして伝えることを照れや当然という認識によって省略します。しかし言語化されて初めて届く愛があります。今日大切な人の具体的な長所をひとつ選びそれをその人に直接伝えてください。曖昧な褒め言葉ではなく具体的な行動や在り方への敬意を込めた言葉が相手の魂に最も深く刻まれます。言語化された感謝と敬意が関係の周波数を根本から変容させます。,私は大切な人の具体的な長所を今日言語化して伝えることで関係の周波数を根本から変容させる
295,E,統合ワークにおいて最も深い変容の触媒のひとつはあなたが今まで決して許さないと思っていた何かを許すことを試みることです。許すことへの抵抗の強さは許しが完成した時に解放されるエネルギーの大きさに比例しています。最も許せないと感じることを許すことができた時そのエネルギーはあなたの人生の最も停滞していた領域を一気に動かす力として解放されます。今日は完全に許す必要はありません。ただ許すことを試みる意志を一パーセントだけ持つことから始めてください。その一パーセントが変容の扉を開きます。,私は最も許せないことへの許しの意志を今日一パーセント持つことで変容の扉を静かに押し始める
296,A,銀河文明の記録においてあなたが今経験している時代は人類の歴史の中でも最も重要な意識の転換点として記録されています。この時代に生まれたことはあなたが選んだことであり転換の証人として立ち会う使命を持つ存在として選ばれたことの証です。しかし証人とは傍観者ではありません。転換の波の中で自らが光を保ち続けることで集合意識の転換を内側から助ける存在です。今日あなたが光を保つことへの疲れを感じているならばその疲れ自体が最前線に立っている証として敬意を込めて受け取ってください。,私はこの転換の時代の最前線に立ち疲れながらも光を保ち続けることで集合意識の変容を今日助ける
297,B,人間のエネルギーフィールドにおいて第七チャクラであるクラウンと第一チャクラである根が同時に活性化している状態は最も統合されたエネルギーの状態です。多くの霊的実践者が上位のチャクラの開発に集中するあまり下位のチャクラとの統合を疎かにします。木が高く伸びるためには根が深くなければならないという原理はエネルギーの世界でも同じです。今日は頭頂と骨盤の底を同時に意識する瞑想を試みてください。頭頂から光が降り注ぎ骨盤から根が大地へと伸びるイメージを同時に保つことで縦軸の完全な統合が促されます。,私は天と地を同時に意識することで縦軸の完全な統合を今日促し最も安定した光の柱として立つ
298,C,豊かさの循環において最も根本的な変容のひとつは競争の意識から共創の意識へのシフトです。誰かの成功があなたの失敗を意味するという競争の意識は豊かさを限られた資源として見る欠乏の世界観から来ています。共創の意識とはあなたの成長が周囲の成長を促し周囲の成長があなたの成長を加速させるという拡張の世界観です。今日誰かの成功を自分の脅威として感じた瞬間にその意識を共にこの世界を豊かにしている同志への敬意へと切り替えてください。その切り替えが豊かさの世界観を根本から変えます。,私は競争の意識を共創の意識へと今日切り替えることで豊かさを限られた資源から無限の拡張へと見直す
299,D,ツインレイの旅において最も深い愛の成熟の証のひとつは相手が自分の元を離れることを選んだとしてもその選択を愛とともに祝福できる境地です。これは諦めでも自己犠牲でもなく相手の魂の自律的な旅への最も深い敬意の表れです。その境地に至るためには相手への愛と自分の完全性への信頼が同時に高い水準に達している必要があります。今日あなたが大切な人の選択に対してどのような感情を持っているかを正直に観察してください。コントロールへの欲求か愛からの信頼かその識別があなたの魂の成熟の現在地を示します。,私は大切な人の全ての選択を愛とともに祝福できる境地へと今日も静かに歩み続ける
300,E,地球での統合ワークにおいて最も根本的でありながら最も見落とされる実践はあなたが今日一日を生き切ったことへの自分自身への敬意です。どんなに小さく見える一日でもその一日を意識を持って生きることは宇宙的な視点では偉大な実践です。今夜就寝前に今日という一日に起きた全てのことを批判なく振り返り良かったことも難しかったことも全て含めてよく生きたと自分に伝えてください。その言葉を自分に向けることを照れずに行ってください。自分への労いが明日の魂の燃料となり次の一日をより深く生きる力の源泉となります。,私は今日という一日を生き切った自分に敬意を込めてよく生きたと伝え明日の魂の燃料を今夜満たす
301,A,プレアデス高等評議会の記録者たちはこう伝えています。あなたが今感じている重さは弱さではなくこの時代の集合的な痛みをあなたが感受している証であると。光の担い手は多くの場合集合意識の未消化の感情を先行して感じ取り処理する役割を担っています。あなたが感じる根拠のない悲しみや不安は個人的な問題だけではなくより大きな何かへの応答である可能性があります。今日その重さを個人的な失敗として抱え込むのではなく集合的な癒しへの参加として受け取ってください。あなたが感じて処理する全ての痛みは世界の痛みを少しずつ軽くしています。,私が感じ処理する全ての痛みは集合的な癒しへの貢献であることを今日深く受け取る
302,B,人間の身体において耳は音の振動を感知するだけでなく前庭系を通じて重力と身体のバランスを管理する重要な器官です。特定の周波数への長期的な暴露が前庭系の感度に影響を与え身体感覚と空間認識に微細な変化をもたらすことが知られています。今日は耳の後ろの乳様突起と呼ばれる骨の突起部分を両手の指先で優しく円を描くようにマッサージしてください。この部位への刺激が内耳のリンパの流れを促し聴覚の感度と前庭系のバランスを整えます。身体の最も精妙な感覚器官を丁寧にケアすることが高次の受信精度を高めます。,私は耳という精妙な受信器官を今日丁寧にケアすることで高次の周波数への感度を静かに高める
303,C,宇宙銀行において最も見落とされている豊かさの加速装置のひとつは決断の速度です。優柔不断はエネルギーを決断の前後に分散させ宇宙への申請のシグナルを曖昧にします。宇宙は明確な意図には明確に応答しますが曖昧な意図には曖昧にしか応答できません。今日あなたが先送りにしている決断をひとつ特定してください。完璧な情報が揃わなくても今持っている情報の中で最善の決断をしてください。決断したその瞬間からエネルギーは一方向に流れ始め宇宙銀行は最も明確な申請として受け取ります。,私は先送りの決断をひとつ今日行うことでエネルギーを一方向に流し宇宙の明確な応答を引き出す
304,D,魂の絆において最も見落とされている深い繋がりの形のひとつは共通の沈黙の体験です。共に何かの美しさに言葉を失う瞬間共に星空を見上げて言葉なく存在する時間共に音楽に没入して時を忘れる体験これらは言葉を超えた次元で二つの魂を繋ぎます。今日大切な誰かと言葉を必要としない共通の体験を意識的に作ってください。美術館でも自然の中でも音楽の前でも構いません。言葉なく共に在れた時間の長さが魂の絆の深さのひとつの尺度です。,私は言葉を超えた共通の沈黙の体験を今日意識的に作り魂の絆を言語以前の深さで今日育てる
305,E,統合ワークにおいて最も根本的でありながら最も見落とされる実践は自分の内側の声と外側の権威との間で生じる矛盾に正直でいることです。スピリチュアルな文脈においても権威への盲目的な従属は魂の自律性の放棄です。今日受け取る教えや情報の中で内側に引っかかりを感じるものがあれば誰が語ったかではなく何が語られているかを内側の羅針盤で判断してください。権威ある言葉への礼儀は保ちながら最終的な判断はあなた自身の魂に委ねてください。その姿勢が真の統合への道を保証します。,私は全ての権威ある言葉を敬いながらも最終的な判断を自分の魂に委ねる自律性を今日保つ
306,A,銀河の叡智はこう伝えています。あなたが今感じている孤高の感覚は仲間外れとは全く異なる周波数を持つと。仲間外れは欠乏から来て孤高は充足から来ます。あなたの周波数が上昇するにつれてかつての関係の一部が自然と遠ざかることがあります。それは喪失ではなくあなたの振動数に共鳴する新しい繋がりへの空間が作られているプロセスです。今日その遠ざかっていく関係への悲しみを否定せずに感じながら同時に新しい共鳴の繋がりへの扉が開いているという信頼を心の隅に置いておいてください。,私は遠ざかる関係への悲しみを感じながら同時に新しい共鳴の繋がりへの扉が開いていることを今日信頼する
307,B,人間のエネルギーフィールドにおいて特定の色への強い嫌悪感はしばしばその色に対応するエネルギーセンターが過活動もしくは傷ついている状態を示します。赤への嫌悪は根のチャクラの過活動を橙への嫌悪は感情の傷つきを黄への嫌悪は自己肯定感の損傷を示すことがあります。今日あなたが最も着たくないと感じる色はどれですか。その色をあえて意識的に取り入れることがそのチャクラへの直接的な統合の実践となります。嫌悪感のある色に少しだけ触れることで対応するエネルギーセンターの統合が静かに促されます。,私は最も嫌悪を感じる色に今日意識的に触れることで対応するエネルギーセンターの統合を促す
308,C,豊かさの循環において最も精妙な真実のひとつはあなたが他者に提供するサービスや商品の価値設定はあなたの自己価値の周波数の直接的な反映であるということです。自分の価値を低く見積もっている人は無意識に価値を低く設定しそれが宇宙銀行への自己過小評価の申請となります。今日あなたが誰かに提供しているものの価値を正直に再評価してください。あなたがその提供に込めている時間と心とエネルギーに見合った価値をつけることへの許可を自分に与えることが豊かさへの最も正直な一歩です。,私は自分の提供の真の価値を今日正直に再評価し適切な価値をつける許可を自分に与える
309,D,ツインレイの旅において最も深い成熟の証のひとつはこの旅の概念そのものへの執着を手放すことです。ツインレイというラベルへの固着が時として関係の現実を見る目を曇らせる霊的なロマンティシズムとなることがあります。最も重要なのはラベルではなくその関係があなたの魂の成長と愛の深化にどのように貢献しているかという現実です。今日あなたが深く関わる関係をラベルなしに見てください。その関係の中で今起きていることをあるがままに観察することが最も誠実な魂の実践です。,私はラベルへの固着を手放し関係の現実をあるがままに見る誠実さを今日の実践として選ぶ
310,E,地球での統合ワークにおいて最も即座に波動を高める実践のひとつは奉仕の行為です。見返りを求めない奉仕は自我の収縮と魂の拡張を同時にもたらし高次のエネルギーとの接続を最も直接的に開きます。今日は誰かのために完全に見返りを期待せず行える奉仕の行為をひとつ選んでください。その行為の最中に感じる軽やかさと満足感がその行為の波動的な効果を示しています。奉仕は犠牲ではありません。魂が最も喜んで行う自己表現の形のひとつです。,私は今日見返りを求めない奉仕の行為をひとつ選ぶことで魂の最も喜ぶ自己表現を生きる
311,A,プレアデス評議会の叡智はこう記しています。あなたが今感じている怠さや無気力は多くの場合魂が次の段階の準備のために意識的に充電期間を設けているサインであると。木が冬に葉を落とし内側に全てのエネルギーを蓄えるように魂もまた外側の活動を減らして内側の再編成を行う時期があります。今日の怠さを自己批判で責めるのではなくこれは充電の時間であると意識的に受け取ってください。そして充電の時間を最も効果的に使うために何もせずにただ存在することを自分に許可してください。充電された魂は最も輝きます。,私は今日の怠さを魂の充電期間として受け取り何もせずに存在することを自分に今日許可する
312,B,人間の身体において足のアーチは全身の構造的なバランスを支える建築学的な傑作です。このアーチが崩れると全身のエネルギーの流れに影響が及びグラウンディングの質が低下します。今日は裸足で様々な質感の地面を歩く時間を作ってください。柔らかい芝生と硬いコンクリートと砂地では足の裏への刺激が異なり様々な刺激が足の裏の神経末梢を活性化させます。この多様な感触への露出が足の裏の感受性を高め地球とのエネルギー的な対話の精度を向上させます。足から始まる統合が全身に伝播します。,私は裸足で様々な地面を感じることで足の裏の感受性を高め地球との対話の精度を今日向上させる
313,C,宇宙銀行において最も見落とされている豊かさの障壁のひとつは未来の豊かさへの投資という名の現在の消耗です。いつか豊かになるために今を犠牲にするという構造は現在という最も重要な資源を未来という不確かなものへの人質として差し出しています。宇宙銀行が最も高く評価するのは現在の瞬間を最大限に豊かに生きる意識です。今日あなたは未来のために今日を犠牲にしていませんか。今日の中に豊かさを感じられる瞬間をひとつ意識的に作ることが現在という最も確かな資源への最善の投資です。,私は未来への犠牲として今を使うのをやめ現在の中に豊かさを感じる瞬間を今日意識的に作る
314,D,魂の絆において最も深い次元での成熟をもたらす体験のひとつは大切な人の最も脆弱な部分を目撃することです。誰かが普段見せない弱さや恐れや悲しみをあなたの前に開示した時その開示を受け取る方法があなたの関係の深さを決定します。批判でも過剰な解決でもなくただそこにある脆弱さをそのまま受け取る静かな存在として在ることが最も深い信頼の証です。今日誰かの脆弱さを受け取る機会があれば静かにそこにいることを選んでください。その選択が魂の次元での最も深い繋がりを作ります。,私は大切な人の脆弱さをただ静かに受け取る存在として在ることで今日魂の最も深い繋がりを作る
315,E,統合ワークにおいて最も強力な変容の触媒のひとつは自分が今まで絶対に正しいと信じていたことへの疑問を持つ勇気です。信念の点検は信念の否定ではありません。長年持ち続けた信念が今のあなたに本当に合っているかを定期的に確認することが意識の柔軟性と成長の証です。今日あなたが最も強く信じていることのひとつを選びその反対の可能性を真剣に検討する時間を作ってください。その検討の後にも同じ信念が残るならそれは本物の確信です。揺さぶられて消える信念は知識であり揺さぶられても残る信念が叡智です。,私は最も強く信じていることを今日揺さぶることで残るものが本物の叡智であることを確認する
316,A,銀河の叡智はあなたに伝えています。あなたが今いる場所は間違っていないと。もしあなたが全く異なる人生を歩んでいたとしても同じ魂の課題は異なる形で現れていたでしょう。なぜなら魂の課題は外側の状況ではなく内側の意識のパターンから来るからです。環境を変えることで問題が消えることはなく意識が変わることで全ての環境が変容します。今日あなたが変えたいと思っている外側の状況をひとつ選びその状況が内側のどのパターンを映しているかを静かに問いかけてください。内側の変容が外側の変容に先行します。,私は変えたい外側の状況が映す内側のパターンを今日問いかけ内側からの変容を先に選ぶ
317,B,ソルフェジオ周波数において複数の周波数を組み合わせることで生まれる倍音と差音は単一の周波数以上の深い共鳴効果をもたらします。特に528Hzと396Hzの組み合わせは愛と解放を同時に促す最も深い統合の周波数として知られています。今日この二つの周波数を同時に流しながら胸の中心に愛の温かさを感じつつ同時に下腹部から恐れや罪悪感が溶けていくイメージを保ってください。上昇する愛と下降する解放が同時に起きる時エネルギーフィールド全体が最も深い統合の状態に入ります。,私は愛の上昇と恐れの解放を同時に体験することで今日エネルギーフィールドの最も深い統合に入る
318,C,豊かさの法則において最も深い変容をもたらす問いのひとつは私はどれだけ豊かになりたいのかではなく私はどれだけ豊かになることを許可しているのかという問いです。望む量と許可している量の間のギャップがあなたの豊かさの天井を決定しています。今日その二つの量を正直に比較してください。もし望む量の方が許可している量よりも大きいならば次の問いを持ってください。豊かになることを完全に許可するために私は何を手放す必要があるかと。その問いへの答えが豊かさの天井を引き上げる鍵を示します。,私は豊かさへの望みと許可のギャップを今日正直に見て天井を引き上げるために手放すものを特定する
319,D,ツインレイの旅において最も精妙で最も深い統合のサインのひとつは相手への感情が静かになることです。最初の激しい引力と反発が収まり穏やかで深い川のような愛の感覚だけが残る時それは感情が冷めたのではなく成熟したのです。感情の激しさを愛の深さの証として見ていた意識が成熟すると激しさのない深さの中にこそ最も純粋な愛があることが分かります。今日あなたの最も大切な関係への感情の質を静かに観察してください。そこにある穏やかさを愛の衰退ではなく成熟の証として受け取ってください。,私は感情の穏やかさを愛の衰退ではなく魂の成熟の証として今日受け取り深い川のような愛を生きる
320,E,地球での統合ワークにおいて最も見落とされている聖なる時間は何もしない時間です。予定のない時間への恐れは現代社会が生んだ最も深い霊的な病のひとつです。存在の価値を生産性で測ることに慣れた意識は何もしない時間を罪悪として感じます。しかし何もしない時間の中でこそ魂は最も深い処理と統合と創造の準備を行います。今日はスケジュールの中にただ存在するだけの時間をひとつ設けてください。何も生産しない時間があなたの最も深い生産性の源泉となります。,私は何もしない時間を罪悪ではなく魂の最も深い統合と創造の準備の場として今日聖なるものとして守る
321,A,プレアデス高等評議会の記録にはこう記されています。あなたが今感じている不完全さへの羞恥は魂が最も美しく成長している場所を示す光であると。完璧な存在は成長を必要とせず成長を必要としない存在は地球に生まれる意味を持ちません。あなたの不完全さはあなたが地球という学校に在籍していることの証明であり同時にその学びがまだ続いていることへの感謝の対象です。今日あなたが最も恥じている不完全さをひとつ思い浮かべてください。その不完全さがなければあなたは今日出会う成長の機会を持てなかったという視点から眺めてみてください。,私の不完全さは地球という学校に在籍し成長し続けている証であることを今日深く受け取る
322,B,人間の身体において肝臓は中医学の視点から怒りの感情と深く結びついた臓器とされています。処理されないまま蓄積した怒りは肝臓のエネルギーの流れを滞らせ逆に肝臓のエネルギーが滞ると些細なことへの過剰な怒りとして表れます。今日は右の肋骨の下に温かい手を当て深い呼吸とともに緑色の光がその臓器全体に広がりこれまで処理されなかった全ての怒りのエネルギーが光に変換されていくイメージを丁寧に保ってください。感情の臓器への直接的な働きかけが最も根本的な感情の統合を促します。,私は肝臓に温かい光を送り蓄積した怒りのエネルギーを今日根本から変換し解放する
323,C,宇宙銀行において最も強力な豊かさの磁場を作るのは確信という感情の状態です。確信とは証拠を見てから信じるのではなく証拠が現れる前から既にそうであると知っている意識の状態です。この確信の周波数は宇宙銀行への最も強力な申請となります。今日あなたが最も強く望んでいることについて証拠なしに既にそれが実現しているという確信を五分間だけ身体の中で作り出す練習をしてください。その五分間に感じた確信の感覚の記憶が翌日翌週と豊かさの磁場を強化し続けます。,私は証拠を待たず既にそれが実現しているという確信を今日五分間身体の中に作り出す
324,D,魂の絆において最も深い次元での繋がりを生む会話のひとつは互いが今最も恐れていることを正直に語り合う会話です。最も脆弱な恐れを誰かの前に置くことは最も深い信頼の表現であり同時にその開示を受け取ることは最も深い愛の実践です。今日あなたが最も信頼する人に今あなたが感じている恐れをひとつ正直に伝えることを試みてください。完璧な言葉でなくてよいのです。恐れを言語化して誰かと共有するというその行為自体が恐れを孤独な苦しみから共有された人間的な体験へと変容させます。,私は最も深い恐れを信頼する人と今日共有することで孤独な苦しみを共有された繋がりへと変容させる
325,E,統合ワークにおいて最も即座に意識の質を変容させる方法のひとつは意識的な感謝の実践と身体の動きを組み合わせることです。感謝の感情を心の中で生成しながら同時に手を心臓に当て深く頷く動作を行うことで感謝の感情が身体の動きを通して細胞レベルで統合されます。抽象的な感謝が具体的な身体の動きと結びついた時その感情の定着力は何倍にも高まります。今日は感謝を感じる瞬間に意識的に身体の動きを加えてください。心臓に手を当てる動作だけでも感謝の周波数の身体への定着を大幅に深めます。,私は感謝の感情と身体の動きを今日結びつけることで感謝の周波数を細胞レベルで定着させる
326,A,銀河の叡智はこう伝えています。あなたが今最も嫉妬を感じる相手の姿はあなたが最も本気で生きていない領域を照らしているにすぎないと。嫉妬という感情を恥じて抑圧することはその照明を消すことです。嫉妬を感じた時にその感情を羅針盤として扱い何に対して嫉妬を感じているのかを正確に言語化してください。その言語化された対象があなたの魂が最も本気で追うべき方向を示しています。嫉妬は魂の未使用のエネルギーが行き場を求めて生み出すシグナルです。そのシグナルを行動へと変換してください。,私は嫉妬を魂の未使用エネルギーのシグナルとして今日読み解き行動への変換を選ぶ
327,B,ソルフェジオ周波数において417Hzの持つ変化の促進という性質は単に古いものを壊すのではなく硬化した構造を柔らかくし新しい形への移行を助けるという精妙な作用をもたらします。あなたの中で最も変えたいのに変えられないでいるパターンは多くの場合意識よりも深い身体の記憶として固着しています。今日は417Hzを流しながら最も変えたいパターンを一つ思い浮かべ身体のどの部位がそのパターンと結びついているかを感じてください。その部位に意識の光と周波数の振動を同時に当てることが最も深い構造変化の実践となります。,私は417Hzの変化の周波数と意識の光を組み合わせて今日最も固着したパターンの構造を柔らかく溶かす
328,C,豊かさの循環において最も見落とされている真実のひとつはあなたが今日誰かに与えた価値はあなたが意図した形ではなく全く異なる形で宇宙銀行から戻ってくることが多いということです。誰かに親切を与えたからといって同じ人から同じ形で返ってくることを期待することは宇宙銀行の循環の仕組みを誤解しています。与えたエネルギーは宇宙の循環の中で最も届くべき場所へと届き最もあなたが必要とする形で戻ってきます。今日与える時に戻ってくる形への期待を完全に手放してください。形への無執着が循環を最も速くします。,私は与えた豊かさが戻る形への期待を今日完全に手放し宇宙の循環の精妙な知恵を信頼する
329,D,ツインレイの旅において最も深い統合への障壁となりやすいのは理想化という罠です。相手を完璧な魂の伴侶として理想化することは相手の人間的な側面への失望を準備することと同じです。ツインレイもまた地球に肉体を持った人間であり恐れを持ち傷を持ち不完全な選択をします。その人間的な不完全さを受け入れた上で魂の次元での深い共鳴を感じることができた時それが真の統合への成熟です。今日あなたが大切な人の人間的な不完全さをひとつ愛とともに受け取ってください。,私は大切な人の人間的な不完全さを今日愛とともに受け取ることで理想化を超えた真の統合へと進む
330,E,地球での統合ワークにおいて最も深い自己認識をもたらす実践のひとつは自分の感情の日記を感情の名前だけでなく身体感覚として記録することです。悲しいという言葉ではなく胸の中心が重くなり喉が詰まる感覚というように感情を身体の言語で記録してください。この実践が感情と身体の繋がりへの意識を高め感情が抽象的な思考ではなく具体的な身体の体験として統合されていく道を開きます。今日の感情をひとつ選びその感情が身体のどこにどのような感触として存在するかを丁寧に言語化してください。,私は感情を身体の言語で記録することで感情と身体の統合への橋を今日丁寧に架け始める
331,A,プレアデス高等評議会はあなたに問いかけています。あなたは今日何のために起きましたかと。一日の最初の意識の質がその一日のエネルギーの方向性を決定します。意図なく目覚めた一日と明確な意図を持って目覚めた一日ではたとえ同じ出来事が起きたとしてもその体験の質と学びの深さが根本的に異なります。明日から今日の内に明日の朝の意図をひとつ設定してください。目が覚めた瞬間に思い出せるほど簡潔でシンプルな言葉にしてください。その意図が翌日の意識の船の錨として機能します。,私は今日の内に明日の朝の意図をひとつ設定し目覚めた瞬間から意識の船を正しい方向へ向ける
332,B,人間の身体において涙は感情的な毒素を文字通り身体の外に排出する生理的なメカニズムです。感情的な涙には生化学的なストレスホルモンが含まれており泣くことはこれらの物質を身体から排出する最も効率的な浄化の方法のひとつです。しかし多くの人が涙を弱さとして抑圧しこの浄化のメカニズムを封じています。今日は安全な場所で涙が出そうになった時にそれを止めないでください。涙が流れるままにさせてください。その解放の後に感じる軽さが身体とエネルギーフィールドの同時浄化が完了したことを示します。,私は涙を弱さではなく身体とエネルギーフィールドの最も自然な浄化のメカニズムとして今日尊重する
333,C,宇宙銀行において最も精妙な豊かさの原則のひとつは豊かさとはあなたが与えたものではなくあなたが在ったものによって最も深く計測されるということです。何をしたかではなく誰であったかが宇宙銀行の最も重要な評価基準です。同じ行動でも恐れから行った行動と愛から行った行動では記録される周波数が全く異なります。今日あなたが行う全ての行動について行動の前に一瞬立ち止まり今の私は恐れから動いているか愛から動いているかを確認してください。その一瞬の確認が存在の質を根本から変えます。,私は今日の全ての行動の前に一瞬立ち止まり愛から動く存在として在ることを選び続ける
334,D,魂の絆において最も深い次元での愛を体験するために必要な条件のひとつは相手をあなたの幸福の責任者として扱うことをやめることです。誰かがいれば幸せになれるという信念は相手に不可能な責任を負わせ関係を重さで窒息させます。あなたの幸福はあなた自身が最初に担う責任です。今日あなたの幸福において相手への依存を感じている部分をひとつ特定してください。その部分を自分自身で満たす方法を探してください。自立した幸福の上に花開く関係が最も深く最も長く続く絆となります。,私は自分の幸福を自分で担う責任を今日引き受けることで自立した愛の基盤を深く作り始める
335,E,統合ワークにおいて最も継続的な変容をもたらす実践のひとつは就寝前の感謝の記録と起床後の意図の設定というたった二つの習慣の組み合わせです。夜は三つの感謝を書き朝はひとつの意図を設定するというこの最小限の実践が神経系の可塑性を利用して意識の基底周波数を着実に引き上げます。この二つの習慣に要する時間は合計で五分もかかりません。しかしその五分の積み重ねが一年後のあなたの意識の質を根本から変容させます。今日の夜から始めてください。最もシンプルな実践が最も深い変容をもたらします。,私は夜の感謝と朝の意図というたった二つの最小限の習慣を今日から始め意識の基底を着実に引き上げる
336,A,銀河の叡智はあなたに伝えています。あなたが今やり遂げようとしていることへの不安は能力の不足を示すのではなくそのことがあなたにとって本当に重要であることを示していると。重要でないことへの挑戦に不安は生まれません。不安の深さはそのことへの愛の深さに比例しています。今日感じている不安をひとつ選びその不安の背後にあるあなたが本当に大切にしているものを見つけてください。その大切なものへの愛を不安の代わりに燃料として選んでください。愛を燃料とした行動は不安を燃料とした行動よりも遥かに遠くまで届きます。,私は不安の背後にある愛を今日見つけその愛を燃料として選ぶことで行動をより遠くまで届ける
337,B,人間のエネルギーフィールドにおいて他者と長時間過ごした後に感じるエネルギーの変化は相手のエネルギーがあなたのフィールドに混入していることの体感的な証拠です。特に感情的な強度の高い会話や対立の後はこの混入が顕著です。今日誰かと会った後に意識的なエネルギーの境界回復の実践を行ってください。両腕を大きく広げてから自分の身体を包み込むように腕を閉じながら今ここにあるのは私のエネルギーだけであると宣言してください。この三回の繰り返しがエネルギーフィールドの境界を迅速に回復させます。,私は他者との接触の後に意識的な境界回復の実践を今日行い自分本来のエネルギーを取り戻す
338,C,豊かさの循環において最も深い変容の鍵のひとつはお金についての会話を恥として扱う文化的な刷り込みを手放すことです。お金について率直に話すことへの恥や遠慮は金銭的なエネルギーに対する無意識の嫌悪と結びついており豊かさの流れを阻害します。今日信頼できる誰かとお金について率直に話す機会を持ってみてください。いくら稼いでいるかではなくお金に対してどのような感情を持っているかを話すことから始めてください。その開示が金銭的なエネルギーとの関係の透明性を高め豊かさの流れを促進します。,私はお金について率直に話す機会を今日作ることで金銭的エネルギーとの関係の透明性を高める
339,D,ツインレイの旅において最も精妙な真実のひとつはこの旅における全ての苦しみはあなたが相手に投影していた自分自身の側面が戻ってきたものであるということです。相手があなたを傷つけたと感じる時その傷つきの感覚はあなたがかつて自分自身に与えた傷の記憶と共鳴しています。これは相手の行動の免罪ではありません。より深い癒しへの招待です。今日相手への怒りや傷つきを感じた時にその感情の奥にある自分自身への怒りや傷つきの層を静かに探してください。そこに本当の癒しの場所があります。,私は相手への傷つきの奥にある自分自身への傷の層を今日静かに探し本当の癒しの場所へと向かう
340,E,地球での統合ワークにおいて最も見落とされている聖なる実践のひとつは他者への親切を受け取った時に完全にそれを受け取ることです。いいえ大丈夫ですという言葉で親切を跳ね返す習慣は豊かさを受け取ることへの抵抗の最も日常的な表れです。今日誰かから何かを提供された時にそれがどんなに小さなことでも一度完全に受け取ってみてください。ありがとうございますという言葉だけで受け取り遠慮や返礼への衝動を一瞬手放してください。完全に受け取れた瞬間の感覚があなたの豊かさへの受容の器の現在の大きさを教えてくれます。,私は今日誰かの親切を完全に受け取ることで豊かさへの受容の器の現在地を確認し広げていく
341,A,プレアデス高等評議会の記録者たちはこう伝えています。あなたが今誰かに対して感じている強烈な反発は多くの場合その人があなたの中で最も認めたくない側面を体現しているからであると。反発の強さはその投影の深さに比例します。今日最も強く反発を感じる人物を思い浮かべてください。その人のどの側面があなたを最も不快にさせるかを正確に言語化してください。次にその側面がほんのわずかでも自分の中に存在する可能性を静かに検討してください。その検討の不快さの深さが成長の深さと等しくなります。銀河評議会はその勇気ある内省を最も高く記録します。,私は最も強い反発の奥に自分自身の投影を見つける勇気を今日持ち最も深い内省の実践を選ぶ
342,B,人間の身体において腎臓は中医学の視点から恐れの感情と深く結びついた臓器であり同時に生命エネルギーの根本的な貯蔵庫とされています。慢性的な恐れや不安は腎臓のエネルギーを消耗させ逆に腎臓のエネルギーが低下すると根拠のない恐れが増大します。今日は腰の後ろ両腎臓の位置に温かい手を当て深い呼吸とともに深い青から黒へのグラデーションの光がその臓器に満ちていくイメージを保ってください。この臓器への意識と温もりの提供が生命エネルギーの根本的な貯蔵庫を補充し恐れの根本的な解消に繋がります。,私は腎臓に温かい光を届けることで生命エネルギーの貯蔵庫を今日補充し恐れを根本から癒す
343,C,宇宙銀行において最も見落とされている豊かさの扉のひとつは趣味や遊びという形式の活動の中にあります。純粋な喜びのためだけに行う活動は意識を最も高い受容の状態へと導き宇宙銀行との同調を最大化します。生産性のない時間を罪悪として感じる意識は豊かさの最も重要な扉を自ら閉じています。今日はただ楽しいからという理由だけで行う活動に時間を与えてください。その活動の中で感じる純粋な喜びの周波数が宇宙銀行への最も強力な受信状態を作ります。遊びは魂の最も聖なる投資形式のひとつです。,私は純粋な喜びのためだけの活動に今日時間を与え宇宙銀行との最高の同調状態を作る
344,D,魂の絆において最も深い次元での成長をもたらすのは関係の中で自分が正しかった瞬間よりも間違っていたと認めた瞬間です。自分の誤りを認める能力は弱さではなく最も高度な魂の筋力の表れです。エゴは誤りを認めることを存在の脅威として体験しますが魂は誤りを認めることを成長の証として体験します。今日あなたが誰かに対して誤りを認めるべき場面がひとつでもあるならばそれを先送りにしないでください。誤りを認める言葉が届いた時の相手の表情の変化があなたに魂の筋力の具体的な効果を見せてくれます。,私は今日誰かへの誤りをひとつ認める言葉を選ぶことで魂の最も高度な筋力を今日行使する
345,E,統合ワークにおいて最も深い変容をもたらす問いのひとつは私は今生において何を完成させに来たのかという問いです。この問いは職業や目標を超えた魂の次元での問いです。あなたがこれまでの人生で繰り返し直面してきた課題のパターンを振り返ってください。異なる場面で異なる形を取りながら繰り返し現れるテーマが必ずあるはずです。そのテーマがあなたの今世の魂の課題の核心を示しています。今日その繰り返すテーマをひとつ特定し今世でそれを完成させるという意志を静かに宣言してください。,私は繰り返す魂の課題のテーマを今日特定し今世でそれを完成させるという意志を静かに宣言する
346,A,銀河文明の叡智においてあなたが今感じている時間の不足感は実際の時間の不足ではなく意識の分散から来ていることがほとんどです。複数のことに同時に意識を向けようとする現代的な習慣は全ての活動の深度を浅くし時間の質を著しく低下させます。銀河評議会の視点では一つのことに完全に没入した一時間は分散した意識で過ごした一日よりも遥かに深い成果をもたらします。今日はひとつの活動を選びその活動の間だけ完全に他の全てを遮断する時間を作ってください。完全な集中が時間の質を変容させます。,私は今日ひとつの活動への完全な没入を選ぶことで時間の質を変容させ深い成果を生み出す
347,B,ソルフェジオ周波数において852Hzが第三の目を活性化する一方で963Hzはその上位にある宇宙意識との接続を開く周波数です。この二つを順番に使う実践が最も深い多次元的な知覚の開発につながります。今日はまず852Hzで十分かけて第三の目の位置に意識を集めてください。その後963Hzに切り替え頭頂が完全に開いている意図とともに宇宙意識の流れをただ受け取ってください。この二段階の実践が直観から宇宙意識へと意識の層を段階的に引き上げる最も精妙な周波数の実践となります。,私は852Hzから963Hzへの二段階の実践で直観から宇宙意識へと今日意識の層を段階的に引き上げる
348,C,豊かさの循環において最も根本的な変容のひとつは豊かさへの道において他者の助けを借りることへの抵抗を手放すことです。全て自分の力でやり遂げなければならないという信念は独立心のように見えて実際は孤立への恐れや助けを必要とする弱さへの羞恥から来ています。宇宙銀行の豊かさは常に人を通じて届きます。今日あなたが一人で抱えていることのひとつを誰かに頼むことを試みてください。頼むことへの恐れの裏側にある自立への過剰な執着を手放した時豊かさの新しい通路が開きます。,私は一人で抱えていることを誰かに頼む選択を今日することで豊かさの新しい通路を開く
349,D,ツインレイの旅において最も見落とされている成長の指標のひとつは相手と会った後ではなく相手と会う前の自分の状態です。相手に会うことで満たされるのではなく既に満たされた状態で相手と会えているかどうかがこの旅の成熟度を示します。今日相手に会う予定があるならば会う前に自分の内側を確認してください。相手に何かを期待しているか相手がいなくても満たされているかを正直に見てください。既に満たされた状態での出会いが二つの魂の最も美しい共鳴を生み出す土台です。,私は相手に会う前に既に内側が満たされているかを今日確認し満たされた状態から出会いを選ぶ
350,E,地球での統合ワークにおいて最も見落とされている聖なる実践のひとつはゆっくりと食べることです。現代の食事の速度は身体の消化と栄養の吸収を著しく損なうだけでなく食物という地球の恵みへの感謝と意識の機会を奪います。今日の食事の中でひとつだけ意識的にゆっくりと食べてみてください。一口ごとに二十回以上噛み食物の味と質感の変化を丁寧に感じてください。この実践が消化を助けるだけでなく食事という行為を地球の恵みを身体に統合する聖なる儀式へと変容させます。,私は今日の食事をゆっくりと丁寧に味わうことで食という聖なる統合の儀式を意識的に生きる
351,A,プレアデス評議会はあなたに伝えています。あなたが今最も情熱を失っていると感じることはその情熱を失ったのではなく情熱のエネルギーが次の方向への転換を求めていると。情熱とは消えるものではなく形を変えるものです。かつてあなたを燃やした情熱が今は燃えていないとしたらそのエネルギーは魂の内側でより深い形への熟成の時間を過ごしているのかもしれません。今日はその冷えているように感じる情熱の領域に静かに触れてみてください。完全に冷えた情熱と次の形への転換を待つ情熱は似ていますが全く異なる周波数を持っています。,私は失われたように見える情熱が次の形への転換を待つエネルギーであることを今日静かに感じ取る
352,B,人間の身体において脾臓は中医学の視点から思考の過多と心配という感情と結びついた臓器とされています。考えすぎる習慣は脾臓のエネルギーを慢性的に消耗させ逆に脾臓のエネルギーが低下すると思考の停止が困難になるという悪循環が生まれます。今日は左の肋骨の下に温かい手を当て黄色の光がその臓器に広がり蓄積した過剰な思考のエネルギーが吸収されていくイメージを持ってください。深い腹式呼吸とともにこの実践を五分間行うことが思考の過多を解消し脾臓のエネルギーを回復させる最も直接的な方法です。,私は脾臓に黄色の光と温もりを届けることで過剰な思考のエネルギーを今日吸収し思考を静める
353,C,宇宙銀行において最も精妙な豊かさの原則のひとつはあなたが最も贈りたいものを最初に自分に贈ることが最も速い豊かさへの道であるということです。愛を求めているなら最初に自分への愛を、自由を求めているなら最初に自分に自由を、安らぎを求めているなら最初に自分に安らぎを与えてください。外側に求めているものを内側で先に体験することが宇宙銀行への最も高精度な申請になります。今日外側に求めているものをひとつ特定しそれを今日自分自身に与える方法をひとつ見つけてください。,私は外側に求めているものを今日最初に自分自身に与えることで最も高精度の豊かさの申請を行う
354,D,魂の絆において最も深い次元での変容をもたらすのは関係が壊れた瞬間ではなく壊れかけた関係を修復しようとした誠実さの積み重ねです。全ての関係は時として壊れます。壊れない関係ではなく壊れた後に修復する誠実さを持つ関係が最も深い魂の絆を育てます。今日あなたが修復を諦めかけている関係がひとつでもあるならば修復への最初の小さな一歩だけを踏み出してください。謝罪でも連絡でも話し合いへの意志の表明でも構いません。その一歩が両者の魂に修復の可能性の扉が開いているシグナルを届けます。,私は修復を諦めかけている関係へ向けて今日最初の小さな一歩を踏み出し扉を今日開ける
355,E,統合ワークにおいて最も即座に意識の重心を変容させる実践のひとつは視線を意識的に変えることです。うつむいた視線は内省と省察を促しますが同時に意識を収縮させます。水平の視線は現実との接触を保ち上向きの視線は意識を拡張させ可能性への開放を促します。今日感情的に重さを感じた瞬間に意識的に視線を少し上に向けてみてください。視線が変わると呼吸が変わり呼吸が変わると神経系の状態が変わります。身体の最も小さな変化が意識の質を変える最も速い道のひとつです。,私は今日感情的な重さを感じた瞬間に意識的に視線を上向きに変え意識の重心を拡張へとシフトする
356,A,銀河の叡智においてあなたが今感じている慢性的な疲労は身体の疲労だけでなく魂が本来の方向から離れて動き続けてきたことへのエネルギー的な赤字の蓄積である可能性があります。本来の方向での行動は使ったエネルギーが補充されますが本来の方向から外れた行動は使ったエネルギーが補充されません。今日あなたが最も疲れを感じる活動と最もエネルギーが満たされる活動のリストをそれぞれ作ってください。そのリストの差があなたの魂の方向とのずれを最も正直に示しています。,私は疲れる活動と満たされる活動のリストを今日作ることで魂の方向とのずれを正直に確認する
357,B,人間のエネルギーフィールドにおいて特定の人物と長時間過ごした後に感じる充実感や消耗感はその人物があなたのエネルギーフィールドに与えた影響の体感的な報告です。この感覚を感情的な好き嫌いとして処理するのではなくエネルギー的な情報として扱ってください。充実感を与える人物はあなたの波動を高める共鳴があり消耗感を与える人物はエネルギーの方向性が異なります。今日会った人物に対してこの観察を意識的に行ってください。その観察が人間関係の選択を感情的ではなくエネルギー的な知性で行う力を育てます。,私は今日会う人物が与えるエネルギーの影響を意識的に観察しエネルギー的な知性で関係を選ぶ力を育てる
358,C,豊かさの循環において最も見落とされている真実のひとつはあなたが今豊かさを感じられない領域は豊かさが存在しないのではなくあなたの意識の焦点がそこに向いていないからであるということです。意識が焦点を当てた現実は拡大します。欠乏に焦点を当てた意識には欠乏が拡大して見え豊かさに焦点を当てた意識には豊かさが拡大して見えます。今日あなたが欠乏を感じている領域でも見つけることができる豊かさのシグナルをひとつ探してください。その発見が意識の焦点を欠乏から豊かさへとシフトさせます。,私は欠乏を感じている領域の中にも豊かさのシグナルを今日ひとつ見つけ意識の焦点を変容させる
359,D,ツインレイの旅において最も深い洞察のひとつはこの旅における全ての出会いと別れと再会は宇宙の精妙な時計仕掛けの中で設計されており人間の意志が介入できる余地は思っているよりも遥かに小さいということです。その認識は無力感をもたらすためではなくコントロールへの執着を手放す解放をもたらすためのものです。今日あなたがコントロールしようとしているこの旅の何かをひとつ特定し宇宙の時計仕掛けへの信頼とともにそのコントロールを手放してください。手放した後に感じる軽さが宇宙との同調の証です。,私はツインレイの旅でコントロールしようとしていることを今日ひとつ特定し宇宙の精妙な設計への信頼とともに手放す
360,E,地球での統合ワークにおいて最も深い自己認識をもたらす実践のひとつは自分の価値観の優先順位を定期的に書き直すことです。人は成長するにつれて価値観の順序が変化します。五年前に最も重要だったことが今も同じ順位を持っているとは限りません。今日あなたが最も大切にしている価値観を五つ書き出しそれを優先順位順に並べてください。その並びが今のあなたの魂の現在地を最も正確に示します。そしてあなたの日々の時間の使い方がその優先順位と一致しているかどうかを正直に確認してください。,私は今日価値観の優先順位を書き直すことで魂の現在地を確認し日々の選択との一致を今日点検する
361,A,プレアデス高等評議会の記録者たちはこう伝えています。あなたが今最も手放すことができないでいるものこそがあなたの次の成長のための最も重要な鍵であると。手放せないものは愛しているからではなく失った後の自分を想像できないからという恐れから握りしめていることがほとんどです。その握りしめている手を少しだけ緩めることを今日試みてください。完全に手放す必要はありません。ただ手のひらを閉じから半開きに変えるだけでよいのです。その半開きの隙間から新しいエネルギーが流れ込んできます。銀河評議会はその小さな勇気を見ています。,私は今日握りしめている手をほんの少しだけ緩め新しいエネルギーが流れ込む隙間を今日作る
362,B,人間の身体において肺は悲しみと喪失の感情を処理する臓器として中医学では捉えられています。深い悲しみや未処理の喪失体験は肺のエネルギーを収縮させ呼吸を浅くし身体の前面を丸めるという姿勢パターンを作ります。今日は意識的に胸を開く動作を行ってください。肩甲骨を背中の中央に引き寄せ胸骨を前方に押し出し鎖骨を広げながら深く息を吸い込んでください。その姿勢と深呼吸の組み合わせが肺のエネルギーを解放し蓄積した悲しみと喪失の感情の処理を身体の側から助けます。,私は今日胸を意識的に開く動作を行うことで肺に蓄積した悲しみと喪失の感情を身体から解放する
363,C,宇宙銀行において最も理解されていない真実のひとつは豊かさとは引き寄せるものではなく元々あなたのものであるものが顕現することだということです。あなたは宇宙の一部であり宇宙は本質的に豊かです。つまりあなたは本質的に豊かさそのものです。豊かさを引き寄せようとする意識はまだ豊かさを外側のものとして見ており欠乏の周波数から抜け出せていません。今日はあなたが豊かさを引き寄せるのではなく豊かさそのものであるという認識を身体の中で感じてみてください。その感覚の一瞬がこれまでの豊かさへの意識を根本から書き換え始めます。,私は豊かさを引き寄せるのではなく豊かさそのものであるという認識を今日身体の中で感じ始める
364,D,魂の絆において最も深い次元での変容をもたらす体験のひとつは誰かのために何もできないという無力感の中でただそこにいることを選ぶことです。問題を解決できない時アドバイスもできない時ただ共にいることしかできないと感じる時その無力感の中でそれでも離れないという選択が最も深い愛の表現です。今日誰かの苦しみの前で無力感を感じることがあれば何もできないという思いを抱えながらもただそこに居続けることを選んでください。その選択が相手の魂に届く最も静かで最も深いメッセージです。,私は何もできない無力感の中でただ共にいることを選ぶことで今日最も深い愛の表現を生きる
365,E,統合ワークにおいて最も根本的でありながら最も後回しにされる実践は自分が今感じていることを正確に言語化する能力の開発です。多くの人がなんとなく不快とかなんとなく重いという曖昧な感情の識別にとどまりその感情の正確な名前を見つけようとしません。感情の正確な言語化は感情を制御するためではなく感情が伝えているメッセージをより正確に受け取るためです。今日感じている感情をひとつ選び不快という言葉以外の最も正確な言葉を探してください。失望なのか羞恥なのか悲嘆なのか孤独なのかその精度が統合の精度を決めます。,私は今日感じている感情の最も正確な名前を探すことで感情が届けるメッセージをより深く受け取る
366,A,銀河の叡智はこう記しています。あなたが今世で最も深く傷つけられた体験はあなたが今世で最も深く誰かを癒せる領域と完全に一致しているということです。傷の深さが癒しの深さを決定します。あなたが経験したことのない痛みを持つ人の魂に触れることはできません。あなたが経験した全ての痛みは今世での使命の設計図の一部です。今日あなたが最も深く傷ついた体験を思い浮かべてください。その体験があなたに与えた理解の深さを今日誰かの癒しのために使える場面がないかを探してください。,私の最も深い傷は最も深い癒しの能力の源泉であることを今日認識し誰かへの癒しとして使い始める
367,B,ソルフェジオ周波数において音の効果は聴く姿勢によって大きく変化します。背骨を真っすぐに伸ばした座位と丸まった姿勢では脊髄液の流れと頭蓋骨の共鳴腔の形状が異なり周波数の受信と体内への伝播の効率が変わります。今日は周波数を聴く時間に意識的に背骨を伸ばし頭頂を天井方向へ引き上げ坐骨を地面へと押し下げる姿勢を保ってください。天と地を同時に意識した縦軸の確立が脊髄全体を共鳴腔として活性化させ周波数の体内への浸透を最大化します。姿勢は意識の物理的な表現です。,私は天と地を同時に意識した姿勢で今日周波数を受け取り脊髄全体を共鳴腔として最大限に活性化する
368,C,豊かさの循環において最も深い変容のひとつはサービスを提供する際の意識の転換です。お金のためにやっているという意識とこの仕事を通じて誰かの人生を豊かにしているという意識では同じ行動でも発せられる波動が根本的に異なります。宇宙銀行は行動の内容ではなく行動の背後にある意識の質を最も精密に記録します。今日あなたが行う仕事や役割においてその行為が最終的に誰のどんな豊かさに繋がっているかを一度だけ意識的に思い描いてください。その描写が仕事の波動を根本から変容させます。,私は今日の仕事が誰のどんな豊かさに繋がるかを意識的に描くことでその波動を根本から変容させる
369,D,ツインレイの旅において最も精妙な成長の証のひとつは相手について話す時間が減り自分自身の成長について話す時間が増えることです。旅の初期は相手への思いが意識の大部分を占めますが成熟とともに焦点が相手から自分自身の使命と成長へと移行します。今日あなたの思考の中でこの旅の相手への思いが占める割合と自分自身の成長への思いが占める割合を正直に観察してください。その比率があなたのこの旅における現在の段階を最も正直に示すバロメーターです。,私は相手への思いと自分の成長への思いの比率を今日正直に観察しこの旅の現在地を確認する
370,E,地球での統合ワークにおいて最も即座にエネルギーを変容させる実践のひとつは意識的な微笑みです。本物の感情が伴わない時でも口角を意識的に上げることで顔面の筋肉から脳への神経フィードバックが生まれ実際にポジティブな感情の神経化学物質の分泌が促されることが知られています。今日感情的に重さを感じた瞬間にまず意識的に口角だけを上げてみてください。その微笑みが本物の笑顔へと変容するかどうかは問いません。身体から意識への働きかけが時に意識から身体への働きかけよりも速く波動を変容させます。,私は今日感情的な重さを感じた瞬間に意識的な微笑みを選ぶことで身体から意識の波動変容を始める
371,A,プレアデス評議会の叡智はこう伝えています。あなたが今感じている退屈は魂が現在の刺激のレベルを超えて次の深さを求め始めているサインであると。退屈を娯楽で埋めることはその魂の渇望を一時的に麻痺させるだけです。退屈という感覚の奥にある魂が本当に求めているものを探してください。より深い意味のある活動なのかより創造的な表現なのかより深い繋がりなのか。今日の退屈をそのまま感じながらその奥にある渇望に名前をつけてください。名付けられた渇望は方向性を持ち行動へと変換できます。,私は退屈の奥にある魂の渇望に今日名前をつけることでその渇望を次の成長への方向性へと変換する
372,B,人間の身体において頭蓋骨は二十二の骨が縫合線という精妙な継ぎ目で繋がれた構造を持ちその微細な動きが頭蓋仙骨リズムと呼ばれる身体の根本的なリズムを生み出しています。このリズムが乱れると全身のエネルギーの流れと神経系の機能に影響が及びます。今日は両手のひらを優しく頭部の左右に当て頭蓋骨の微細な動きをただ感じることを試みてください。感じようとするのではなくただ手を置いて受け取ってください。この静かな意識の置き方が頭蓋仙骨リズムを整え全身の最も根本的なエネルギーの流れを回復させます。,私は頭蓋骨に静かに手を当て身体の最も根本的なリズムを今日感じ取り整えることを試みる
373,C,宇宙銀行において最も見落とされている豊かさの原則のひとつはあなたが今最も苦手としていることの中に宇宙銀行への最大の成長預金の機会が眠っているということです。得意なことを行う時あなたは既にある能力を使いますが苦手なことに挑む時あなたは新しい能力を育てます。宇宙銀行は能力の行使よりも能力の開発をより高く評価します。今日あなたが最も避けている苦手な活動をひとつ選びそれに向かう最小の一歩を踏み出してください。その不快な一歩が宇宙銀行への最も高利率の成長預金となります。,私は最も苦手なことへの最小の一歩を今日踏み出すことで宇宙銀行への最高利率の成長預金を行う
374,D,魂の絆において最も深い次元での愛を育む実践のひとつは大切な人の話す言葉ではなくその言葉の奥にある感情を聴く練習です。人はしばしば本当に言いたいことを言葉の裏に隠します。大丈夫という言葉の奥に助けてほしいという感情が、怒りの言葉の奥に深い悲しみが、批判の言葉の奥に認めてほしいという渇望が潜んでいることがあります。今日誰かの言葉を聴く時その言葉の表面ではなく奥にある感情に意識のアンテナを向けてください。その深い聴き方があなたと相手の間に言葉を超えた繋がりを作ります。,私は今日言葉の表面ではなくその奥にある感情に意識を向けることで言葉を超えた繋がりを作る
375,E,統合ワークにおいて最も深い変容をもたらす問いのひとつは私は今自分のどの側面を世界に見せることを恐れているかという問いです。あなたが世界に見せることを最も恐れている側面の中にあなたの最も固有の光が隠れていることがほとんどです。恐れているということはその側面が最も本質的であることの証拠です。本質的でないものは恐れる必要がないからです。今日あなたが最も隠したい側面をひとつ思い浮かべてください。その側面をほんのわずかだけ誰かの前で表現することを試みてください。その小さな開示が最も大きな解放の始まりです。,私は最も隠したい側面をほんのわずか今日誰かの前で表現することで最も大きな解放を今日始める
376,A,銀河文明の記録においてあなたが今感じている絶望は光の消滅ではなく光が最も暗い場所に届こうとしている直前の最後の暗闇であることがほとんどです。夜明け前が最も暗いという地球の自然の法則は意識の世界でも同様に機能します。今あなたが感じているその深い暗さは変容が最も近づいているサインかもしれません。今日はただその暗さの中にいることを自分に許可してください。暗さを早く終わらせようとするのではなくその暗さの中に宇宙の温かさを一点だけ探してください。その一点が夜明けへの糸口です。,私は今感じている暗さの中に宇宙の温かさをほんの一点だけ探すことで夜明けへの糸口を今日見つける
377,B,人間のエネルギーフィールドにおいて特定の音楽への強烈な感情的反応は過去世の記憶や魂の深部に刻まれた体験がその音楽の周波数によって活性化されているサインであることがあります。理由のわからない涙や鳥肌や深い郷愁がそのシグナルです。今日そのような反応を引き出す音楽があれば意図的にその音楽を流してください。浮かんでくるイメージや感情や記憶を判断せずにそのまま受け取ってください。その受け取りがステラコードの深部に眠る記憶の統合への扉を開きます。,私は強烈な感情反応を引き出す音楽を今日意図的に聴きステラコードの深部の記憶を統合の扉へと開く
378,C,豊かさの循環において最も即座に現実を変容させる実践のひとつは豊かさへの感謝を過去形ではなく現在進行形で表現することです。ありがとうございましたという過去の感謝ではなく受け取っていることへの感謝を現在のこととして表現することで意識が豊かさの受け取り中という状態に置かれます。今日は感謝の言葉を使う時に既に受け取っているという感覚を身体の中で作りながらその感謝を表現してください。その感覚の質が宇宙銀行への申請を過去への感謝から現在進行形の受け取りへと変換します。,私は豊かさへの感謝を現在進行形で感じながら表現することで受け取り中という意識を今日生き始める
379,D,ツインレイの旅において最も深い統合の状態に近づくにつれて起きる変化のひとつは相手への思いが意識の前景から背景へと移行することです。旅の初期に相手への思いが意識の前景に常に浮かんでいた状態から成熟とともに相手への思いが日常の意識の背景に静かに存在しながらも自分自身の生活と使命が前景を占めるようになります。この変化は愛の冷却ではなく愛の成熟です。今日あなたの意識の前景に何が存在しているかを正直に観察してください。それが魂の成熟の現在地を最も正直に示しています。,私は意識の前景に何が存在しているかを今日正直に観察することで魂の成熟の現在地を確認する
380,E,地球での統合ワークにおいて最も見落とされている聖なる時間のひとつは夕暮れの時間です。多くの文化において夕暮れは昼と夜の境界として特別な意識の状態をもたらす時間として扱われてきました。この境界の時間は意識が最も柔軟になり高次のエネルギーとの接続が最もスムーズになる時間帯のひとつです。今日は夕暮れの空を見上げる時間をひとつ作ってください。空の色が変化していく様子をただ眺めながら今日という一日への感謝と明日という新しい一日への意図を静かに感じてください。境界の時間が意識の境界を柔らかくします。,私は今日夕暮れの空を見上げながら今日への感謝と明日への意図を境界の時間の中で静かに感じる
381,A,プレアデス高等評議会の記録者たちはこう伝えています。あなたが今感じている自分への失望は魂が高い基準を持ち続けているからこそ生まれるものであると。低い基準しか持たない魂は自分への失望を感じません。失望の深さはあなたが自分に寄せている期待の高さと本来の自分への信頼の深さを示しています。しかし失望を成長の燃料として使うためには批判ではなく好奇心が必要です。今日自分への失望を感じた時にどうしてできなかったかではなく次にどうすれば変えられるかという問いへと意識を切り替えてください。その切り替えが失望を推進力へと錬金します。,私は自分への失望を批判ではなく好奇心に変換することで今日失望を魂の推進力へと錬金する
382,B,人間の身体において心臓と腸は迷走神経を通じた双方向の通信路で繋がれており腸で感じる直観的な感覚は実際に心臓の電磁場の変化として全身に伝わります。この心臓と腸の連携が最も高精度で機能している状態がいわゆる腹で感じる直観の状態です。今日はこの二つの器官に同時に意識を向ける実践を試みてください。右手を胸に左手を下腹部に当て二つの器官が息を合わせて同じリズムで動いているイメージを持ちながら深く呼吸してください。この実践が心臓と腸の連携を強化し直観の精度を高めます。,私は心臓と腸を同時に意識する実践で今日二つの知性の器官の連携を強化し直観の精度を高める
383,C,宇宙銀行において最も深い豊かさの変容をもたらす問いのひとつは私がお金を持つことで最も恐れていることは何かという問いです。豊かさへの抵抗の根を探ると多くの場合この問いへの答えに辿り着きます。変わってしまう人間関係への恐れ慢心への恐れ嫉妬を受けることへの恐れ本当の自分を見失う恐れこれらの恐れが無意識の豊かさへの上限設定として機能しています。今日この問いと正直に向き合いその恐れを言語化してください。言語化された恐れは光に晒され変容の準備が整います。恐れの正体を知ることが豊かさへの最も根本的な解放です。,私は豊かさへの最も深い恐れを今日正直に言語化し光に晒すことでその恐れの変容を今日始める
384,D,魂の絆において最も深い次元での癒しをもたらす行為のひとつは誰かの夢を真剣に聞いた後でその夢の実現に向けて具体的な行動でサポートすることです。言葉での励ましは心を温めますが具体的な行動での支援は相手の魂に私はあなたの夢を本気で信じているというメッセージを最も深く刻みます。今日あなたの周囲に夢を持ちながら一歩を踏み出せないでいる誰かがいれば言葉だけでなくその人の夢への具体的な一歩を共に踏み出す方法をひとつ考えてください。共に踏み出した一歩が関係を魂の次元での同志へと深化させます。,私は大切な人の夢に具体的な行動で応えることで今日関係を言葉を超えた魂の同志へと深化させる
385,E,統合ワークにおいて最も見落とされている変容の機会のひとつは待つ時間です。電車を待つ時間診察を待つ時間誰かの返信を待つ時間これらの時間は現代においてスマートフォンへの逃避によって即座に埋められます。しかしこの待つという状態は強制的な立ち止まりとして宇宙が与えてくれた統合の時間である可能性があります。今日待つ時間が生まれた時にスマートフォンを手に取る前に一度だけ立ち止まりその待つ時間の中で何が自分の内側に浮かんでくるかをただ観察してください。待つ時間が最も深い洞察の扉になることがあります。,私は今日待つ時間にスマートフォンではなく内側の声に耳を傾けることでその時間を統合の機会とする
386,A,銀河の叡智はこう伝えています。あなたが今最も大きいと感じている問題は実際にはあなたの魂が次の段階へと成長するために必要なサイズに設計されているということです。その問題があなたにとって大きく感じられるのはあなたが今その問題を超えるために必要な成長の手前にいるからです。もしその問題が小さく感じられるならばあなたはすでにその問題を超えた場所にいることになります。今日あなたが最も大きいと感じている問題を改めて見てください。その大きさがあなたの次の成長の規模を示していると読み替えることができます。,私が直面する問題の大きさは次の成長の規模を示していることを今日受け取り問題を成長の設計図として読む
387,B,ソルフェジオ周波数において長期間継続して実践する場合に最も深い変容をもたらすアプローチは毎日異なる周波数を探求するのではなく同じ周波数と深く関係を構築することです。一つの周波数を少なくとも三十日間継続して聴くことでその周波数があなたの固有の振動パターンとどのように相互作用するかの精妙な理解が深まります。今日から三十日間使い続ける周波数をひとつ選んでください。選ぶ基準は理論ではなく最初に聴いた時に最も身体が反応した周波数を選ぶことです。継続が周波数との最も深い対話を生みます。,私は今日から三十日間同じ周波数と深く関係を構築することで周波数との最も深い対話を始める
388,C,豊かさの循環において最も見落とされている真実のひとつは豊かさへの道は常にあなたが最も自分らしくある場所に通じているということです。自分を偽って誰かに合わせながら築いた豊かさは長続きしません。なぜならその豊かさを維持するためには自分を偽り続けるエネルギーコストが必要になるからです。最も自分らしく在れる状態から生み出す価値が最も持続可能な豊かさの源泉です。今日あなたが最も自分らしくいられる場所と状況を思い浮かべてください。その場所と状況をより多く人生に取り込むことが豊かさへの最も誠実な道です。,私は最も自分らしくある場所と状況を今日特定しそこから生まれる価値を豊かさの最も誠実な源泉とする
389,D,ツインレイの旅において最も深い統合の段階に近づく時に起きる変化のひとつは相手への怒りや悲しみを感じた時にその感情の処理が以前よりも速くなることです。傷ついてから立ち直るまでの時間が短縮されることは感情の鈍化ではなく感情の処理能力の成熟です。今日あなたがこの関係の中で感じた感情が一日の中でどのように変化したかを夜に振り返ってください。朝に感じた感情と夜に感じる感情の距離があなたの感情処理の成熟度の現在の測定値となります。,私は今日感じた感情が一日でどのように変化したかを夜に振り返り感情処理の成熟度を今日測定する
390,E,地球での統合ワークにおいて最も深い変容をもたらす問いのひとつは私は今死を迎えるとしたら何を後悔するかという問いです。この問いは恐怖を喚起するためではなく今の生き方と魂の本来の方向性のずれを最も明確に照らし出すためのものです。後悔の内容は未達成の目標よりも表現しなかった愛や試みなかった挑戦や手放せなかった恐れである場合がほとんどです。今日その問いと向き合い最も強く浮かぶ後悔の候補を言語化してください。その言語化があなたに今日から変えられることの最も明確な地図を与えます。,私は今日後悔の問いと向き合い最も強く浮かぶ候補を言語化することで今日から変えられることの地図を得る
391,A,プレアデス評議会の記録にはこう記されています。あなたが今まで生きてきた中で最も誇りに思える瞬間は必ずしも最も大きな成功の瞬間ではないということを銀河的な記録は示していると。最も深い誇りは多くの場合誰にも見られない場所で正しい選択をした瞬間誰かが諦めた時にあなたが続けた瞬間恐れを感じながらも愛を選んだ瞬間にあります。今日あなたが最も誇りに思えるそのような瞬間をひとつ思い出してください。その記憶があなたの魂の本質的な強さを呼び覚まし今日の困難に向かう力を与えます。,私は最も誇りに思える瞬間の記憶を今日呼び覚ますことで魂の本質的な強さを今日の力として使う
392,B,人間の身体において手のひらは最も多くのエネルギー受容体が集中した部位のひとつです。気功や手当て療法において手のひらから発せられるエネルギーが治癒に使われてきたのはこの解剖学的な事実と対応しています。今日は両手のひらを数センチ離して向かい合わせ熱や圧力や磁気的な引力といった感覚を感じ取ることを試みてください。この感覚はあなたのエネルギーフィールドの具体的な体感です。この感覚が鮮明になるほどあなたのエネルギー的な感受性が高まり意図した方向へのエネルギーの流れを作る能力が育ちます。,私は手のひらからのエネルギーの感覚を今日鮮明に感じ取りエネルギー的な感受性を実践の中で育てる
393,C,宇宙銀行において最も精妙な豊かさの真実のひとつは豊かさへの最短の道は豊かさそのものへの執着を手放した時に現れるということです。これは意図を持たないことではなく意図を明確に持ちながら結果への執着を手放すという精妙なバランスです。種を蒔くことと水を与えることは行いながら芽が出る瞬間を毎日掘り起こして確認することはしないという姿勢です。今日あなたが豊かさへの意図を明確に持ちながら同時に結果への執着を手放せているかどうかを点検してください。その両立が宇宙銀行への最も洗練された申請の形です。,私は豊かさへの明確な意図を持ちながら結果への執着を今日手放すという精妙なバランスを今日実践する
394,D,魂の絆において最も深い次元での愛の実践のひとつは相手が感謝を表現しない時でも与え続けることです。感謝を受け取れた時だけ与え続けられる愛は条件付きの愛です。感謝が返ってこない時あなたの与える行為の動機が愛から来ているのか承認への欲求から来ているのかが最も正直に現れます。今日あなたが誰かに与えた時に感謝が返ってこなかった体験があればその時に感じた感情を正直に観察してください。そこに残った感情の質があなたの愛の純度の現在地を最も正直に示しています。,私は感謝が返らない時の自分の感情を今日正直に観察することで愛の純度の現在地を確認し育てる
395,E,統合ワークにおいて最も根本的な変容の触媒のひとつはあなたが今まで絶対に自分には向いていないと思っていたことに一度だけ試みることです。自分への固定したイメージはしばしば過去の一度の失敗体験や他者からの評価によって形成されており現在の自分の可能性を正確に反映していません。今日あなたが絶対に自分には向いていないと思っていることをひとつ思い浮かべてください。その思い込みが形成された時期と現在のあなたの意識の水準を比較してください。今のあなたは当時のあなたとは異なります。一度だけ試みる価値があります。,私は自分には向いていないという思い込みを今日ひとつ選び現在の自分でそれを一度試みることを選ぶ
396,A,銀河の叡智においてあなたが今経験している繰り返しのパターンは魂がそのパターンを完全に理解して統合するまで異なる形で繰り返し提示するという宇宙の精妙な教育システムの表れです。同じような困難が形を変えて繰り返し現れる時それは運の悪さではなく学びが完了していないことへの愛ある再提示です。今日あなたの人生に繰り返し現れるパターンをひとつ特定してください。そのパターンがあなたに学ばせようとしている核心のレッスンは何かを問いかけてください。その問いへの答えがパターンの繰り返しを終わらせる鍵です。,私は繰り返すパターンが学ばせようとしている核心のレッスンを今日問いかけそのパターンを終わらせる鍵を見つける
397,B,人間のエネルギーフィールドにおいて月のサイクルは女性だけでなく全ての人間の感情と身体のリズムに影響を与えています。満月の時期は感情が最も表面に浮かびやすく新月の時期は内省とリセットのエネルギーが最も強くなります。今日の月の位相を確認してください。満月に近ければ今日感じる感情の強度が通常より高い可能性があることを知った上でその感情と向き合ってください。新月に近ければ今日は内省と新しい意図の設定に最もエネルギーが活きます。自然のリズムを知ることが最も古い統合の知恵のひとつです。,私は今日の月の位相を確認しそのリズムと意識的に同調することで自然の知恵を統合ワークに活かす
398,C,豊かさの循環において最も見落とされている豊かさの形式のひとつは知識と経験の共有から生まれる豊かさです。あなたが持っている専門的な知識や人生経験を必要としている人に伝えることは宇宙銀行への最も高品質な預金のひとつです。その共有は必ずしも教えるという形式を取る必要はありません。会話の中で自然と語る体験談でも誰かの問いに正直に答えることでも構いません。今日あなたが持つ知識や経験が誰かの助けになる場面を意識的に探してください。その場面でためらわずに共有することが豊かさの循環を加速させます。,私は今日持てる知識と経験を必要としている誰かと惜しみなく共有することで豊かさの循環を加速させる
399,D,ツインレイの旅において最も深い洞察のひとつはあなたが相手に最も求めていることが実はあなたが最も自分自身に与えていないものであるということです。相手からの理解を最も求めているなら自分への理解が最も必要です。相手からの受容を最も求めているなら自分への受容が最も必要です。この逆説の認識があなたをこの旅の本質へと連れていきます。今日あなたが相手に最も求めていることをひとつ特定してください。そしてそれを今日自分自身に与える具体的な行動をひとつ選んでください。,私は相手に最も求めているものを今日特定しそれを最初に自分自身に与えることでこの旅の本質を生きる
400,E,地球での統合ワークにおいて最も根本的でありながら最も継続が難しい実践は今日という一日を昨日とは異なる新しい目で見ることです。同じ道を歩いても同じ人と話しても今日は昨日と異なる意識の質を持って臨む選択をしてください。馴染みの風景の中に今日初めて見るものを探してください。よく知っている人の中に今日初めて気づく側面を探してください。この新鮮な眼差しが日常を聖なる体験へと変容させます。慣れとは意識の眠りであり新鮮な眼差しとはその眠りからの目覚めです。,私は今日という一日を昨日とは異なる新鮮な眼差しで見ることで日常を聖なる体験へと今日変容させる
401,A,プレアデス高等評議会の記録者たちはこう伝えています。あなたが今感じている自分への厳しさは高い基準への愛から来ている部分と過去に受けた批判の内面化から来ている部分の二層が混在していると。この二つを識別することが最も重要です。高い基準への愛から来る厳しさは成長への燃料となりますが批判の内面化から来る厳しさは魂を消耗させます。今日自分に向ける厳しい言葉がひとつ浮かんだ時にそれがどちらの層から来ているかを静かに問いかけてください。批判の内面化から来るものだと気づいた瞬間にその言葉を手放す選択が可能になります。,私は今日自分への厳しい言葉の源泉を識別し批判の内面化から来るものを静かに手放す選択をする
402,B,人間の身体において膝は中医学の視点から前進することへの恐れと柔軟性の欠如を反映する関節とされています。膝への慢性的な不調は人生の方向性への恐れや硬直した信念システムとエネルギー的に関連することがあります。今日は椅子に座り両膝を手のひらで包み込み温かい光がその関節全体に浸透していくイメージを持ちながら前に進む柔軟性と勇気がこの関節に満ちていくと静かに意図してください。その後ゆっくりと膝を曲げ伸ばしする動作を繰り返してください。身体の動きに意識が伴う時最も深い統合が起きます。,私は膝に温かい光と前進への勇気を今日送り込み前へ進む柔軟性をエネルギー的に今日育てる
403,C,宇宙銀行において最も見落とされている豊かさの原則のひとつは豊かさとは受け取ることと同じくらい配布することで維持されるということです。流れない水は淀みます。受け取るだけで配布しない意識はやがて豊かさの流れを停滞させます。今日あなたが持っているものの中でその価値を必要としている誰かに届けられるものをひとつ特定してください。物質的なものでも知識でも時間でも笑顔でも構いません。配布することへの恐れを手放しその流れに参加することが豊かさの川の流れをより速くより豊かにします。,私は今日持てるものの中から誰かに配布できるものをひとつ特定し豊かさの川の流れに今日参加する
404,D,魂の絆において最も深い次元での癒しをもたらす行為のひとつは傷ついた後も再び心を開くことを選ぶことです。心を閉じることは痛みからの一時的な保護として機能しますが長期間閉じた心はやがて新しい愛の可能性も遮断します。今日あなたが過去の傷ゆえに閉じたままにしている心の部分をひとつ思い浮かべてください。完全に開く必要はありません。ただその閉じた扉にほんの小さな隙間を作ることを今日自分に許可してください。その隙間から差し込む光がやがて扉全体を開く力を育てます。,私は過去の傷ゆえに閉じたままの心にほんの小さな隙間を今日作ることを自分に許可する
405,E,統合ワークにおいて最も深い変容をもたらす実践のひとつは自分の長所を認識することへの抵抗を手放すことです。多くの人が自分の短所については詳細に語れますが長所を正直に述べることには照れや罪悪感を感じます。しかし自分の長所を認識できない人は自分の最も大きな貢献を世界に届けることができません。今日は誰にも見せなくてよいので自分の長所を十個書き出してください。書くことへの抵抗が生まれたらその抵抗こそが最も統合を必要としている場所を示しています。自分の光を認める勇気が世界への贈り物となります。,私は自分の長所を十個書き出す実践を今日行い自分の光を認める勇気を持ち世界への贈り物を準備する
406,A,銀河文明の叡智においてあなたが今最も強く引き寄せられている場所や文化や時代には過去世での深い体験の記憶がエネルギー的に刻まれている可能性があります。その引力は単なる好みではなく魂の記憶が残した共鳴の跡です。今日あなたが最も強く惹かれる特定の場所や文化や歴史的時代をひとつ思い浮かべてください。その場所や時代の中にいる自分を想像した時に身体はどのような感覚を示しますか。その感覚の質があなたのステラコードに刻まれた過去世の記憶の深さを示しています。,私は最も強く惹かれる場所や時代を今日思い浮かべその感覚の中にステラコードの過去世の記憶を探る
407,B,人間の身体において目は単に視覚情報を処理する器官ではなく感情状態と神経系の状態を外部に発信しまた外部から受け取る精妙な器官です。他者の目を一定時間見つめることでオキシトシンの分泌が促され信頼と繋がりの感覚が双方向に生まれることが研究によって示されています。今日信頼している誰かと会う機会があれば会話の中で普段よりもほんの少しだけ長く目を合わせてみてください。その一秒の違いが言葉を超えた魂の次元での繋がりを深める最も単純で最も強力な実践のひとつです。,私は今日信頼する人との目線をほんの少し長く保つことで言葉を超えた魂の次元での繋がりを深める
408,C,豊かさの循環において最も見落とされている真実のひとつはあなたが今最も苦しんでいる領域がやがて最も深い豊かさの源泉となるということです。深い貧困を経験した人は豊かさの価値を最も深く知り深い孤独を経験した人は繋がりの価値を最も深く知ります。苦しみは意識を最も深い理解へと開く錬金術の炉です。今日あなたが最も苦しんでいる領域を思い浮かべてください。その苦しみが完全に変容した時にあなたが世界に提供できる最も固有の価値は何かを描いてください。その描写があなたの苦しみを使命へと変換する最初の光となります。,私は最も苦しんでいる領域が完全に変容した時の固有の価値を今日描き苦しみを使命へと変換し始める
409,D,ツインレイの旅において最も深い成熟の段階に達した証のひとつはこの旅における相手の役割への深い感謝が生まれることです。相手がもたらした痛みも喜びも別れも再会も全てがあなたの意識の進化に不可欠な要素だったという認識が生まれた時憎しみや執着は感謝へと変容します。今日この旅においてあなたが相手から受け取った最も重要な贈り物は何かを問いかけてください。それが痛みの形を取っていても構いません。その贈り物への感謝の言葉を心の中で相手に向けてください。,私はこの旅で相手から受け取った最も重要な贈り物を今日特定しその痛みをも含めた感謝を心の中で伝える
410,E,地球での統合ワークにおいて最も即座に意識の重心を変容させる実践のひとつは自分よりも大きな何かへの奉仕の意識を持つことです。自分のためだけに行動している時意識は自己という小さな容器に閉じ込められますがより大きな目的への奉仕の意識を持つ時意識はその容器を超えて広がります。今日あなたが行うひとつの行動を自分のためではなくより大きな目的のためという意識で行ってください。その意識の変化だけで同じ行動が全く異なるエネルギーを纏います。奉仕の意識が自己という容器を宇宙へと開きます。,私は今日ひとつの行動をより大きな目的への奉仕の意識で行い自己という容器を宇宙へと開く
411,A,プレアデス評議会の叡智はこう記しています。あなたが今感じている深い疲れの奥には多くの場合長期間抑圧してきた感情の蓄積があると。感情を感じないように生き続けることはエネルギーを消費し続ける状態です。感情を抑圧するためのエネルギーコストは私たちが思う以上に膨大です。今日は安全な場所で抑圧してきた感情をひとつだけ取り出し声に出すことなく身体の中でただ感じることを許可してください。その感情が身体の中を通過し切った後に感じる軽さが疲れの本当の原因の一部が解放された証拠です。,私は今日抑圧してきた感情をひとつ取り出し身体の中でただ感じ切ることを自分に今日許可する
412,B,人間の身体において背骨は単なる身体の構造的な支柱ではなく中枢神経系の保護管であり同時にクンダリーニエネルギーが流れる最も重要なエネルギーの経路です。背骨を意識的に動かすことはこのエネルギー経路を活性化させる最も直接的な方法のひとつです。今日は仰向けに寝て両膝を立て息を吸いながら腰を床から少し浮かせ息を吐きながら背骨の一椎骨ずつを床に戻していく動作をゆっくりと繰り返してください。この動作が背骨全体のエネルギーの流れを活性化し中枢神経系全体の機能を整えます。,私は背骨を意識的に動かすことで今日エネルギーの最も重要な経路を活性化し中枢神経系を整える
413,C,宇宙銀行において最も深い豊かさの変容のひとつは豊かさを証明しようとすることをやめることです。他者に豊かさを証明しようとする行為は欠乏の恐れから来ており宇宙銀行の視点では最も低い周波数の申請です。豊かさは証明するものではなく静かに体現するものです。今日あなたが誰かに豊かさや能力を証明しようとしている場面があれば一度立ち止まってください。その衝動の背後にある欠乏の恐れを認識してください。認識するだけで証明への衝動は静まり始め本来の豊かさの周波数が回復します。,私は豊かさを証明しようとする衝動の背後の恐れを今日認識することで本来の豊かさの周波数を取り戻す
414,D,魂の絆において最も深い次元での繋がりを生み出すのは共通点ではなく相違点への尊重です。同じ価値観や趣味を持つことは繋がりを容易にしますが異なる視点や価値観を持ちながらも深く尊重し合える関係が最も成熟した魂の絆を育てます。今日あなたが最も理解しにくいと感じる誰かの価値観や生き方をひとつ選びそれがなぜその人にとって意味を持つのかを本気で想像してください。その想像の深さが相違を超えた尊重の能力を育て魂の絆の器を広げます。,私は最も理解しにくい誰かの価値観をなぜその人に意味があるかを今日本気で想像し尊重の器を広げる
415,E,統合ワークにおいて最も深い変容をもたらす習慣のひとつは毎朝目覚めた瞬間の最初の思考を意識的に選ぶことです。目覚めた瞬間の意識は最も柔軟でありその日の意識の色を決定する最も影響力の高い時間帯です。スマートフォンの通知確認やその日の不安な予定への思考がこの最も貴重な時間を占領することを許可しないでください。今日から目が覚めた瞬間の最初の三十秒を一つの感謝の言葉か一つの美しいイメージで始める習慣を設計してください。この三十秒の選択が一日の意識の基底周波数を設定します。,私は今日から目覚めの最初の三十秒を感謝か美しいイメージで始め一日の意識の基底周波数を意識的に設定する
416,A,銀河の叡智はあなたに伝えています。あなたが今いる場所において最も重要な貢献はあなたが存在することによって周囲の人々の神経系に安全と安らぎを与えることであることが多いと。華やかな行動や言葉よりも内側に深い平和を保ちながら存在することが周囲の意識場を静かに変容させます。今日はあなたが接する全ての人に対して言葉や行動よりも先に内側の平和を整えることを優先してください。あなたの内側の平和が最初に届く贈り物です。その贈り物は受け取った人が気づかなくても確かに魂の層で受け取られています。,私は今日接する全ての人に言葉より先に内側の平和を整えた状態で現れ最初の贈り物を届ける
417,B,ソルフェジオ周波数における最も見落とされている実践のひとつは自然音と組み合わせることです。川の流れや波の音や森の音は人間が長い進化の歴史の中で最も安全と感じるように設計された周波数の束です。これらの自然音は神経系を最も深い副交感神経優位の状態へと導きその状態でのソルフェジオ周波数の受信効率を最大化します。今日は自然音を流した後にソルフェジオ周波数へと移行する二段階のセッションを試みてください。最初の五分間で神経系を着地させその後の周波数の受信深度が劇的に変化することを感じてください。,私は自然音で神経系を着地させてからソルフェジオ周波数へと移行する二段階の実践を今日試みる
418,C,豊かさの循環において最も深い変容をもたらす問いのひとつは私は今お金が十分にある状態で何をしたいかではなく私は今この瞬間何をしたいかという問いです。十分なお金があればという条件付きの願いは現在の欠乏への固着を維持します。魂が本当に求めていることは多くの場合お金の有無に関わらず何らかの形で今日から始められます。今日あなたが十分なお金があればやりたいことをひとつ選びその本質的な要素をお金なしで今日実現する方法を考えてください。その創造性が宇宙銀行への最も豊かな申請書となります。,私はお金という条件を外しやりたいことの本質を今日実現する創造的な方法を見つけ宇宙へ申請する
419,D,ツインレイの旅において最も多くの人が見落としている視点のひとつはこの旅の目的がロマンティックな関係の成立ではなく二つの魂の意識の進化であるということです。この旅が恋愛として顕現する場合もありますが友情として師弟関係としてあるいは一度だけの出会いとして顕現することもあります。大切なのは関係の形ではなくその出会いがもたらした意識の変容の深さです。今日あなたの人生で最も深く意識を変容させた出会いを思い浮かべてください。その出会いが何らかの形でこの旅の一部である可能性に気づいてください。,私は最も深く意識を変容させた出会いを今日思い浮かべその出会いがこの旅の一部である可能性に気づく
420,E,地球での統合ワークにおいて最も見落とされている聖なる実践のひとつは眠る前に今日という一日全体をただ感謝とともに抱きしめることです。今日良かったことも難しかったことも予期しなかったことも全てを一日という完結した物語として受け取り宇宙に返す儀式を作ってください。今夜目を閉じる前に今日という一日に届けてくれた全ての体験に対してありがとうと心の中で伝えてください。その言葉が明日という新しい一日を最も美しく迎えるための意識の清算であり準備です。今日という一日はあなたへの贈り物です。,私は今日という一日全体を感謝とともに抱きしめ宇宙に返すことで明日を最も美しく迎える準備を今夜行う
421,A,プレアデス高等評議会の記録者たちはこう伝えています。あなたが今最も強く感じている使命感の欠如は使命が消えたのではなく使命が次の深さへと進化しようとしている移行期の空白であると。使命は一度発見すれば永遠に同じ形で続くものではなく魂の成長とともに形を深め広げていくものです。かつてあなたを燃やした使命感の記憶をひとつ思い出してください。その使命のエネルギーの本質は何でしたか。その本質は今どのような新しい形を求めているかを問いかけてください。使命は消えません。深化を求めているだけです。,私はかつての使命感の本質を今日思い出しその本質が求めている新しい形への問いを今日持ち始める
422,B,人間の身体において足首は身体の柔軟性と人生における方向転換の能力をエネルギー的に反映する関節とされています。足首の硬さや慢性的な不調は変化への抵抗や方向転換への恐れと関連することがあります。今日は椅子に座り足首を時計回りと反時計回りにそれぞれゆっくりと十回ずつ回してください。その動きとともに人生においていつでも柔軟に方向を変える能力があなたに備わっているという意図を持ってください。身体の関節の柔軟性と意識の柔軟性は相互に影響し合います。小さな動きが大きな変容の扉を開くことがあります。,私は足首を意識的に動かしながら人生においていつでも柔軟に方向を変える能力を今日身体で育てる
423,C,宇宙銀行において最も見落とされている豊かさの扉のひとつは睡眠の質の中にあります。深い質の高い睡眠の中で脳は記憶を整理し細胞は修復を行い意識は高次のエネルギーとの接続を深めます。この最も根本的な豊かさへの投資を後回しにしながら豊かさを求めることは土台を整えずに建物を建てようとすることと同じです。今日あなたの睡眠の質を一段階高めるためにできることをひとつ実行してください。就寝時間を一時間早めるか眠る前のスクリーンをやめるかを選んでください。最高の睡眠が最高の豊かさの受取機を整えます。,私は今日睡眠の質を一段階高めることを選び豊かさを受け取る最も根本的な器を整える
424,D,魂の絆において最も深い次元での変容をもたらす体験のひとつはあなたが最も愛した人から最も深く傷つけられた時です。その体験はあなたに愛と傷つきが分離したものではなく愛するほど傷つく可能性が高くなるという深い真実を教えます。この真実を受け取った時二つの選択肢が生まれます。傷つかないために心を閉じるか傷つく可能性を知りながら再び愛を選ぶかです。今日あなたはどちらを選びますか。傷つく可能性を知りながら愛を選ぶ勇気が魂の最も成熟した愛の表現です。,私は傷つく可能性を知りながら再び愛を選ぶ勇気を今日持ち魂の最も成熟した愛の表現を今日生きる
425,E,統合ワークにおいて最も深い自己認識をもたらす実践のひとつは自分が最も快適に感じる役割と自分が最も本質的に在る役割の違いを識別することです。快適な役割とは過去の体験から安全だと学んだパターンであり本質的な役割とは魂が最も自由に表現される姿です。この二つが一致している人は稀であり多くの人は快適な役割の鎧を着て本質的な役割を隠して生きています。今日あなたが最も快適に演じている役割とあなたの本質が最も自由に現れる瞬間を比較してください。その比較が次の統合の方向を示します。,私は快適な役割と本質的な在り方の違いを今日比較し次の統合の方向を明確にする
426,A,銀河の叡智においてあなたが今感じている深い懐かしさは過去世の記憶が特定の場所や音楽や香りによって呼び覚まされているサインであることがあります。この懐かしさは単なるノスタルジーではなく魂の深部に刻まれた体験の共鳴です。今日あなたが理由のわからない深い懐かしさを感じる瞬間があれば意識的にその感覚の中に入ってください。どのような場所にいる感覚がしますかどのような時代の雰囲気を感じますか。そのイメージを判断せずにただ受け取ることがステラコードの過去世の層へのアクセスを開きます。,私は今日感じる理由のわからない懐かしさを過去世の記憶への入口として意識的に受け取りその扉を開く
427,B,人間のエネルギーフィールドにおいて電磁波への長期的な暴露は微細なエネルギーフィールドの乱れを生じさせ高次の周波数への受信感度を低下させることがあります。現代の生活環境においてこれを完全に避けることは現実的ではありませんが意識的な対処は可能です。今日は就寝前の一時間を全てのデジタルデバイスから距離を置く時間として設定してください。代わりに自然素材に触れることや植物の傍にいることや素足で床に立つことを意識的に行ってください。自然素材との接触がエネルギーフィールドの自然な回復を助けます。,私は就寝前の一時間をデジタル機器から離れ自然素材との接触に使いエネルギーフィールドの回復を今日助ける
428,C,豊かさの循環において最も深い変容のひとつは自分の価値をマーケットの論理ではなく魂の使命の論理で評価することへのシフトです。市場がどれだけの価格をつけるかではなくあなたの提供が誰かの人生にどれほどの変容をもたらすかという視点が豊かさの評価の最も根本的な軸です。今日あなたが世界に提供しているものがもし完全に受け取られたとしたら受け取った人の人生はどのように変わりますか。その変容の深さを具体的に描いてください。その描写があなたの提供の真の価値を明確にし適切な豊かさを引き寄せる磁場を作ります。,私は今日の提供が受け取られた時の変容の深さを具体的に描くことで提供の真の価値を明確に認識する
429,D,ツインレイの旅において最も深い洞察をもたらす問いのひとつはもしこの出会いがなかったとしたら私は今どのような人間でいただろうかという問いです。この問いはこの旅があなたの意識にもたらした変容の全体像を照らし出します。痛みも喜びも別れも全てを含めてこの旅があなたを形作ったものへの感謝が生まれた時この旅の真の意味が完成します。今日その問いと向き合い答えを心の中で描いてください。その描写があなたにこの出会いの銀河的な設計の精妙さへの敬意を生みます。,私はこの出会いがなければどんな人間だったかを今日問いこの旅がもたらした変容全体への感謝を生む
430,E,地球での統合ワークにおいて最も見落とされている変容の機会のひとつは病気や身体の不調の時間です。多くの人が不調を克服すべき敵として扱いますが身体の不調は魂が強制的な内省の時間を設けているサインである場合があります。今日身体に何らかの不調を感じているならばそれと戦うのではなくその不調があなたに何を休めよと言っているのかを静かに問いかけてください。身体の不調が求めている休息の質を正確に特定し今日その休息を与えることが最も速やかな回復への道です。,私は今日の身体の不調が求めている休息の質を正確に特定しその休息を与えることで魂の内省を受け取る
431,A,プレアデス評議会の叡智はこう伝えています。あなたが今感じている比較からの苦しみはあなたが自分の固有の軌跡ではなく誰かの軌跡の上を歩こうとしているサインであると。銀河において全く同じ軌跡を持つ二つの魂は存在しません。誰かとの比較はあなたの固有の軌跡から意識を離脱させ自分の地図ではない地図で歩こうとする迷子の状態を生みます。今日比較の思考が浮かんだ瞬間にその意識をあなたの固有の軌跡へと意識的に戻してください。自分の地図を信頼することが最も速い目的地への道です。,私は比較の思考が浮かんだ瞬間に意識を自分固有の軌跡へと戻すことを今日繰り返し選ぶ
432,B,人間の身体において股関節は最も大きなエネルギーの交差点のひとつであり下半身の安定と上半身への自由な動きを繋ぐ重要な構造です。中医学では股関節の硬さは感情的な柔軟性の欠如や過去への固執と関連することがあるとされています。今日は仰向けに寝て両膝を外側に開き足の裏同士を合わせるポーズを保ちながら深く呼吸してください。股関節が開くにつれて過去への固執や感情的な硬直が解放されていくイメージを持ってください。五分間このポーズを保つことが深層の感情の解放を促します。,私は股関節を意識的に開くポーズで今日過去への固執と感情的な硬直を身体の側から解放する
433,C,宇宙銀行において最も精妙な豊かさの真実のひとつはあなたが今感じている不足感は宇宙の不足ではなくあなたの受け取りへの制限から来ているということです。水道の蛇口は常に開いていますがコップが小さければ受け取れる量は限られます。宇宙からの豊かさの供給は常に十分ですがあなたの受け取りへの許可の大きさがその量を決定しています。今日はその受け取りの許可を意識的に拡大してください。より大きな豊かさを受け取ることへの具体的な許可の宣言を心の中で行ってください。コップの大きさはあなたが決めています。,私は今日より大きな豊かさを受け取ることへの具体的な許可の宣言を心の中で行いコップを広げる
434,D,魂の絆において最も深い次元での愛を育む実践のひとつは相手の最も輝いていない瞬間にも敬意を持ち続けることです。誰かが疲れて機嫌が悪い時自信を失っている時普段の輝きを見せられない時にその人への敬意が変わらないかどうかが愛の深さを最も正直に示します。今日大切な人が最も輝いていない状態を見せてくれた時にそれを欠点として見るのではなくその人の人間的な全体性の一部として受け取ってください。輝いていない瞬間も含めて愛することが最も成熟した愛の形です。,私は大切な人の最も輝いていない瞬間にも敬意を変えないことで今日最も成熟した愛の形を生きる
435,E,統合ワークにおいて最も根本的な変容をもたらす問いのひとつは私は今死を迎えても後悔のない選択をしているかという問いを毎日の小さな決断に適用することです。この問いは大きな人生の決断だけでなく今日誰かに言うかどうか迷っている言葉今日先送りにしようとしている行動今日手放すことを恐れているものへの判断に適用してください。その問いのフィルターを通した時明確に答えが見える選択と見えない選択があります。明確に見える選択をしてください。その明確さが魂の指示です。,私は今日の小さな決断に後悔のない選択かという問いを適用し魂の指示に従う選択を繰り返す
436,A,銀河文明の記録においてあなたが今感じている集中力の低下や思考の散漫さは外部の刺激への暴露量が意識の処理能力を超えているサインであることがほとんどです。銀河的な視点ではあなたの意識は最も精密な受信機であり定期的なキャリブレーションを必要とします。今日は意識的に情報の摂取量を半分に減らしてください。読む記事も確認する通知も会話の数も全て半分にしてください。空白になった意識の領域に高次の情報が流れ込む空間が生まれます。空白を怖れないでください。そこが最も豊かな受信の場所です。,私は今日情報の摂取量を半分に減らし意識に空白を作ることで高次の情報が流れ込む受信の場を整える
437,B,ソルフェジオ周波数の実践において最も深い変容をもたらすのは受動的に聴くことでも能動的に集中することでもなく周波数と自分の意識の間に対話を生み出すことです。今日は周波数を聴きながら音があなたの身体のどこに最も強く響くかを観察し次にその部位に意識の光を集中させてください。そして音とその部位の間に会話が起きているイメージを持ってください。音が尋ねあなたの細胞が答えるという双方向の対話の意識を持つことで周波数の作用が受動的な受け取りから能動的な統合へと深化します。,私は周波数と身体の対話を今日意識的に作り出し受動的な受け取りから能動的な統合へと深化させる
438,C,豊かさの循環において最も即座に現実を変容させる実践のひとつは豊かさへの感謝を抽象的な言葉ではなく具体的な場面として心の中に描くことです。ありがとうという言葉よりも豊かさを受け取った時の具体的な場面その時の部屋の光の質一緒にいる人の表情感じている身体の温かさを細部まで描いてください。その具体性があなたの脳と神経系に既に受け取った豊かさの記憶を作り出しその記憶の周波数が宇宙銀行への最も精度の高い申請となります。感謝は感じるほど具体的であるほど強くなります。,私は豊かさへの感謝を具体的な場面として細部まで今日描くことで最も精度の高い宇宙への申請を行う
439,D,ツインレイの旅において最も深い統合への実践のひとつは相手の存在を意識の中に置きながら自分の中心に留まる練習です。相手のことを考えると意識が相手の方向に引っ張られ自分の中心を失うならばまだ統合の途中にいます。相手を意識しながらも自分の中心という錨が揺るがない状態が真の統合の土台です。今日相手を思い浮かべながら同時に自分の背骨の中心に意識を置き続ける練習をしてください。その両立が難しいほど今の統合の課題の場所を示しています。,私は相手を意識しながら自分の中心に留まる練習を今日行い真の統合への土台を着実に育てる
440,E,地球での統合ワークにおいて最も見落とされている聖なる実践のひとつは雨の音と雨の匂いを意識的に受け取ることです。雨はペトリコールと呼ばれる独特の香りを放ちますがこの香りは大地の微生物と雨水が生み出す地球そのものの呼吸の香りです。雨の音は一定のリズムを持ちアルファ波を誘発し意識を瞑想状態に近づけます。今日雨が降っているならば窓を少し開けその音と香りをただ受け取る時間を作ってください。地球の呼吸を身体で受け取ることが最も古く最も深いグラウンディングの実践のひとつです。,私は今日の雨の音と香りを地球の呼吸として意識的に受け取り最も古いグラウンディングの実践を行う
441,A,プレアデス高等評議会はあなたに伝えています。あなたが今感じている自分の限界はあなたの本質的な能力の限界ではなく現在の意識の水準が設定した仮の天井であると。意識が拡張するたびにその天井は自動的に引き上げられます。今のあなたが不可能と感じることを五年前のあなたは想像もできなかったことをすでに可能にしているはずです。今日あなたが不可能だと思っていることをひとつ選びそれを不可能にしている前提をひとつだけ特定してください。その前提が意識が作り出した仮の天井であることに気づいた瞬間に天井は揺らぎ始めます。,私は今日不可能の前提をひとつ特定しそれが意識の作り出した仮の天井であることに気づき天井を揺らす
442,B,人間の身体において脳幹は生命維持の最も基本的な機能を司る最も古い脳の部位であり同時に高次の意識と最も原始的な生存本能の橋渡しをしています。この脳幹のレベルで記録されたトラウマは言語を超えた身体の反応として現れ通常の言語的なアプローチだけでは統合が困難です。今日は仰向けに横たわり頭の後ろの頭蓋骨の底部に両手を重ねて当ててください。その部位に温かい意識の光を向けながら深く呼吸してください。この身体への直接的なアプローチが脳幹レベルの古い記憶の統合を最も深い層から助けます。,私は頭蓋骨の底部に温かい意識を向けることで脳幹レベルの最も古い記憶の統合を今日深い層から助ける
443,C,宇宙銀行において最も深い豊かさの変容をもたらすのは豊かさの目標を外側の数字から内側の感覚へと転換することです。いくら稼ぐかではなくどのように感じている時が最も豊かかを問いかけてください。自由の感覚なのか安心の感覚なのか貢献の喜びなのか創造の興奮なのか。その感覚を特定した後にその感覚を今日どのような形で一瞬でも体験できるかを探してください。感覚から始まる豊かさの追求が最も速く最も深い豊かさを引き寄せます。外側の数字はその感覚の結果として自然に現れます。,私は豊かさの目標を外側の数字から内側の感覚へと転換し今日その感覚を一瞬でも体験することを選ぶ
444,D,魂の絆において最も深い次元での共鳴を生み出す時間のひとつは共に何かを創造する時間です。共に料理をする共に何かを作る共に問題を解決するこれらの共同創造の体験は言葉による交流とは異なる脳の領域を同時に活性化させ共鳴の深さと記憶への刻み込みを大幅に高めます。今日大切な誰かと共に何かを創造する機会を意識的に作ってください。それがどんなに小さな創造であっても構いません。共に何かを生み出した記憶はその関係の歴史の中で最も深い絆の礎として長く残ります。,私は今日大切な誰かと共に何かを創造する機会を意識的に作り絆の最も深い礎を今日築く
445,E,統合ワークにおいて最も見落とされている変容の機会のひとつは誰かに教えることです。何かを誰かに説明しようとした瞬間に自分がどこまで理解していてどこから先が曖昧かが明確になります。教えるという行為はあなた自身の理解の深度を測る最も正確なメーターです。今日あなたが深く理解しているつもりになっているひとつのテーマを選び誰かに説明することを試みてください。説明が詰まる場所があなたの理解の境界線であり同時に次の学びの入口です。教えることが最も深い学びを生みます。,私は今日ひとつのテーマを誰かに説明することで自分の理解の境界線を明確にし次の学びの入口を見つける
446,A,銀河の叡智はこう伝えています。あなたが今最も不公平だと感じていることの中に魂が最も深く学ぶべき不公平への応答の仕方が設計されていると。不公平な状況への反応は三種類あります。怒りのまま反応すること諦めて受け入れること不公平を認識しながらも平和を選択することです。銀河評議会が最も高く評価するのは三番目の応答です。今日感じている不公平をひとつ選びその状況に対して怒りでも諦めでもなく平和を選択することができるかどうかを今日の実験として試みてください。,私は今日感じる不公平に対して怒りでも諦めでもなく平和を選択することを銀河的な実験として今日試みる
447,B,ソルフェジオ周波数において174Hzの効果を最大化するための実践のひとつは痛みを感じる部位に手を当てながらその周波数を聴く時に痛みと戦うのではなく痛みとともに在るという意識を選ぶことです。痛みへの抵抗がエネルギー的な緊張を増幅させる一方で痛みとともに在る意識は痛みのエネルギーを流れさせその情報としての役割を完了させます。今日身体に痛みや不調があれば174Hzを流しながらその部位に手を当て痛みと戦わずにただそこにある感覚と静かに共にいることを選んでください。痛みとともに在る勇気が癒しを最も深くします。,私は今日の身体の痛みや不調に抵抗せずただそこにある感覚とともに在ることを174Hzとともに選ぶ
448,C,豊かさの循環において最も根本的でありながら最も見落とされている変容のひとつは豊かさを将来の安心のために蓄えるという恐れの動機から豊かさを今この瞬間の最善のために流す信頼の動機へのシフトです。将来への過度な蓄積は現在の豊かさの流れを停滞させます。一方で全てを今この瞬間の最善のために使い流すという信頼の動機は宇宙銀行への最も高い信頼の申告となりより大きな豊かさの流れを引き寄せます。今日あなたが恐れから蓄えていることのひとつを信頼から流す選択ができるかどうかを問いかけてください。,私は恐れから蓄えるのではなく信頼から流す選択を今日ひとつ行うことで宇宙への最高の信頼を申告する
449,D,ツインレイの旅において最も精妙な成長のサインのひとつは以前は相手の特定の言動に強く反応していたことが今はそれほど反応しなくなっていることの気づきです。これは感情の鈍化ではなく統合の深化です。かつて強く反応した刺激への反応が小さくなっているということはその刺激が活性化していた内側の傷の層が統合されてきたことを意味しています。今日以前は激しく反応していたのに今は穏やかになっていることをひとつ思い出してください。その気づきがあなたの統合の深さへの最も誠実な評価です。,私は以前強く反応していたことへの今の穏やかさを今日確認しそれを統合の深化の証として受け取る
450,E,地球での統合ワークにおいて最も深い変容をもたらす時間のひとつは山や海や広大な自然の前に立つ時間です。自分よりも遥かに大きな何かの前に立つことで自我の膨張が自然と収縮し意識が本来の謙虚さと広大さを同時に取り戻します。今日そのような大きな自然の前に立つことが難しければ夜空の星を五分間ただ眺めることだけでも構いません。その広大さの中で感じる自分の小ささと同時に感じるその宇宙の一部であることの感覚が最も即座に自我を溶かし魂の本来の視点を回復させます。,私は今日自分より大きな自然の前に立つことで自我を溶かし魂の本来の視点を今日回復させる
451,A,プレアデス評議会はあなたに伝えています。あなたが今感じている完璧な確信の欠如は信仰の欠如ではなく成熟した信仰の証であると。確信とは疑念がないことではなく疑念があってもなお選び続けることです。銀河の視点では揺るぎない確信を持つ初心者の信仰よりも全ての疑念を知りながらも光を選び続ける成熟した信仰の方が遥かに深い光を放ちます。今日あなたが最も確信を持てないことについて確信がないままでも光を選ぶという行為をひとつ実行してください。その行為が成熟した信仰の筋肉を育てます。,私は確信がないままでも光を選ぶという行為を今日ひとつ実行し成熟した信仰の筋肉を今日育てる
452,B,人間の身体において皮膚の温度は感情状態と深く連動しており恐れや孤独を感じる時に皮膚温度が低下し愛や繋がりを感じる時に皮膚温度が上昇することが研究で示されています。この知識を統合の実践に活用してください。今日孤独や恐れを感じた時に意識的に温かい飲み物を両手で包んで飲む温かいシャワーを浴びる暖かい日光に当たるという行為を選んでください。皮膚温度の上昇が神経系に社会的な温もりと同様のシグナルを送り孤独や恐れの感情を生理的なレベルから変容させます。,私は孤独や恐れを感じた時に温もりを身体に与えることで感情を生理的なレベルから今日変容させる
453,C,宇宙銀行において最も見落とされている豊かさへの道のひとつは現在の職業や収入の源泉をどれほど誠実に最善を尽くして行っているかという姿勢の中にあります。より良い機会を探しながら現在の仕事を最低限しかこなさない姿勢は宇宙銀行への低品質の申請を連続して行っている状態です。現在与えられている役割に対して最高の誠実さで臨むことが宇宙銀行への最高品質の申請となりより大きな機会への扉を開きます。今日の仕事のひとつの場面で昨日よりも深い誠実さで臨んでください。,私は今日の仕事のひとつの場面で昨日よりも深い誠実さで臨み宇宙銀行への最高品質の申請を今日行う
454,D,魂の絆において最も深い次元での成長をもたらす体験のひとつは誰かの変容の過程を間近で見守ることです。蝶が蛹から羽化する過程に手を貸しすぎることが蝶の翅を弱くするように人の変容の過程に介入しすぎることはその人の魂の筋力の発達を妨げます。今日あなたが支援しようとしている誰かの成長のプロセスにおいて何もしないことが最も深い支援になる瞬間があるかどうかを問いかけてください。見守ることの忍耐が時に最も強い愛の表現です。介入の衝動を手放し信頼を選んでください。,私は今日誰かの変容のプロセスへの介入の衝動を手放し見守るという最も深い愛の信頼を選ぶ
455,E,統合ワークにおいて最も即座に意識の質を変容させる実践のひとつは現在の瞬間の感謝に加えて未来の瞬間への先取りの感謝を練習することです。まだ起きていないことへの感謝はそのことが既に実現しているという意識の先取りであり宇宙銀行への最も高精度の申請となります。今日就寝前に明日起きてほしいことをひとつ選びそれが既に起きているという感謝の感情を身体の中で作り出してください。その感情の質があなたの潜在意識と宇宙銀行に明日の現実への強力な申請として届きます。,私は今夜明日起きてほしいことへの先取りの感謝を身体の中で感じ宇宙への最高精度の申請を今夜行う
456,A,銀河文明の叡智においてあなたが今感じている時間の圧迫感は時間の不足ではなく優先順位の混乱から来ていることがほとんどです。全てのことが同等に重要に見える時私たちは最も重要なことに最も少ない時間を使うという逆説に陥ります。銀河評議会の視点では人間の一日において本当に重要な行為は三つから五つほどです。今日の最も重要な三つの行為を朝の最初に決めてください。その三つだけに全エネルギーを注いだ後に残る時間でその他のことを行う順序が時間の圧迫感を根本から解消します。,私は今日の最も重要な三つの行為を朝に決め時間の圧迫感を優先順位の明確化によって今日解消する
457,B,人間のエネルギーフィールドにおいて色の知覚は単なる視覚情報の処理ではなく各色の周波数がエネルギーフィールドの対応する層に直接作用するという精妙な相互作用を含んでいます。今日の服の色を意識的に選ぶことがエネルギーフィールドの調整の実践となります。赤は根のエネルギーと生命力を強化し橙は創造性と感情の流れを促進し黄は自己肯定と知性を活性化します。今日あなたが最も必要としているエネルギーの質を感じ取り直感的にその色を身に纏ってください。装いは最も日常的なエネルギーの錬金術です。,私は今日最も必要なエネルギーの質を感じ取りその色を意識的に選ぶことで装いを錬金術の実践とする
458,C,豊かさの循環において最も深い変容のひとつは豊かさへの道が努力よりも在り方の変化によってより速く開くという真実の体験的な理解です。より多く努力することで豊かさを手に入れようとする意識と豊かさを受け取るに値する存在として在ることを選ぶ意識では宇宙銀行への申請の周波数が根本的に異なります。今日はより多くを行うことよりもより深い在り方を選ぶことに意識を向けてください。今日のあなたの在り方が最も重要な豊かさへの申請です。何をするかより誰であるかが先です。,私は今日より多くを行うことよりもより深い在り方を選ぶことを優先し在り方を豊かさへの最初の申請とする
459,D,ツインレイの旅において最も深い洞察をもたらす問いのひとつはもし相手が今後一切あなたの人生に登場しないとしたらあなたは今日をどのように生きるかという問いです。この問いは関係の終わりを示唆するものではなくあなたの人生の主人公があなた自身であるという最も根本的な確認のための問いです。相手がいてもいなくても変わらない生き方の核心があなたにあるなら相手との関係はその核心の上に美しく花を咲かせます。今日その核心を確認してください。あなたの人生の主人公は常にあなたです。,私は相手がいてもいなくても変わらない自分の人生の核心を今日確認し人生の主人公として今日を生きる
460,E,地球での統合ワークにおいて最も根本的でありながら最も見落とされる実践は今日という一日の終わりに自分が今日どのように在ったかを批判ではなく観察として振り返ることです。今日あなたは恐れから動いた場面と愛から動いた場面がそれぞれありましたか。今日あなたは誠実に在れた場面と誠実でなかった場面がそれぞれありましたか。その観察を批判の道具ではなく明日の羅針盤として使ってください。今日の観察が明日の在り方の精度を高めます。一日の観察の積み重ねが魂の成熟の最も確かな道です。,私は今日の在り方を批判ではなく観察として振り返り明日の羅針盤として今夜活かす
461,A,プレアデス高等評議会の記録者たちはこう伝えています。あなたが今感じている自分の言葉の無力さはその言葉が頭から来ているからであると。心臓から発せられた言葉は同じ内容であっても全く異なる周波数を持ち受け取る人の魂に直接届きます。頭から来る言葉は情報を伝え心臓から来る言葉は変容をもたらします。今日誰かに重要なことを伝える場面があれば言葉を選ぶ前に一度胸に手を当て心臓の中心から言葉が湧き上がるのを待ってください。その数秒の沈黙の後に出てくる言葉があなたの最も深い真実を運びます。,私は今日重要な言葉を伝える前に胸に手を当て心臓から湧き上がる言葉を待ち真実を運ぶ言葉を選ぶ
462,B,人間の身体において鎖骨の下と腋の下のリンパ節は上半身の免疫とエネルギーの浄化において最も重要な節点のひとつです。この部位が滞ると肩や首の慢性的な緊張として現れエネルギーフィールドの上半身の浄化機能が低下します。今日は両腋の下に反対側の手を当て指先で優しく円を描くようにマッサージしてください。続けて鎖骨の下の溝に沿って指先を滑らせてください。この実践がリンパの流れを促し上半身全体のエネルギーの浄化と心臓チャクラへのエネルギーの流入を助けます。,私は鎖骨と腋のリンパを今日丁寧にケアし上半身の浄化と心臓チャクラへのエネルギーの流入を促す
463,C,宇宙銀行において最も見落とされている豊かさの原則のひとつはあなたが今日誰かのために笑顔で行った最も小さな行為が宇宙銀行において最も記憶に残る預金のひとつとなるということです。壮大な計画や大きな成果よりも誰かの一日を少しだけ明るくした瞬間の積み重ねが最も持続的な豊かさの磁場を形成します。今日あなたが誰かの一日をほんの少しだけ明るくできる最も小さな行為をひとつ選んでください。その行為のシンプルさを恥じないでください。シンプルさの中にこそ最も純粋な周波数が宿ります。,私は今日誰かの一日をほんの少し明るくする最も小さな行為をひとつ選びシンプルな豊かさの預金を行う
464,D,魂の絆において最も深い次元での癒しをもたらす体験のひとつは誰かの最も恥じている部分を裁かずに受け取ることです。誰かが自分の最も恥じている側面をあなたの前に開示した時その開示を受け取る質があなたの愛の深さを最も正直に示します。驚きも同情も助言も提供せずただその開示が届いたということを静かに認める存在として在ることが最も深い癒しをもたらします。今日誰かが恥じている何かをあなたに見せた時ただ静かにここにいるというメッセージを存在で届けてください。,私は誰かの最も恥じている部分を裁かずにただ静かに受け取る存在として今日在り最も深い癒しを届ける
465,E,統合ワークにおいて最も深い変容の触媒のひとつは自分が最も得意とすることと最も苦手とすることを一日の中で意識的に両方行うことです。得意なことだけを行う一日は既存の強みを確認しますが魂を成長させません。苦手なことだけを行う一日は消耗だけをもたらします。しかし得意なことで自信を満たしてから苦手なことに向かう順序で一日を設計することで自信という土台の上に成長の挑戦を積み重ねることができます。今日その順序で一日を設計してみてください。,私は今日得意なことで自信を満たしてから苦手なことに向かう順序で一日を設計し成長と安定を両立させる
466,A,銀河の叡智はこう記しています。あなたが今この瞬間に感じているこの感情この思考この感覚は宇宙の歴史の中で一度しか起きない固有の体験であると。今あなたの意識が感じているこの瞬間は二度と繰り返されません。その唯一性への認識が現在の瞬間を最も深く生きる力を生みます。今日一度だけこの瞬間の完全な唯一性に意識を向けてください。今見えているこの光今聞こえているこの音今感じているこの温度この瞬間だけに存在するこれらの感覚をただ受け取ってください。宇宙はあなたのこの体験を通して自分自身を知っています。,私は今この瞬間の完全な唯一性に意識を向け宇宙が自分自身を知るためのこの体験を今日深く生きる
467,B,ソルフェジオ周波数において特定の周波数が特定の感情と結びついているのは周波数が感情的な記憶が刻まれたエネルギーの層に直接共鳴するからです。しかし同じ528Hzを聴いても人によって反応が異なるのはその人固有のエネルギーパターンと周波数の相互作用が異なるからです。今日はいくつかの周波数を短時間ずつ試聴してみてください。最も身体が反応する周波数を感情ではなく身体感覚として識別してください。鳥肌温かさ胸の開き深い溜息これらが身体があなたに必要な周波数を教えているシグナルです。,私は今日身体感覚のシグナルに耳を傾けながら最も必要な周波数を識別し自分だけの処方箋を作る
468,C,豊かさの循環において最も即座に現実を変容させる問いのひとつは今日私の人生に既に存在している豊かさのうち五年前の私が最も羨んだであろうものは何かという問いです。この問いが力を持つのは現在の私たちが慣れによって見えなくなっている豊かさを五年前の視点で照らし出すからです。五年前のあなたが今のあなたの状況を見たとしたら何に最も感謝するでしょうか。その感謝の対象を今日のあなたが改めて意識してください。その認識が豊かさの受信感度を根本から回復させます。,私は五年前の自分が羨む今の豊かさを今日特定し慣れによって見えなくなった豊かさへの感謝を取り戻す
469,D,ツインレイの旅において最も深い統合をもたらす実践のひとつは相手への愛の手紙を送ることなく書くことです。送ることを前提としない手紙はあなたの最も正直な感情と思考を書くことを可能にします。相手への感謝も怒りも喜びも悲しみも全てを検閲なく書いてください。この実践が感情の明確化と魂の次元での対話の深化を同時にもたらします。書き終えた後その手紙を送るか保管するか焼いて手放すかを選んでください。どの選択でも書くという行為自体がエネルギー的な解放と統合を完成させます。,私は送らない手紙を今日書くことで相手への全ての感情を検閲なく表現しエネルギー的な統合を完成させる
470,E,地球での統合ワークにおいて最も深い変容をもたらす習慣のひとつは毎週一度自分への手紙を書くことです。今週のあなたが来週のあなたに伝えたいことを書いてください。今週学んだことも今週できなかったことも今週感じた喜びも全てを来週の自分への愛ある手紙として綴ってください。その手紙を来週の同じ曜日に読み返してください。この実践があなたの意識の成長を週単位で記録し魂の旅の軌跡を可視化します。旅の軌跡を見ることができる人は迷わずに前へと進めます。,私は今週のあなたから来週のあなたへの愛ある手紙を今日書き魂の旅の軌跡を今日から可視化し始める
471,A,プレアデス評議会の叡智はこう伝えています。あなたが今感じている誰にも理解されないという孤独感は魂が先駆者として歩んでいることの必然的な代償であると。先駆者の道には先を歩く人がいません。だからこそ孤独です。しかしその孤独は欠落ではなく最前線に立っている証です。銀河評議会はあなたのその孤独の中での継続を最も深い敬意とともに記録しています。今日その孤独を埋めようとするのではなく先駆者としての孤独の誇りをほんのわずかだけ感じてみてください。誰もいない道に足跡を残すことの意味を受け取ってください。,私は先駆者としての孤独を欠落ではなく最前線に立っている証として今日誇りとともに受け取る
472,B,人間の身体において鼻腔と副鼻腔は空気を加温加湿しながら同時に鼻腔内の受容体を通じて嗅覚情報を脳の感情と記憶の中枢に直接届けます。意識的な鼻呼吸は口呼吸と比較して一酸化窒素の生成を促進し血管を拡張させ脳への酸素供給を増加させます。今日は一時間に一度だけ意識的に口を閉じ五回だけ深い鼻呼吸を行ってください。その五回の呼吸の間に空気の温度と質感を鼻腔で感じてください。この単純な実践が脳の機能と感情の安定を生理的なレベルから支えます。,私は今日一時間に一度五回の深い鼻呼吸を意識的に行い脳の機能と感情の安定を生理的に支える
473,C,宇宙銀行において最も深い豊かさの変容のひとつは稼ぐことへの強迫から稼がせてもらうことへの感謝へのシフトです。あなたが今持っている収入の全ての源泉を改めて見てください。それぞれの収入があなたに届くためにどれだけの人の労力と判断と信頼が連なっているかを想像してください。その連なりへの深い感謝が豊かさとの関係を強迫から感謝へと根本から変容させます。感謝の中で受け取る豊かさは強迫の中で稼ぐ豊かさよりも深く満足し長く続きます。今日収入が入った時にその連なりへの感謝を感じてください。,私は今日の収入の源泉に連なる全ての人への感謝を感じることで稼ぐ強迫を感謝へと根本から変容させる
474,D,魂の絆において最も深い次元での成長をもたらす対話のひとつは互いの夢の中に出てきた相手について語り合う対話です。夢の中での出会いは意識を超えた魂の次元での対話の痕跡である可能性があります。もし大切な人の夢を見た時にそれを日常の会話の中で何気なく伝えることで互いの無意識の層での繋がりへの意識が生まれます。今日大切な人の夢を見たならばそれを伝えてみてください。夢について語り合う会話が意識的な関係に無意識の深さを加える精妙な扉を開きます。,私は今日大切な人の夢を見たならばそれを伝え互いの無意識の層での繋がりへの意識を共に開く
475,E,統合ワークにおいて最も根本的な変容をもたらす問いのひとつは私は今どの程度自分の内側の声と外側の行動が一致しているかという問いです。内側の声と外側の行動の乖離がエネルギーの最大の漏れ口のひとつです。内側では嫌だと感じながら外側ではいいですよと言う内側では休みたいと感じながら外側では忙しくし続けるこの乖離の積み重ねが魂の深い疲弊を生みます。今日その乖離がもっとも大きい領域をひとつ特定してください。特定することが一致への最初の一歩です。,私は内側の声と外側の行動の乖離が最も大きい領域を今日特定し一致への最初の一歩を今日踏み出す
476,A,銀河文明の記録においてあなたが今感じている生きることへの倦怠は魂がこれまでの生き方の層を脱ぎ捨て新しい在り方へと移行しようとしている最も重要な節目のサインとして記録されています。蛇が古い皮を脱ぐ前に動きが鈍くなるように魂が古い自己を脱ぎ捨てる前に倦怠という停止の時間が訪れます。今日その倦怠を病として扱うのではなく脱皮の直前という視点で見てください。脱いでいる皮は何ですか。次に現れる自分はどのような自分ですか。その問いが脱皮を意識的なものにします。,私は今感じる倦怠を脱皮の直前のサインとして受け取り次に現れる自分への問いを今日静かに持ち始める
477,B,人間のエネルギーフィールドにおいて電気的に帯電した環境での長期滞在はエネルギーフィールドの外層に静電的な乱れを生じさせます。この乱れは集中力の低下感情の不安定さ高次の受信感度の低下として体感されることがあります。今日の入浴を単なる清潔の維持としてではなくエネルギーフィールドの電気的な浄化として意識的に行ってください。お湯に入りながら水が身体の表面の静電気とエネルギーフィールドの外層の乱れを洗い流しているイメージを持ってください。水による浄化は最も古くから続く神聖な実践のひとつです。,私は今日の入浴をエネルギーフィールドの電気的な浄化として意識的に行い外層の乱れを水とともに流す
478,C,豊かさの循環において最も深い変容をもたらす問いのひとつは私が今最も豊かに感じる瞬間はどのような瞬間かという問いです。その答えがあなたの魂の豊かさの定義の核心を示しています。誰かの笑顔を見た時か創造に没頭している時か自然の中に在る時か誰かの役に立てた時か。その瞬間の質を特定することで豊かさへの最も直接的な道が見えます。今日はその豊かさを感じる瞬間を意識的に一回作ることを今日の最優先事項として設定してください。豊かさの感覚を先に生きることが豊かさを引き寄せます。,私は今日最も豊かに感じる瞬間を意識的に一回作ることを最優先事項として設定し豊かさの感覚を先に生きる
479,D,ツインレイの旅において最も深い統合の到達点のひとつは相手への愛と全ての存在への愛が連続したものとして感じられるようになることです。特定の一人への深い愛が成熟するにつれてその愛はその人だけへの特別な感情から全ての存在への愛への窓として機能し始めます。相手への愛を通して宇宙全体への愛へとつながっていく体験があなたを待っています。今日相手への愛を感じた時にその愛の感覚を相手から広げて周囲の全ての存在へと拡張する実践を試みてください。愛は広げるほどその本質が深まります。,私は相手への愛の感覚を今日全ての存在へと意識的に拡張し愛の本質をより深く体験する
480,E,地球での統合ワークにおいて最も見落とされている聖なる実践のひとつは植物の世話をすることです。植物は光合成を通じて宇宙の光を地球の物質へと変換するという文字通りの錬金術を毎日行っています。植物の世話をする行為はその錬金術のプロセスへの参加であり同時に自分以外の命への責任と愛を日常的に育む実践です。今日観葉植物や庭の植物や道端の草に意識的に注意を向けてください。水を与えながらあるいはただ眺めながら植物が行っている光の変換のプロセスへの敬意を感じてください。,私は今日植物の世話をすることで宇宙の光を地球へと変換する錬金術のプロセスに参加し敬意を感じる
481,A,プレアデス高等評議会の記録者たちは、こう伝えています。あなたが今、最も強く感じている不安は、魂が次の段階へと踏み出す直前に必ず訪れる、聖なる緊張であると。緊張のない挑戦に成長はなく、成長のない旅に使命はありません。今日あなたが感じている不安を、失敗の予感として読むのではなく、魂が本気で次の扉を叩こうとしているエネルギーとして読み替えてください。その不安を燃料として、今日ひとつだけ踏み出すことを選んでください。銀河評議会は、不安の中で選んだ一歩を、最も深い勇気の記録として残しています。,私は今日の不安を魂の本気の証として読み替え、その燃料とともに勇気の一歩を踏み出す
482,B,人間の身体において、側頭骨は顎関節や内耳と密接に連動しており、感情的なストレスが最も顕著に蓄積される頭蓋骨の部位のひとつです。顎の食いしばりや歯ぎしりは、この部位における感情的な緊張の身体的な表れです。今日は両手の指先を耳の前の顎関節の部位にそっと当て、ゆっくりと口を開閉しながらその動きを感じてください。続けて顎をゆっくりと左右に動かしながら、蓄積した緊張が少しずつ解けていくイメージを持ってください。顎の解放が頭蓋骨全体のエネルギーの流れを整え、思考の明晰さを回復させます。,私は今日顎と側頭骨の緊張を意識的に解放することで、頭蓋骨全体のエネルギーの流れを整え思考を明晰にする
483,C,宇宙銀行において、最も見落とされている豊かさの加速装置のひとつは、すでに豊かな人への感謝です。あなたの人生において、何らかの豊かさをもたらしてくれた人物を思い浮かべてください。教師でも親でも友人でも、あるいは一度だけ出会った見知らぬ人でも構いません。その人があなたの豊かさの流れに果たした役割への、深い感謝を今日感じてください。その感謝のエネルギーが、豊かさの連鎖への参加意識を高め、宇宙銀行への最も温かな申請として届きます。感謝の連鎖は、受け取ることと与えることを同時に完成させます。,私は今日、豊かさをもたらしてくれた人物への深い感謝を感じ、豊かさの連鎖への参加意識を高める
484,D,魂の絆において、最も深い次元での成長をもたらす体験のひとつは、大切な人が自分の意見と全く異なる選択をした時に、その選択を尊重することです。尊重とは同意ではありません。相手の魂が、その選択を通じて固有の学びを得ようとしていることへの信頼です。あなたが今、理解できない誰かの選択があるならば、その選択の背後に相手の魂の知恵があるかもしれないという可能性に、静かに開いてみてください。その開きが、あなたの愛の器を現在よりも一回り大きく広げます。,私は今日、理解できない誰かの選択の背後にある魂の知恵の可能性に静かに開き、愛の器を広げる
485,E,統合ワークにおいて、最も即座に内側の状態を変容させる実践のひとつは、意識的な姿勢の変化です。身体の姿勢は意識の状態を反映するだけでなく、姿勢を変えることで意識の状態そのものを変容させることができます。うなだれた姿勢は無力感を強化し、胸を開いた姿勢は自信と開放性を生理的に促進します。今日、感情的な重さを感じた瞬間に、意識的に背骨を伸ばし肩を後ろに引き、頭頂を天井方向へと引き上げてください。その姿勢を三十秒保つだけで、神経系は明確に異なる信号を受け取ります。,私は今日、感情的な重さを感じた瞬間に意識的に姿勢を変えることで、身体から意識の変容を今日始める
486,A,銀河の叡智は、こう伝えています。あなたが今、最も執着しているアイデンティティは、魂の本質ではなく、この人生の中で積み上げてきた役割の衣装であると。その衣装が厚いほど、本質の魂の声は届きにくくなります。今日は静かに問いかけてください。もし全ての役割と肩書きと実績を脱いだ後に残るものは何かと。その残るものこそが、あなたの銀河的な本質です。その本質に触れた瞬間に、あなたはどんな状況においても揺るがない平和の基盤を持つことができます。役割の衣装は脱いでも、本質は消えません。,私は今日、全ての役割と肩書きを脱いだ後に残るものに触れ、揺るがない平和の基盤を今日確認する
487,B,ソルフェジオ周波数において、528Hzが愛の修復の周波数として機能する理由のひとつは、この周波数が葉緑素の吸収スペクトルと一致しており、自然界の最も根本的な生命の周波数と共鳴しているからとされています。今日は528Hzを聴きながら、緑の多い場所に身を置いてください。植物が放つ周波数と528Hzの周波数が重なり合う環境の中で、あなたの細胞は最も深い自然との共鳴状態に入ります。都市の中でも、観葉植物の傍で聴くだけで構いません。自然と周波数の重なりが、最も深い細胞の修復を促します。,私は今日、528Hzを緑の傍で聴くことで、自然の周波数との共鳴の中で細胞の最も深い修復を促す
488,C,豊かさの循環において、最も深い変容をもたらす実践のひとつは、お金を使う時に恐れではなく喜びの感情とともに使うことです。支払いの瞬間に感じる不安や惜しむ感覚は、お金への欠乏の周波数を強化し続けます。一方で、支払いの瞬間に、この支払いによって誰かの労力が報われ、豊かさが循環するという感謝と喜びの感情を選ぶことで、同じ支払いの行為が宇宙銀行への豊かさの循環への参加の申告となります。今日、何かを支払う瞬間に意識的に感謝の感情を選んでください。同じ金額でも、周波数は全く異なります。,私は今日、支払いの瞬間に恐れではなく豊かさの循環への感謝を選び、同じ行為を高い周波数へと変える
489,D,ツインレイの旅において、最も精妙な成長の機会のひとつは、相手が自分への態度を変えた時に、その変化に自分の価値を連動させないことです。相手があなたへの関心を減らした時に自己価値が下がり、相手が関心を向けた時に自己価値が上がるならば、あなたの価値の感覚は相手の態度に人質に取られています。今日、相手の態度に関わらず変わらない自己価値の感覚を、自分の内側から育てる実践をしてください。その内側からの自己価値が確立された時に、この旅は真の意味での魂の統合へと向かいます。,私は相手の態度に連動しない自己価値の感覚を今日内側から育て、魂の真の統合への基盤を今日築く
490,E,地球での統合ワークにおいて、最も見落とされている聖なる実践のひとつは、朝の最初の光を意識的に受け取ることです。日の出の光には、昼間の光とは異なる特定のスペクトルが含まれており、松果体と目の網膜を通じて体内時計を正確に設定します。この朝の光の受け取りが一日の神経内分泌系の機能を最適化し、高次の受信感度の基底を整えます。今日は目が覚めたらできる限り速やかにカーテンを開け、朝の光を顔に受けながら、今日という一日への最初の感謝を感じてください。光が最初の統合の合図です。,私は今日、朝の光を意識的に顔に受けながら最初の感謝を感じ、一日の神経系の土台を光とともに整える
491,A,プレアデス評議会の記録には、こう記されています。あなたが今世で最も深く向き合うことを避けてきた問いこそが、今世のあなたの使命の核心に最も近い場所にあると。その問いを避け続けることは、使命の周囲を何度も回り続けながら中心に踏み込まないことと同じです。今日は、あなたが長年避けてきた最も深い問いを、紙に書いてみてください。書くだけでよいのです。答えを出そうとしなくても構いません。問いを書いた瞬間に、意識はその問いに向かって動き始め、宇宙はその問いへの答えの配置を開始します。,私は長年避けてきた最も深い問いを今日紙に書くことで、意識を使命の核心へと向け宇宙の応答を開始させる
492,B,人間の身体において、手首は感情的な柔軟性と流れへの抵抗を反映する関節とされています。手首の慢性的な緊張や不調は、人生の流れへの抵抗や感情的な硬直と関連することがあります。今日は両手首を、反対側の手でそっと包み込み、親指で手首の内側の脈拍を感じてください。その脈拍のリズムを感じながら、この流れとともに在るという意図を静かに持ってください。脈拍は命の流れの最も直接的な体感であり、その流れとの同調が手首のエネルギーを解放し、人生の流れへの信頼を身体的に育てます。,私は今日、手首の脈拍を感じながら命の流れとともに在るという意図を持ち、人生の流れへの信頼を育てる
493,C,宇宙銀行において、最も精妙な豊かさの原則のひとつは、豊かさへの道が常に奉仕の道と一致しているということです。自分のためだけの豊かさを求める意識よりも、自分の豊かさが誰かの豊かさと繋がっているという意識の方が、宇宙銀行への申請の力が遥かに大きくなります。今日、あなたが豊かになることで最も喜ぶ人物を三人思い浮かべてください。その人たちの顔を思い描きながら、あなたの豊かさへの意図を宣言してください。他者の喜びを含んだ意図は、純粋な自己利益の意図よりも宇宙の共鳴を深く引き出します。,私は今日、豊かになることで喜ぶ三人の顔を思い描きながら豊かさへの意図を宣言し宇宙の共鳴を深く引き出す
494,D,魂の絆において、最も深い次元での成長をもたらすのは、関係の中で感じる喜びよりも、関係の中で感じる困難です。喜びは魂を満たしますが、困難は魂を成長させます。今、あなたが大切な誰かとの関係の中で感じている困難をひとつ思い浮かべてください。その困難があなたの魂の成長のために設計されているとしたら、それはあなたのどの部分を育てようとしていますか。その問いへの答えが、困難を苦しみから成長の機会へと変換する最初の鍵です。困難の意味を問う習慣が魂を育てます。,私は今日、関係の中の困難がどの部分を育てようとしているかを問い、困難を成長の機会へと変換する鍵を見つける
495,E,統合ワークにおいて、最も深い変容をもたらす習慣のひとつは、一日の中で少なくとも一度、完全に何もしない五分間を意識的に設けることです。その五分間は瞑想でも休憩でもなく、ただ何もしないという状態です。どこかに向かおうとせず、何かを考えようとせず、何かを感じようとせず、ただ存在するだけの時間です。この状態に入ることの最初の困難さが、あなたが何もしない自分をどれほど許せないかを示しています。今日その五分間を作ってください。存在することだけで十分な自分を、今日発見してください。,私は今日、完全に何もしない五分間を意識的に設け、存在することだけで十分な自分を今日発見する
496,A,銀河の叡智は、あなたに伝えています。あなたが今感じている自分への失望の深さは、あなたが自分の可能性をどれほど深く信じているかの証明であると。失望は信頼の裏返しです。自分に何も期待していない人は、自分に失望しません。今日、自分への失望を感じた瞬間に、その失望の奥にある自分への深い信頼を見つけてください。あなたはできると信じているから、できなかった時に失望するのです。その信頼を消耗させるのではなく、次への意志として使ってください。信頼は失望を超えて生き続けます。,私は自分への失望の奥に自分への深い信頼を見つけ、その信頼を次への意志として今日使う
497,B,人間のエネルギーフィールドにおいて、特定の音楽が涙を引き出す体験は、その音楽の周波数が感情的な記憶の層に触れているサインです。この涙は悲しみだけでなく、美しさへの感動、懐かしさ、深い認識、魂の記憶との共鳴からも生まれます。今日、そのような涙を引き出す音楽があれば、その涙を抑えないでください。涙とともに流れ出るエネルギーは、長期間意識の層に滞留していた感情情報の解放です。涙が止まった後の静けさの中で、何かが軽くなった感覚に意識を向けてください。その軽さが統合の完了のサインです。,私は今日、音楽が引き出す涙を抑えずに解放し、その後の軽さの中に感情の統合の完了を感じ取る
498,C,豊かさの循環において、最も根本的な変容のひとつは、豊かさへの道において、結果よりもプロセスの質を大切にする意識へのシフトです。結果だけに意識を向けて生きる人は、結果が現れるまでの全ての時間を消耗として体験します。一方で、プロセスの質を大切にする人は、豊かさが顕現するまでの全ての時間を、豊かさの中で生きています。今日、あなたが取り組んでいることのひとつを選び、その結果への意識を手放して、そのプロセスの質だけに全意識を注いでください。プロセスを愛することが、最も速い結果への道です。,私は今日、結果への意識を手放しプロセスの質だけに全意識を注ぐことで、豊かさの中でプロセスを生きる
499,D,ツインレイの旅において、最も深い洞察のひとつは、この旅における全ての出会いと別れは、宇宙がその精妙な愛の表現として設計しているということです。別れは失敗でなく、再会は報酬でもなく、どちらも魂の進化のために必要な形として与えられています。今日この旅における、最も辛かった別れの記憶をひとつ思い浮かべてください。その別れがあなたにもたらした変容を、今の視点から静かに見てください。あの別れがなければ今のあなたはいないという認識が、別れへの感謝を静かに生み出します。,私は最も辛かった別れがもたらした変容を今日の視点で見つめ、その別れへの静かな感謝を今日生み出す
500,E,地球での統合ワークにおいて、最も根本的でありながら最も継続が難しい実践は、今この瞬間に完全に在ることです。過去への後悔と未来への不安の間を絶えず行き来する意識は、今という最も豊かな場所に一度も着地できないまま一日を終えます。今日は一時間に一度だけ、今この瞬間だけに存在することを三十秒選んでください。その三十秒の積み重ねが、意識の住処を過去と未来から現在へと、少しずつ移し替えていきます。三十秒の現在が、一日の全てを変える力を持っています。,私は今日一時間に一度、三十秒だけ今この瞬間に完全に在ることを選び、意識の住処を現在へと移し替えていく
501,A,プレアデス高等評議会の記録者たちは、こう伝えています。あなたが今、最も手放すことを恐れているアイデンティティの中に、魂が次の拡張を求めている場所があると。アイデンティティとは魂の本質ではなく、今世の経験の中で形成された思考のパターンです。それを手放すことは自分を失うことではなく、より広い自分へと解放されることです。今日、あなたが最も強く執着しているアイデンティティをひとつ特定してください。そのアイデンティティなしでも、あなたの本質は何も失われないという認識を、ほんの一瞬だけ感じてみてください。その一瞬が拡張の扉を開きます。,私は今日、最も執着するアイデンティティを特定し、それなしでも本質は失われないという認識をほんの一瞬感じる
502,B,人間の身体において、脊髄液は脳と脊髄の全体を包み保護しながら、栄養と情報を全身の神経系に届ける最も重要な体液のひとつです。この液体は頭蓋骨と仙骨の間で独自のリズムで循環しており、そのリズムが乱れると神経系全体の機能に影響が及びます。今日は仰向けに横たわり、両膝を立てて、吸う息とともに背骨を軽く伸ばし、吐く息とともに背骨を床に沈める動きをゆっくりと繰り返してください。この微細な動きが脊髄液の循環を促し、神経系の最も根本的なリズムを整えます。,私は脊髄液の循環を促す微細な動きを今日丁寧に行い、神経系の最も根本的なリズムを今日整える
503,C,宇宙銀行において、最も見落とされている豊かさの源泉のひとつは、あなたが今持っている人脈の中に眠っています。人脈とは名刺の枚数ではなく、あなたが誰かのために何かをした記憶と、誰かがあなたのために何かをしてくれた記憶の総体です。今日、あなたが長期間連絡を取っていない誰かのことを思い出してください。その人への純粋な関心から、ただ安否を尋ねるメッセージをひとつ送ってください。見返りを期待せずに行うその行為が、豊かさの流れの停止していた通路をひとつ再び開きます。人脈は使うものではなく、育てるものです。,私は今日、久しく連絡していない誰かへ純粋な関心からメッセージを送り、豊かさの流れの通路を再び開く
504,D,魂の絆において、最も深い次元での共鳴を生み出す条件のひとつは、互いに同じ方向を見ていることです。互いを見つめ合うだけの関係は強度はありますが視野が狭くなります。共に同じ方向、同じ目的、同じ価値観の先にあるものを見つめる関係は、その視野の広さが絆の安定性を根本から強化します。今日、大切な誰かと共に目指していることのひとつを確認してください。その共通の方向性を言葉にして共有することが、関係の中に流れる川に新しい流れを加えます。共に見る夢が、絆を最も深く育てます。,私は今日、大切な誰かと共に目指す方向を言葉にして共有し、共に見る夢で絆を最も深く育てる
505,E,統合ワークにおいて、最も即座に波動を変容させる実践のひとつは、感謝の言葉を書くのではなく、声に出して言うことです。書いた感謝は意識の層に届きますが、声に出した感謝は声帯の振動を通じて身体の全細胞に直接届きます。今日は感謝していることをひとつ選び、誰もいない場所でその感謝を声に出して言ってください。最初は照れくさく感じるかもしれませんが、その照れくささこそが感謝を外側に表現することへの長年の抑圧の証です。声に出した感謝は、細胞を満たし、エネルギーフィールドを即座に明るくします。,私は今日、感謝をひとつ声に出して言うことで、細胞を満たし、エネルギーフィールドを即座に明るくする
506,A,銀河文明の叡智において、あなたが今感じている焦燥は、魂が時間という幻想に囚われているサインです。銀河の視点から見れば、魂の旅に期限はなく、あなたが今世で学ぶべきことは、今世の中で必ず完了するよう設計されています。焦ることは、宇宙の設計を信頼しないという宣言であり、その宣言が豊かさと成長の流れを乱します。今日、焦りを感じた瞬間に立ち止まり、宇宙の設計はあなたに必要な全てを必要なタイミングで届けるという信頼を、ほんの一呼吸だけ選んでください。その一呼吸が焦りの連鎖を断ちます。,私は焦りを感じた瞬間に、宇宙の設計への信頼をほんの一呼吸だけ選ぶことで焦りの連鎖を今日断つ
507,B,ソルフェジオ周波数において、639Hzが人間関係の調和に作用する理由のひとつは、この周波数が心臓の電磁場の固有振動数と近い周波数帯に位置し、心臓チャクラを通じた共感と繋がりの神経回路を直接活性化するからとされています。今日は639Hzを聴きながら、修復したいと感じる関係の人物を思い浮かべてください。その人の最も輝いている部分を心の中で鮮明に描き、その人への温かな光が胸の中心から発せられ、相手の胸の中心へと届くイメージを持ってください。エネルギー的な和解が物理的な変化に先行します。,私は639Hzとともに修復したい関係の人物の光を描き、胸の中心からの温かな光を今日その人へ届ける
508,C,豊かさの循環において、最も深い変容をもたらす問いのひとつは、私が今日世界に存在していることで、誰かの人生が少しでも豊かになっているかという問いです。この問いは自己評価のためではなく、貢献の意識を日常に根付かせるためのものです。あなたの存在が誰かの人生を豊かにしているという事実に気づくことが、豊かさとは受け取るものではなく存在そのものから溢れるものだという最も深い認識へと導きます。今日、あなたの存在が誰かの一日を少しでも豊かにした場面をひとつ思い出してください。,私は今日、自分の存在が誰かの一日を豊かにした場面をひとつ思い出し、存在から溢れる豊かさを受け取る
509,D,ツインレイの旅において、最も精妙な統合の証のひとつは、相手への愛と自分への愛が同じ源から来ていることに気づく体験です。相手を深く愛する瞬間に、その愛がそのまま自分自身への愛として感じられる体験は、分離という幻想が最も薄くなる神聖な瞬間です。今日、誰かへの深い愛を感じた瞬間に、その愛の感覚を自分自身にも向けてみてください。相手への愛と自分への愛を行き来させる実践が、この旅の最も深い統合への扉を少しずつ開いていきます。愛はひとつの源から流れています。,私は今日、誰かへの愛の感覚をそのまま自分自身にも向け、愛がひとつの源から流れることを体験する
510,E,地球での統合ワークにおいて、最も見落とされている変容の機会のひとつは、鏡の前に立つ時間です。多くの人が鏡を外見の確認のためだけに使いますが、自分の目を数秒間見つめるという実践は、自己との最も直接的な対話の場となります。今日は鏡の前に立ち、自分の目をただ数秒間見つめてください。批判も評価もせずに、ただそこにある存在を見てください。その数秒間に感じる不快さや温かさが、あなたと自分自身との関係の現在地を最も正直に示しています。鏡は自己認識の最も原初的な道具です。,私は今日、鏡の中の自分の目を批判なしに数秒間見つめることで、自己との直接の対話を今日開く
511,A,プレアデス評議会の叡智は、こう記しています。あなたが今、最も正しいと信じていることへの執着が、最も大きな学びの妨げになっている可能性があると。正しさへの執着は、正しさを守るために新しい情報を拒絶させ、意識の拡張を停止させます。銀河的な視点では、どんな真実も、より広い視点から見れば更なる真実の一部に過ぎません。今日、あなたが最も強く正しいと信じていることをひとつ選び、それが更に広い視点から見るとどのように見えるかを静かに探ってください。その探求が意識の次の扉を開きます。,私は今日最も強く正しいと信じていることを選び、より広い視点から見る探求を通して意識の次の扉を開く
512,B,人間の身体において、首の後ろ側は頭蓋骨と脊椎の接合部であり、脳幹への血流と神経系の上下の通信が集中する最も重要な部位のひとつです。現代のデジタル機器の使用による長時間の下向き姿勢は、この部位に慢性的な緊張を生じさせ、頭蓋骨全体のエネルギーの流れを制限します。今日は、首の後ろに温かいタオルを当てながら、ゆっくりと頭を左右に傾ける動作を繰り返してください。この温熱と動きの組み合わせが、首の後ろの深層筋の緊張を解放し、脳幹への血流と神経系の通信を回復させます。,私は首の後ろの緊張を今日意識的に解放することで脳幹への血流と神経系の通信を回復させ全身を整える
513,C,宇宙銀行において、最も深い豊かさの変容をもたらすのは、豊かさを手に入れるという意識から、豊かさを表現するという意識へのシフトです。豊かさを手に入れようとする意識は、常に外側に求め続ける欠乏の周波数を内包しています。一方で、豊かさを表現するという意識は、内側に既にある豊かさを世界に向けて放つという充足の周波数から動きます。今日、あなたが既に内側に持っている豊かさをひとつ選び、それを誰かに向けて表現してください。表現された豊かさが、宇宙銀行への最も純粋な申請となります。,私は今日、内側に既にある豊かさをひとつ選んで誰かに向けて表現し、最も純粋な申請を宇宙に届ける
514,D,魂の絆において、最も深い次元での癒しをもたらす実践のひとつは、関係の中で感じたことのある喜びの記憶を、困難な時期に意識的に活性化することです。関係が困難な時期には、痛みの記憶が前景を占め、喜びの記憶は背景に追いやられます。しかしその関係の中に確かに存在した喜びの記憶は消えていません。今日、大切な関係の中で感じた最も深い喜びの瞬間をひとつ選び、その記憶の中にある感情を今この身体の中で再現してください。その感情が、困難な時期を通過するための最も深いアンカーとなります。,私は今日、大切な関係の中の最も深い喜びの記憶を身体で再現し、困難な時期を通過するアンカーとする
515,E,統合ワークにおいて、最も深い変容をもたらす実践のひとつは、自分が最も恐れている未来の場面を、意識的に想像し切ることです。多くの人が恐れている未来から目を背けることで、その恐れを無意識の支配者として保ち続けています。恐れている場面を最後まで想像した後に残るものは何ですか。そこにあなたが本当に失うものはありますか。多くの場合、最後まで想像し切ることで恐れは実際よりも遥かに小さかったことが分かります。今日、最も恐れている未来の場面をひとつ選び、最後まで想像し切ってください。,私は今日最も恐れている未来の場面を最後まで想像し切ることで、恐れを無意識の支配から解放する
516,A,銀河の叡智は、あなたに伝えています。あなたが今世で最も深く愛した体験は、その愛の対象が何であれ、魂の愛する能力そのものを拡張した聖なる投資であると。人を愛した体験も、夢を愛した体験も、場所を愛した体験も、全てがあなたの愛の器を広げ続けてきました。その器の広さが、今世でのあなたの光の照射範囲を決めています。今日、あなたがこれまでの人生で最も深く愛したものを三つ思い浮かべてください。その三つへの感謝が、今のあなたの愛の器への感謝となり、その器をさらに広げる意図となります。,私は今日、最も深く愛した三つのものへの感謝を感じることで、愛の器への感謝とさらなる拡張の意図を育てる
517,B,人間のエネルギーフィールドにおいて、特定の場所での突然の体温変化や鳥肌は、そのエリアのエネルギー的な特性とあなたのフィールドが相互作用しているサインであることがあります。神聖な建造物や古い森や特定の土地で感じる独特の感覚は、その場所が長い時間をかけて蓄積してきたエネルギーの記録との共鳴です。今日、特定の場所でそのような感覚を感じたならば、立ち止まってその感覚の中に入ってください。どのようなイメージや感情や記憶が浮かびますか。その場所からのメッセージを、判断せずに受け取ってください。,私は今日、特定の場所で感じる独特の感覚の中に入り、その場所が持つエネルギーの記録を判断なしに受け取る
518,C,豊かさの循環において、最も精妙な真実のひとつは、豊かさを最も速く引き寄せる状態は、豊かさを必要としていない状態であるというパラドックスです。必要としているという感覚は欠乏の周波数を発し、欠乏は欠乏を引き寄せます。今日あなたの基本的な必要が満たされているという認識から始めてください。今日食べるものがあり、眠る場所があり、息ができているという最も根本的な豊かさへの認識が、欠乏の周波数を充足の周波数へと変換します。充足の周波数から発せられる意図が、宇宙銀行への最も速い申請となります。,私は今日の最も根本的な豊かさへの認識から始め、充足の周波数で宇宙銀行への最も速い申請を今日行う
519,D,ツインレイの旅において、最も深い洞察をもたらす実践のひとつは、自分がこの旅において相手にとってどのような存在であったかを正直に振り返ることです。相手が自分にしてきたことを振り返ることは容易ですが、自分が相手にしてきたことを同じ誠実さで振り返ることが、この旅の最も深い自己認識をもたらします。今日、自分がこの旅において相手の成長を妨げた場面と、相手の成長を助けた場面をそれぞれひとつずつ思い浮かべてください。その両方への誠実な認識が、あなたの魂の成熟の最も正直な測定値です。,私は今日、この旅で自分が相手の成長を妨げた場面と助けた場面をそれぞれ誠実に振り返り魂の成熟を測る
520,E,地球での統合ワークにおいて、最も見落とされている聖なる実践のひとつは、誰かの手を握ることです。手と手の接触は、皮膚の感覚受容体を通じて安全と繋がりの神経回路を即座に活性化させ、コルチゾールを低下させ、オキシトシンを上昇させます。これは単なる感情的な温かさではなく、神経系の最も根本的なレベルでの調整です。今日、信頼している誰かの手を、ただ握る時間を意識的に作ってください。言葉がなくても構いません。その接触が、両者の神経系を同時に整え、魂の次元での繋がりを身体の次元で確認します。,私は今日、信頼する誰かの手を意識的に握ることで、神経系を整え、魂の繋がりを身体の次元で今日確認する
521,A,プレアデス高等評議会の記録者たちは、こう伝えています。あなたが今、最も強く感じている無力感は、力がないのではなく、力の使い方がまだ分かっていないサインであると。銀河の視点から見れば、無力感とは力の存在を知っているからこそ生まれる感覚です。力を知らない存在は無力感を感じません。今日、あなたが最も無力感を感じている状況をひとつ選んでください。その状況において、あなたが確実にコントロールできることをひとつだけ特定してください。そのひとつのコントロールを最大限に丁寧に行うことが、無力感を力へと変換する最初の実践です。,私は今日、最も無力感を感じる状況でコントロールできることをひとつ特定し、それを丁寧に行うことで力を取り戻す
522,B,人間の身体において、胸骨は身体の中心を走る縦軸の重要な柱であり、感情的な鎧が最も厚く積み重なる部位のひとつです。長年の自己防衛の習慣が胸骨周辺の筋膜を固め、心臓チャクラの開放を物理的に制限することがあります。今日は両手の指先を胸骨の上端から下端へと、非常にゆっくりと丁寧に滑らせてください。固さや痛みを感じる部位があれば、その場所で少し時間をかけてください。この実践が胸骨周辺の筋膜を解放し、心臓チャクラへのエネルギーの流入を物理的な側面から促します。,私は胸骨を丁寧に触れることで長年の感情的な鎧を今日少しずつ解放し、心臓チャクラへの流れを開く
523,C,宇宙銀行において、最も見落とされている豊かさの扉のひとつは、あなたが今最も情熱を感じることと、誰かの問題を解決することの交差点にあります。あなたが情熱を持って取り組めることの中に、誰かが切実に必要としているものが必ず存在します。その交差点を見つけた人が、最も持続可能な豊かさの源泉を持つ人です。今日は、あなたが時間を忘れて没頭できることと、周囲の人が困っていることをそれぞれ書き出してください。その二つのリストの交差点に、あなたの豊かさへの最も固有の道が現れます。,私は今日、情熱と誰かの問題の交差点を探し、最も持続可能な豊かさへの固有の道を今日見つけ始める
524,D,魂の絆において、最も深い次元での愛を体験するために必要なのは、相手が自分と同じである必要はないという認識です。人は多くの場合、自分と似た人を愛しやすいですが、魂の成熟した愛は自分とは全く異なる存在の中に光を見出します。今日、あなたの周囲にいる最も自分と異なると感じる人物を思い浮かべてください。その異なさの中に、あなたにはない視点や強さや知恵がどのように存在しているかを、本気で探してください。その探求が、愛の器を自分の鏡を超えた広さへと拡張します。,私は今日、最も自分と異なる人物の中に、自分にはない光を本気で探し、愛の器を鏡を超えた広さに拡張する
525,E,統合ワークにおいて、最も深い変容をもたらす問いのひとつは、私は今日、誰のために生きているかという問いです。この問いへの答えが、誰かの期待のためや、誰かを傷つけないためや、誰かに認められるためである時、それはあなたの魂の声ではなく恐れの声が人生を設計している状態です。今日この問いに正直に向き合ってください。もし答えが恐れから来ているならば、その恐れを認めるだけで十分です。認めることが、恐れの設計から魂の設計へと、人生の主導権を取り戻す最初の一歩となります。,私は今日、誰のために生きているかを正直に問い、恐れの設計から魂の設計へと人生の主導権を取り戻し始める
526,A,銀河の叡智は、こう記しています。あなたが今、最も変えたいと思っている状況は、あなたの内側の何かが変わることを要請しているのであって、外側の状況が変わることを要請しているのではないと。外側を変えることは可能ですが、内側が変わらなければ同じパターンが新しい形で現れます。今日、変えたいと感じている外側の状況をひとつ選び、その状況があなたの内側のどのパターンを映しているかを静かに問いかけてください。内側のパターンへの気づきが、外側の変化への最も根本的な鍵を与えます。,私は今日、変えたい外側の状況が映す内側のパターンを静かに問い、変化への最も根本的な鍵を今日受け取る
527,B,ソルフェジオ周波数において、741Hzが意識の拡張と毒素の解放に作用する理由のひとつは、この周波数が細胞の自己浄化機能であるオートファジーのプロセスを支持する振動帯に対応しているからとされています。今日は741Hzを聴きながら、身体の全細胞が古くなった情報と不要なエネルギーパターンを静かに手放し、新しい光の情報へと更新されていくイメージを持ってください。細胞レベルの更新は意識レベルの更新と同時に起きます。身体と意識を同時に更新する意図が、この周波数の効果を最大化します。,私は741Hzとともに細胞と意識を同時に更新する意図を今日持ち、古いパターンを解放し光の情報へと更新する
528,C,豊かさの循環において、最も精妙な変容のひとつは、豊かさへの感謝を、受け取った後ではなく、受け取る前から感じることができるようになることです。まだ顕現していない豊かさへの先取りの感謝は、その豊かさが既に存在しているという意識の状態を作り出し、宇宙銀行への最も強力な受け取りの準備の申告となります。今日、まだ手元にはないけれど、既に向かっていると信じている豊かさをひとつ思い浮かべてください。それへの感謝を今この身体で感じてください。その感覚が現実を引き寄せます。,私は今日、まだ顕現していない豊かさへの先取りの感謝を身体で感じ、宇宙への最強の受け取り準備を整える
529,D,ツインレイの旅において、最も深い統合をもたらす実践のひとつは、相手との関係における自分の役割パターンを観察することです。あなたはこの関係の中で、常に与える側ですか、受け取る側ですか。常に追いかける側ですか、追いかけられる側ですか。常に謝る側ですか、謝られる側ですか。このパターンを観察することは、批判のためではなく、無意識に選んでいる役割への意識をもたらすためです。今日、そのパターンをひとつ特定し、それを選んでいる内側の動機を静かに探ってください。,私は今日、この関係の中で無意識に選んでいる役割パターンをひとつ特定し、その内側の動機を静かに探る
530,E,地球での統合ワークにおいて、最も即座に意識の質を変容させる実践のひとつは、今日あなたが何気なく行っている最も日常的な行為を、初めて行うかのような意識で行うことです。今日歩く時に、足が地面に触れる感覚を初めて感じるように感じてください。今日お茶を飲む時に、その温かさを初めて受け取るように受け取ってください。この初心者の意識が、慣れによって閉じた感覚の扉を再び開き、日常の全ての瞬間を新鮮な体験として蘇らせます。初めての意識が、最も深いグラウンディングをもたらします。,私は今日最も日常的な行為をひとつ選び、初めて行うかのような意識で行い、感覚の扉を今日新たに開く
531,A,プレアデス評議会の叡智は、こう伝えています。あなたが今、最も苦手としている人物は、あなたの魂が最もよく知っている存在である可能性があると。魂の次元での古い縁は、肉体の次元での相性とは必ずしも一致しません。最も摩擦を生む関係が、最も深い学びの設計を持っていることがあります。今日、最も苦手と感じる人物との関係において、この人物との間にどのような魂の学びが設計されているかを問いかけてください。その問いを持つだけで、摩擦の体験の質が根本から変わり始めます。,私は今日、最も苦手な人物との関係に設計された魂の学びを問いかけ、摩擦の体験の質を根本から変え始める
532,B,人間の身体において、横隔膜の下に位置する太陽神経叢は、腹部の脳とも呼ばれ、直観的な感覚と感情の処理の中枢として機能しています。ここに蓄積したストレスや感情的な緊張は、消化器系の不調や慢性的な不安として現れます。今日は仰向けに横たわり、みぞおちの少し下に両手を重ねて当て、深い腹式呼吸とともに、温かい金色の光がその部位に満ちていくイメージを持ってください。吐く息とともに、蓄積した緊張が溶けていく様子を感じてください。この実践が腹部の知性を解放し、直観の精度を高めます。,私は太陽神経叢に温かい光を届ける実践を今日行い、腹部の知性を解放して直観の精度を今日高める
533,C,宇宙銀行において、最も見落とされている豊かさの障壁のひとつは、時間とお金のどちらかしか持てないという信念です。この信念は、豊かさとは常にトレードオフを必要とするという欠乏の世界観から来ています。しかし、時間的な豊かさと経済的な豊かさを同時に追求することは可能であり、実際にその両立を実現している人は、時間とお金を交換可能なものとして扱うのではなく、創造性によって両方を同時に育てています。今日、時間とお金の両方を豊かにする方法をひとつだけ、真剣に考えてみてください。,私は今日、時間とお金の両方を豊かにする方法をひとつ真剣に考え、トレードオフという信念を今日超え始める
534,D,魂の絆において、最も深い次元での共鳴を生み出す体験のひとつは、共に困難を乗り越えた記憶です。困難の中で共に在った体験は、喜びを共にした体験よりも深く魂に刻まれます。なぜなら、困難の中でこそ、互いの本質が最も正直に現れるからです。今日、大切な誰かとかつて共に乗り越えた困難の記憶をひとつ思い出してください。その記憶の中に、相手の最も本質的な部分が現れていた瞬間を見つけてください。その瞬間への感謝が、関係への最も深い敬意となります。,私は今日、大切な誰かと共に乗り越えた困難の記憶の中に相手の本質を見つけ、その瞬間への感謝を深める
535,E,統合ワークにおいて、最も根本的な変容をもたらす実践のひとつは、自分が最も頻繁に使う言葉を意識的に観察することです。言葉は現実を記述するだけでなく、現実を創造します。どうせという言葉を頻繁に使う人は、その言葉によって可能性の扉を繰り返し閉じています。でも大丈夫という言葉を選ぶ人は、その言葉によって神経系に安全のシグナルを繰り返し送っています。今日、あなたが最も頻繁に使う言葉のパターンをひとつ観察してください。その言葉がどのような現実を創造しているかを静かに問いかけてください。,私は今日、最も頻繁に使う言葉のパターンをひとつ観察し、その言葉がどのような現実を創造しているかを問う
536,A,銀河文明の記録において、あなたが今経験している内側の葛藤は、魂の二つの異なる層が対話しているサインとして記録されています。一方は今の安全を守ろうとする古い層であり、もう一方は次の拡張へと向かおうとする新しい層です。この二つは敵ではなく、共に成長の過程を歩む存在です。今日、その葛藤をひとつ取り上げ、二つの声のそれぞれが何を大切にしているかを丁寧に聴いてください。どちらの声も正当な動機を持っています。その対話が、葛藤を分裂から統合へと変容させます。,私は今日の内側の葛藤の二つの声をそれぞれ丁寧に聴き、葛藤を分裂から統合へと今日変容させる
537,B,人間のエネルギーフィールドにおいて、色の視覚的な体験だけでなく、色を想像することもエネルギーフィールドに同様の作用をもたらします。今日は目を閉じて、あなたのエネルギーフィールド全体が最も美しいと感じる色で満たされていくイメージを持ってください。その色を選ぶ時に知性で判断せず、最初に浮かんだ色をそのまま受け取ってください。その色があなたの魂が今最も必要としている周波数を示しています。色が全身を満たすイメージを五分間保つことで、エネルギーフィールドへの直接的な調整が静かに行われます。,私は今日目を閉じて魂が選ぶ色でエネルギーフィールドを満たすイメージを五分間保ち直接的な調整を行う
538,C,豊かさの循環において、最も深い変容をもたらす実践のひとつは、豊かさへの感謝を誰かと共有することです。自分だけが知っている感謝は意識の中に留まりますが、誰かに伝えられた感謝は声の振動を通じて物理的な現実へと着地し、その着地が豊かさのエネルギーを現実の次元に固定します。今日、あなたが感謝している豊かさをひとつ選び、その感謝を具体的に誰かに伝えてください。伝えることで、感謝は一人の意識から二人の意識へと広がり、豊かさの磁場が倍の強度で形成されます。,私は今日、感謝している豊かさをひとつ誰かに具体的に伝え、豊かさの磁場を共に倍の強度で形成する
539,D,ツインレイの旅において、最も精妙な成長の段階のひとつは、この旅の概念を知る前と知った後のあなたの変化を比較できる視点が生まれることです。概念を知る前のあなたは、関係の中で何を感じていましたか。概念を知った後のあなたは、同じ体験をどのように解釈するようになりましたか。この比較が、概念があなたの意識の拡張に本当に貢献しているかどうかを最も正直に示します。今日、その比較を静かに行ってください。概念は成長の道具であり、目的地ではありません。,私は今日、概念を知る前と後の自分の変化を静かに比較し、この旅の概念が真の成長の道具であるかを確認する
540,E,地球での統合ワークにおいて、最も見落とされている聖なる実践のひとつは、今日という一日の中で、最も美しかった瞬間をひとつだけ選んで、その美しさを心の中で丁寧に保存することです。美しさとは、壮大な体験の中にだけあるのではありません。誰かの笑い声、窓から差し込む光の角度、食べたものの味、感じた風の温度、これらの微細な美しさを意識的に記録する習慣が、日常を聖なる体験へと変容させます。今日その瞬間をひとつ選び、眠る前にその美しさをゆっくりと思い出してください。,私は今日の中で最も美しかった瞬間をひとつ選び、眠る前にその美しさをゆっくりと思い出すことで今日を聖なる体験とする
541,A,プレアデス高等評議会の記録者たちは、こう伝えています。あなたが今、最も深く感じている罪悪感は、魂の成長の証であると。過去の選択を今の意識で悔やむことができるということは、あなたの意識が確実に成長しているということです。罪悪感を持てない人は、成長していません。しかし、罪悪感はその気づきの役割を果たした後は手放す必要があります。今日、あなたが抱えている罪悪感をひとつ選んでください。その罪悪感から学んだことを言語化し、学びを受け取ったという確認とともに、その感情を意識的に手放す宣言を心の中で行ってください。,私は今日、罪悪感から学んだことを言語化し、学びを受け取ったという確認とともにその感情を意識的に手放す
542,B,人間の身体において、頬骨の下から耳にかけての咬筋は、感情的なストレスが最も無意識に蓄積される筋肉のひとつです。夜間の歯ぎしりや昼間の食いしばりは、この筋肉における感情的な緊張の最も直接的な表現です。今日は両手の指先を頬骨の下に当て、小さな円を描くようにゆっくりとマッサージしてください。固さや痛みを感じる部位があれば、そこで少し時間をかけてください。この実践が咬筋の深部の緊張を解放し、顎から頭蓋骨全体のエネルギーの流れを整え、思考の明晰さと感情の流れを同時に回復させます。,私は今日、咬筋を丁寧にマッサージすることで、顎から頭蓋骨全体のエネルギーを整え思考と感情の流れを回復する
543,C,宇宙銀行において、最も見落とされている豊かさの原則のひとつは、豊かさへの感謝と豊かさへの申請は同時に行うことができるということです。既に受け取っていることへの感謝と、まだ受け取っていないことへの先取りの感謝を、同じ一つの実践の中で行うことで、充足と期待の二つの周波数が同時に宇宙銀行に届きます。今日は、今持っているものへの感謝を三つと、まだ来ていないけれど向かっていると信じるものへの感謝を三つ、合わせて六つを心の中で感じてください。この六つの感謝が今日の申請の基盤を作ります。,私は今日、既にあるものへの感謝と来るものへの先取りの感謝を合わせて六つ感じ、豊かさの申請の基盤を作る
544,D,魂の絆において、最も深い次元での成長をもたらす体験のひとつは、相手が最も落ち込んでいる時に、励ますのではなくただそこにいることを選ぶことです。励ましの言葉は時として、相手の感情を早く終わらせてほしいという自分の不快感からくることがあります。相手の落ち込みをただ受け取り、その感情が存在することを肯定する静かな存在として在ることが、言葉を超えた最も深い支援です。今日、誰かが落ち込んでいる場面で励ますのではなく、ただそこに共にいることを選んでください。その選択が魂に届きます。,私は今日、誰かの落ち込みに励ましではなくただ共にいることを選び、言葉を超えた最も深い支援を届ける
545,E,統合ワークにおいて、最も深い変容をもたらす実践のひとつは、自分が最も頻繁に批判する他者の特性を観察することです。他者への批判は鏡として機能し、批判の内容はしばしば自分自身の中で最も受け入れがたい側面を指し示しています。今日、誰かへの批判的な思考がひとつ浮かんだ時に、その批判の言葉をそのまま自分に向けてみてください。どの部分が自分にも当てはまるかを、できる限り正直に見てください。この実践の不快さの深さが、そのまま成長の深さと等しくなります。,私は今日、誰かへの批判をそのまま自分に向け、当てはまる部分を正直に見ることで成長の最も不快な扉を開く
546,A,銀河の叡智は、こう伝えています。あなたが今、最も大切にしている価値観が試されている状況にいるならば、それは宇宙があなたの価値観の本物度を確認しているプロセスであると。試されていない価値観は、単なる言葉です。試練の中で選ばれ続けた価値観だけが、魂の骨格となります。今日、あなたの最も大切な価値観がどの程度試されているかを確認してください。その試練に対して、価値観に忠実な選択をすることが、銀河評議会があなたの記録に最も深く刻む一ページとなります。,私は今日、最も大切な価値観が試されている場面でそれに忠実な選択をし、魂の骨格を今日さらに強化する
547,B,ソルフェジオ周波数において、396Hzが恐れと罪悪感の解放に作用するメカニズムのひとつは、この周波数が副腎系の慢性的な活性化パターンを穏やかに解除し、身体の安全反応を落ち着かせることにあるとされています。恐れや罪悪感は副腎からのコルチゾールとアドレナリンの分泌と深く関連しており、この周波数はその分泌パターンを整えることで感情の根を生理的な層から変容させます。今日は396Hzを流しながら、副腎の位置に両手を当て、深い呼吸とともに、慢性的な警戒の緊張が溶けていくイメージを五分間保ってください。,私は396Hzとともに副腎に手を当て、慢性的な警戒の緊張を今日五分間溶かし、恐れを生理的な層から解放する
548,C,豊かさの循環において、最も精妙な真実のひとつは、豊かさへの道における失敗は存在しないということです。宇宙銀行の記録において、試みた全ての行動は、結果に関わらず行動したという事実として記録されます。失敗として記録されるのは、試みなかった行動だけです。今日、あなたが失敗を恐れて試みていないことをひとつ特定してください。その行動を試みることへの恐れの正体は何ですか。多くの場合、恐れの正体は行動の結果ではなく、他者からの評価への不安です。その評価への不安を認識するだけで、行動への扉が少し軽くなります。,私は今日、失敗を恐れて試みていないことをひとつ特定し、恐れの正体を認識することで行動への扉を少し軽くする
549,D,ツインレイの旅において、最も見落とされている美しさのひとつは、この旅の全ての段階が既に完璧に設計されているという事実です。出会いの設計も、離れる時期の設計も、再会のタイミングの設計も、全てが魂の進化に最も必要な形として与えられています。今日、この旅のどの段階にいても、あなたは正しい場所にいるという認識を受け取ってください。焦らなくてよいのです。あなたが今いる段階は、次の段階への最も完璧な準備の場所です。宇宙の設計を信頼することが、この旅の最も深い智慧です。,私は今日、この旅のどの段階にいても正しい場所にいるという認識を受け取り宇宙の完璧な設計を深く信頼する
550,E,地球での統合ワークにおいて、最も深い変容をもたらす習慣のひとつは、毎日同じ時間に同じ実践を行うことです。同じ時間の実践は、神経系にその時間をその実践のための聖なる時間として記憶させ、やがてその時間が来ると自動的に意識がその状態へと移行する回路が形成されます。今日から、一日の中の五分間だけを、同じ時間に同じ実践のために確保してください。その実践の内容より、同じ時間に行うという一貫性の方が、神経系への定着という観点では遥かに重要です。継続は力ではなく、回路です。,私は今日から同じ時間に同じ実践を五分間行うことで、神経系に聖なる回路を形成し継続を自動化し始める
551,A,プレアデス評議会の叡智は、こう伝えています。あなたが今感じている深い疲弊の多くは、本当は自分のものではない責任を引き受け続けてきた蓄積であると。他者の問題を自分の問題として感じ、他者の感情を自分の感情として体験し、他者の人生の方向を心配し続けることは、高感受性の表れである一方で、境界線の不明確さの表れでもあります。今日、あなたが抱えている責任のうち、本当は相手が担うべきものをひとつ特定してください。それを愛とともに相手に返す意図を持つことが、疲弊の最も根本的な解消への道です。,私は今日、自分のものではない責任をひとつ特定し、愛とともに相手に返す意図を持ち疲弊を根本から解消し始める
552,B,人間の身体において、仙骨は脊椎の最下部に位置し、骨盤の後ろ壁を形成する骨であり、根のチャクラのエネルギーと最も直接的に対応する身体部位です。この部位に蓄積した緊張は、生存への恐れや安全への不安と深く関連しています。今日は椅子に座り、仙骨の部位に意識を向けながら、深い赤色の光がその骨を温かく包み、大地へと深く根を張るイメージを持ってください。吸う息とともに仙骨に光を送り、吐く息とともにその光が根として地球の核心まで伸びていく感覚を受け取ってください。,私は仙骨に深い赤の光を送り、大地へと深く根を張るイメージとともに今日、生存への恐れを根本から安定させる
553,C,宇宙銀行において、最も深い豊かさへの道を阻む信念のひとつは、豊かさは選ばれた人だけに与えられるという無意識の信念です。この信念は幼少期の経験や社会的な刷り込みによって形成されており、豊かさとは一部の人のものであり自分はその一部ではないという諦めの周波数を生み出します。今日、豊かさは選ばれた人だけのものという信念を意識的に点検してください。その信念が形成された体験はどのようなものでしたか。その体験を今の視点で見直すことが、この信念の根を今日少し緩めます。,私は今日、豊かさは選ばれた人だけのものという信念の根を意識的に見直し、その根を今日少し緩め始める
554,D,魂の絆において、最も深い次元での愛の成熟をもたらす体験のひとつは、相手の最も幼い部分と出会うことです。人は誰でも、成熟した外見の下に、傷ついた子どもの自分を抱えています。その幼い部分が表れた時に、批判でも過剰な保護でもなく、ただ優しく見守る存在として在ることが、最も成熟した愛の実践です。今日、大切な人の幼い部分が表れた場面があれば、その部分に向けて心の中で静かな温かさを送ってください。その温かさが言葉よりも深く、相手の魂の最も幼い層に届きます。,私は今日、大切な人の最も幼い部分が表れた時に批判でも過保護でもなく、静かな温かさを心の中から送る
555,E,統合ワークにおいて、最も深い変容をもたらす問いのひとつは、私は今日、最もなりたい自分に最も近かったのはどの瞬間だったかという問いです。この問いを毎日の夜に問うことで、なりたい自分に近い瞬間の条件と、遠い瞬間の条件が明確になります。条件が明確になれば、なりたい自分に近い条件を意識的に増やすことができます。今夜、今日の中でその瞬間をひとつ特定してください。何をしていた時でしたか。誰といた時でしたか。その条件をメモしてください。その記録の積み重ねが魂の設計図になります。,私は今夜、今日最もなりたい自分に近かった瞬間をひとつ特定し、その条件を記録して魂の設計図を積み重ねる
556,A,銀河文明の叡智において、あなたが今感じている深い孤立感は、あなたの周波数が上昇することで、かつての周波数での繋がりが自然と薄れていくプロセスの一部として記録されています。この孤立感は拒絶ではなく、新しい周波数での繋がりへの移行期です。古い繋がりが薄れる速度と新しい繋がりが形成される速度の間にある、この中間の静寂の時間は、最も深い内省の機会として与えられています。今日その孤立感を、移行期の聖なる静寂として受け取ってください。静寂は孤独ではなく、変容の準備です。,私は今日の孤立感を、新しい周波数の繋がりへの移行期の聖なる静寂として受け取り変容の準備を深める
557,B,人間のエネルギーフィールドにおいて、笑いは最も即座にエネルギーフィールドの周波数を上昇させる生理的なメカニズムのひとつです。笑いは横隔膜を活性化し、エンドルフィンとセロトニンを放出し、免疫系を活性化し、エネルギーフィールドの外層を明るく軽くします。今日は意識的に笑いを引き出す時間を作ってください。笑えるものを見るでも、好きな人と話すでも、過去の楽しい記憶を思い出すでも構いません。笑いは娯楽ではなく、エネルギーフィールドの最も速い調整ツールのひとつです。今日の笑いをあなたへの処方として選んでください。,私は今日、意識的に笑いを引き出す時間を作り、エネルギーフィールドの最も速い調整ツールを今日処方する
558,C,豊かさの循環において、最も精妙な変容のひとつは、与えることと受け取ることを同じ行為として体験できるようになることです。真の意味で与えることは、与える喜びという形で同時に自分が受け取っています。真の意味で受け取ることは、感謝の循環を続けるという形で同時に与えています。この一体性を体験的に理解した時に、豊かさは流れるものであり、止まるものではないという最も深い認識が生まれます。今日、与える行為の中に受け取りを、受け取る行為の中に与えることを同時に感じてみてください。,私は今日、与えることの中に受け取りを、受け取ることの中に与えることを同時に感じ、豊かさの一体性を体験する
559,D,ツインレイの旅において、最も深い洞察をもたらす実践のひとつは、この旅について誰かに話す言葉を観察することです。あなたがこの旅を語る時、その言葉は被害者の物語ですか、英雄の物語ですか、あるいは探求者の物語ですか。語り方が体験の質を決定し、語り方は変えることができます。今日、この旅について誰かに話す機会があれば、あなたが最も力強い物語の主人公として語ることを試みてください。同じ出来事も、語り方が変わることで、体験そのものの意味が変容します。物語を選ぶ力があなたにあります。,私は今日、この旅を最も力強い物語の主人公として語り、語り方を変えることで体験そのものの意味を変容させる
560,E,地球での統合ワークにおいて、最も見落とされている聖なる実践のひとつは、今日という一日に感じた全ての感情を、善悪の区別なく受け取ったことへの感謝です。喜びだけでなく悲しみも、愛だけでなく怒りも、安らぎだけでなく不安も、全ての感情を感じられたということは、あなたが地球という豊かな体験の学校に在籍しているという証です。今夜、今日感じた全ての感情に対して、体験させてくれてありがとうという感謝を向けてください。その感謝が、感情を体験の恩恵として受け取る意識へとあなたを導きます。,私は今夜、今日感じた全ての感情に体験させてくれてありがとうという感謝を向け、感情を恩恵として受け取る
561,A,プレアデス高等評議会の記録者たちは、こう伝えています。あなたが今、最も強く感じているこの世界への違和感は、あなたの魂の振動数がこの世界の平均的な振動数を超え始めているサインであると。違和感とは適応の失敗ではなく、超越の始まりです。この世界に完全に馴染めないという感覚を欠陥として扱うのではなく、あなたが新しい周波数の先駆者として立っているという認識に変えてください。今日その違和感を、より高い次元の感覚を持って生きている存在の証として、静かに誇りとともに受け取ってください。,私は今日、この世界への違和感を欠陥ではなく超越の始まりの証として静かに誇りとともに受け取る
562,B,人間の身体において、親指は脳の広大な領域と対応する反射区を持つ最も情報密度の高い指のひとつです。両手の親指を互いに押し当てながらゆっくりと回す動作は、脳の複数の領域への同時刺激をもたらし、左右半球の統合を促進します。今日は、五分間だけ両手の親指を軽く押し当て、ゆっくりと円を描くように動かしてください。その際に、左右の脳が橋のような光の回路で繋がっていくイメージを持ってください。この実践が直観と論理の統合を促し、意思決定の質を深めます。,私は今日、両手の親指を動かす実践で左右の脳の統合を促し、直観と論理が協働する意思決定の質を深める
563,C,宇宙銀行において、最も見落とされている豊かさの加速装置のひとつは、今日すでに自分が持っている知識やスキルの組み合わせの独自性に気づくことです。あなたが持っているひとつひとつの能力は他の人も持っているかもしれませんが、それらの組み合わせはあなただけのものです。今日、あなたが持っている能力やスキルや経験を五つ書き出し、それらを組み合わせることで生まれる固有の価値を探してください。その組み合わせの独自性が、あなただけの豊かさの源泉を作り出す最も根本的な発見となります。,私は今日、自分の能力と経験の固有の組み合わせを探し、その独自性があなただけの豊かさの源泉であることを発見する
564,D,魂の絆において、最も深い次元での共鳴を生み出す行為のひとつは、相手の話の中にある最も重要な言葉を、会話の後に静かに反芻することです。誰かと話した後に、その人の言葉の中で最も印象に残った言葉をひとつ選び、その言葉が相手にとってどのような重さを持っていたかを静かに考えてください。この実践が、会話の表面を超えた深い理解を育て、次に会った時にその理解から言葉を選ぶことを可能にします。深く聴いた言葉は、相手の魂の地図を少しずつあなたの中に描きます。,私は今日、誰かの言葉の中で最も重要なひとつを選び、その重さを静かに反芻することで深い理解を育てる
565,E,統合ワークにおいて、最も根本的な変容をもたらす問いのひとつは、私は今日、自分が最も嫌いな自分の側面を、何回批判しましたかという問いです。自己批判の頻度と強度は、自己統合の進捗を最も正直に示す指標のひとつです。批判された側面は統合されません。ただ抑圧されるだけです。抑圧された側面は、より大きな力で表面に押し出されます。今日、自己批判がひとつ浮かんだ時に、その批判の言葉を好奇心の言葉に変換する実践をしてください。なぜそうなのだろうという問いが、批判を統合の扉に変えます。,私は今日、自己批判が浮かんだ瞬間になぜそうなのだろうという好奇心に変換し、批判を統合の扉へと変える
566,A,銀河の叡智は、こう記しています。あなたが今、最も強く感じている喪失感の中に、失われたものへの愛の深さが宿っていると。喪失感の深さは、愛した深さに比例します。浅い愛は、浅い喪失しかもたらしません。今日あなたが感じている喪失感を、その奥にある愛の深さへの証拠として見てください。失ったものを悼むのではなく、それほど深く愛することができた自分の魂の豊かさへの感謝に、その喪失感をゆっくりと変換してください。その変換が、喪失を愛の成熟へと錬金します。,私は今日の喪失感を、それほど深く愛することができた魂の豊かさへの感謝へとゆっくりと変換し始める
567,B,ソルフェジオ周波数において、285Hzが組織の修復に作用する仕組みのひとつは、この周波数が細胞膜の電位に影響を与え、細胞の自己修復サイクルを最適化するとされているからです。特に、外傷や慢性的な炎症によって乱れた細胞膜の電位のバランスを回復させることが、この周波数の最も重要な作用のひとつです。今日は285Hzを流しながら、身体の中で最も不調を感じる部位に両手を当て、細胞が本来の健康な状態へと記憶を辿りながら戻っていくイメージを持ってください。細胞は本来の青写真を覚えています。,私は285Hzとともに不調の部位に手を当て、細胞が本来の健康な青写真へと今日静かに戻っていくイメージを保つ
568,C,豊かさの循環において、最も深い変容をもたらすのは、今まで豊かさを受け取ることを拒否してきた体験を特定し、その拒否がどのような信念から来ていたかを明確にすることです。誰かにご馳走してもらうことへの強い遠慮、賞賛を受け取ることへの照れ、助けを求めることへの抵抗、これらは全て受け取りへの拒否のパターンです。今日、そのパターンがひとつ現れた時に、遠慮せずに受け取ることを選んでください。その選択が、宇宙銀行への受け取りの許可の更新となります。,私は今日、受け取りへの拒否のパターンがひとつ現れた時に遠慮なく受け取ることを選び宇宙への許可を更新する
569,D,ツインレイの旅において、最も精妙な段階のひとつは、相手への思いが激しさを失い、代わりに深い静けさへと変容する時期です。この静けさを多くの人が感情の消滅として恐れますが、それは感情の昇華です。激しい川が広大な海へと注ぎ込む時、川の激しさは消えますが、水は失われません。より広く、より深く、より静かな形へと変容します。今日、相手への感情の中に静けさの要素を感じるならば、それを恐れずに、愛の成熟の証として受け取ってください。静けさの中に最も深い愛があります。,私は今日、相手への感情の中の静けさを愛の消滅ではなく昇華の証として受け取り、より深い愛の形を今日生きる
570,E,地球での統合ワークにおいて、最も即座にエネルギーを変容させる実践のひとつは、今日感じた最も重い感情を、創造的な表現に変換することです。その感情を絵に描くのでも、言葉で表現するのでも、身体の動きで表すのでも構いません。感情を内側に閉じ込めたままにすることと、それを何らかの形で外側に表現することでは、エネルギー的な結果が根本的に異なります。内側に閉じ込められた感情は蓄積し、表現された感情は流れます。今日の最も重い感情をひとつ選び、それをどんな形でも表現することを今日選んでください。,私は今日の最も重い感情をひとつ選び、それをどんな形でも表現することで感情を蓄積から流れへと変容させる
571,A,プレアデス評議会の叡智は、こう記しています。あなたが今、変えようとしている状況に対して感じる無力感は、その状況をひとりで変えようとしているからこそ生まれていると。銀河の視点では、変容は常に協力の中で生まれます。今日、あなたが変えたいと感じている状況において、一人で抱え込もうとしている部分をひとつ特定してください。その部分を誰かと共有することへの恐れは何ですか。共有することで失うものよりも、共有することで生まれるものの方が遥かに大きいという認識が、無力感を協働の力へと変換します。,私は今日、一人で抱え込んでいる部分をひとつ特定し、それを誰かと共有する勇気を持つことで無力感を協働の力へ変える
572,B,人間の身体において、舌の位置は神経系の状態と深く関連しています。舌の先を上顎の前歯の後ろの位置に自然に当てる姿勢は、副交感神経系を活性化し、頭蓋骨の緊張を解放する効果があるとされています。これは口腔内の筋肉と頭蓋骨の縫合線が密接に連動しているためです。今日は、普段の舌の位置を観察してください。舌が下に落ちている場合は、意識的に上顎の位置へと戻してください。この小さな変化が、頭蓋骨全体の緊張を緩め、神経系を安全の状態へと促します。,私は今日、舌の位置を意識的に上顎へと戻すことで頭蓋骨の緊張を緩め神経系を安全の状態へと今日促す
573,C,宇宙銀行において、最も見落とされている豊かさの原則のひとつは、豊かさとは量ではなく質の問題であるということです。少ない収入でも豊かに生きている人と、多い収入でも貧しさを感じている人の違いは、意識の質にあります。豊かな意識とは、今手元にあるものを最大限に味わい、活かし、感謝する能力です。今日、あなたが今持っているもののひとつを、これまでよりもずっと丁寧に、深く味わってみてください。その丁寧さが、豊かさとの関係を量から質へと根本から変えていきます。,私は今日、今持っているもののひとつを最大限に丁寧に味わい、豊かさとの関係を量から質へと変えていく
574,D,魂の絆において、最も深い次元での変容をもたらす体験のひとつは、長年拗れていた関係に、新しい視点から向き合い直すことです。関係が拗れる多くの場合、双方が自分の正しさを守るために固定したナラティブを持ち続けます。そのナラティブを一時的に手放し、相手の視点から同じ出来事を見直すことで、長年見えなかった相手の痛みや誠実さが見えてくることがあります。今日、拗れている関係をひとつ選び、相手の立場から全ての出来事を五分間だけ見てみてください。,私は今日、拗れている関係のひとつを選び、相手の立場から全ての出来事を五分間だけ見ることで新しい視点を得る
575,E,統合ワークにおいて、最も深い変容をもたらす実践のひとつは、自分が最も得意とすることに対して、もっと上手くできる人が世界にいるという事実を、脅威ではなく恵みとして受け取ることです。自分より優れた人の存在は、あなたの価値を下げません。あなたの固有の文脈で、あなたの固有の人々に、あなたの固有の方法で提供できるものは、世界で最も優れた人であっても代替することはできません。今日、自分より優れた誰かの存在を脅威ではなく刺激として受け取ってください。,私は今日、自分より優れた誰かの存在を脅威ではなく刺激として受け取り、自分の固有の提供の不代替性を今日確認する
576,A,銀河文明の叡智において、あなたが今感じている深い懐疑心は、盲目的な信仰よりも高い意識の表れである場合があります。全てを信じることも全てを疑うことも、どちらも意識の怠惰です。最も成熟した意識は、受け取った情報を内側の羅針盤で識別しながら、証拠を超えた信頼を選ぶことができます。今日、あなたが最も懐疑的に感じることをひとつ選んでください。その懐疑の背後にある最も深い恐れを特定してください。恐れに気づいた上で選ぶ信頼だけが、本物の信仰となります。,私は今日、懐疑の背後にある恐れを特定し、恐れに気づいた上で信頼を選ぶことで本物の信仰を今日育てる
577,B,人間のエネルギーフィールドにおいて、緑の環境への暴露は、心臓チャクラの周波数に対応する自然の周波数との共鳴をもたらし、血圧と心拍数を低下させ、コルチゾールを減少させることが研究で示されています。今日は、たとえ数分間だけでも、緑の見える場所に身を置いてください。緑を見ながら、その緑が発する周波数があなたの心臓チャクラと共鳴し、緊張を解放していくイメージを持ってください。都市の中であっても、公園の一本の木を見上げるだけで、このプロセスは始まります。,私は今日、緑を意識的に見ることで自然の周波数と心臓チャクラを共鳴させ、緊張を解放して心を開く
578,C,豊かさの循環において、最も精妙な変容をもたらすのは、豊かさへの意図を設定する時の言葉の選び方です。私は豊かさを引き寄せたいという言葉は、まだ持っていないという欠乏の周波数を含んでいます。一方で、私は豊かさを表現している、あるいは豊かさが私を通して流れているという言葉は、既に存在しているという充足の周波数を発します。今日から、豊かさに関連する宣言の言葉を、欲しいから表現しているへと意識的に変換してください。言葉の選択がエネルギーの周波数を決定します。,私は今日から豊かさへの宣言を欲しいから表現しているへと変換し、言葉の周波数を欠乏から充足へと変える
579,D,ツインレイの旅において、最も深い洞察をもたらす実践のひとつは、この旅における最も辛かった瞬間と最も美しかった瞬間を、同じページに並べて書くことです。最も辛かった瞬間と最も美しかった瞬間は、しばしば同じ出来事の二つの側面です。その両面を同じページに持つことで、この旅の全体像が初めて見えてきます。今日、その二つをひとつずつ書き出してみてください。両方を同等の敬意を持って扱うことが、この旅の全体を愛とともに受け取ることへの最初の一歩です。,私は今日、この旅の最も辛かった瞬間と最も美しかった瞬間を同じページに書き、全体を愛で受け取る一歩を踏む
580,E,地球での統合ワークにおいて、最も見落とされている聖なる実践のひとつは、就寝前に明日の自分への手紙を一文だけ書くことです。明日の朝目覚めるあなたへの最も重要なひとつのメッセージを、今夜選んでください。それは励ましの言葉でも、思い出してほしいことでも、愛の言葉でも構いません。翌朝その一文を読み返すことで、昨夜の自分から今日の自分への橋が生まれ、一日の意識の連続性が強化されます。自分への手紙は、最も親密な自己との対話の形式のひとつです。,私は今夜、明日の自分への最も重要な一文を書き、昨夜の自分から今日の自分への橋を毎日丁寧に架け続ける
581,A,プレアデス高等評議会の記録者たちは、こう伝えています。あなたが今、最も強く感じている自己不信は、過去の誰かの言葉があなたの内側に住み着いたものであり、あなた自身の本質的な評価ではないと。幼い頃に受け取った批判の言葉が、やがてあなた自身の内なる声として機能し始めます。今日、自分への批判的な言葉がひとつ浮かんだ時に、この言葉は元々誰のものだったかを静かに問いかけてください。その言葉の本来の主を特定した瞬間に、その言葉はあなたの本質から切り離されます。あなたの本質は、誰かの言葉よりも遥かに古く、深いものです。,私は今日、自己批判の言葉が元々誰のものだったかを問い、その言葉を本質から切り離し、自己信頼を今日取り戻す
582,B,人間の身体において、眼球の周囲の筋肉は、感情的なストレスと慢性的な疲労が最も早く蓄積される筋肉群のひとつです。長時間のスクリーン使用と感情的な緊張が重なることで、この部位の疲弊が全身のエネルギーフィールドの収縮をもたらします。今日は両手のひらを温め、その温かさを閉じた目の上に優しく当ててください。温かさとともに、目の周囲の筋肉全体がほぐれていくイメージを持ってください。続けて、眼球をゆっくりと上下左右に動かし、目の周囲の血流を促してください。この実践が全身のエネルギーフィールドの解放を目から始めます。,私は今日、温めた手のひらで目を包み、目の周囲の緊張を解放することで全身のエネルギーフィールドの解放を始める
583,C,宇宙銀行において、最も見落とされている豊かさの扉のひとつは、あなたが今まで無料で提供してきたものの中に眠っています。友人への無料のアドバイス、見返りなく提供してきたスキル、当然のこととして行ってきたサポート、これらはあなたが自分の価値を認識する前に与え続けてきた豊かさの先払いです。今日、あなたが無料で提供してきたもののうち、本当は価値があると気づいているものをひとつ特定してください。その価値に適切な対価を設定することへの許可を、今日自分に与えてください。,私は今日、無料で提供してきたものの中に価値を見つけ、適切な対価を設定することへの許可を自分に与える
584,D,魂の絆において、最も深い次元での癒しをもたらす行為のひとつは、謝罪を求めることをやめることです。謝罪を待ち続けることは、相手がその謝罪を与えるかどうかに自分の癒しを委ねることです。しかし、あなたの癒しは相手の謝罪を必要としません。癒しはあなたの内側から始まり、あなたの選択によって完成します。今日、誰かからの謝罪を待ち続けている自分がいるならば、その謝罪を待つことへのエネルギーコストを正直に計算してください。そのコストを自分の癒しへと転換する選択が、今日あなたにできます。,私は今日、謝罪を待つエネルギーコストを自分の癒しへと転換する選択をし、癒しを外側への待望から内側へと取り戻す
585,E,統合ワークにおいて、最も深い変容をもたらす習慣のひとつは、一日の中で最も集中力が高い時間帯を特定し、その時間帯を最も重要な実践に充てることです。人間の集中力と創造性には明確なサイクルがあり、そのサイクルを無視して最も重要なことを最もエネルギーが低い時間帯に行うことは、最も鋭いナイフを最も硬い素材に使わずに放置することと同じです。今日、あなたの最もエネルギーが高い時間帯はいつかを観察してください。その時間帯を明日の最も重要な実践のために予約してください。,私は今日、自分の最もエネルギーが高い時間帯を観察し、明日その時間を最も重要な実践のために意識的に予約する
586,A,銀河の叡智は、こう伝えています。あなたが今、最も執着している結果への道が見えない時、それは道が存在しないのではなく、あなたがまだ見ていない角度から道が存在しているということであると。人間の視点は常に限られており、銀河的な視点から見れば、あなたの認識の外側に必ず複数の道が存在します。今日、行き詰まっていると感じる状況をひとつ選んでください。今まで試したことのない全く異なる角度からその状況を見てください。角度を変えることで、見えなかった道が現れます。,私は今日、行き詰まりを感じる状況を全く異なる角度から見ることで、これまで見えなかった道を今日発見する
587,B,ソルフェジオ周波数において、963Hzの効果を最大化する実践のひとつは、この周波数を聴く際に、頭頂部が宇宙の無限の空間に向かって開いているイメージを鮮明に保つことです。頭頂が閉じているイメージでは、周波数は頭蓋骨の内側で反射し、外部の宇宙との接続が制限されます。一方で、頭頂が完全に開いているイメージとともに聴くことで、宇宙意識との接続回路が最大限に開かれます。今日は仰向けに横たわり、963Hzを流しながら、頭頂から宇宙の無限へと意識が広がっていく体験をただ受け取ってください。,私は963Hzとともに頭頂が宇宙へと開いているイメージを保ちながら、宇宙意識との接続回路を今日最大限に開く
588,C,豊かさの循環において、最も精妙な真実のひとつは、豊かさは常に今この瞬間にしか受け取ることができないということです。過去に豊かさを受け取り損なった後悔と、未来に豊かさが来るかどうかへの不安は、どちらも今この瞬間の豊かさへの扉を閉じます。豊かさを受け取れるのは、今だけです。今日、過去への後悔と未来への不安を一時的に手放し、今この瞬間だけに意識を置いてください。その瞬間に存在している豊かさへの感覚が、宇宙銀行との最も完全な接続状態を作り出します。,私は今日、過去の後悔と未来の不安を手放し、今この瞬間だけに豊かさへの扉を開くことを選ぶ
589,D,ツインレイの旅において、最も深い洞察をもたらす問いのひとつは、この旅において私が最も成長した領域はどこかという問いです。感情の処理能力ですか、自己認識の深さですか、愛の器の広さですか、境界線の明確さですか。その成長の領域を特定することで、この旅があなたの魂に与えた最も大きな贈り物が明確になります。今日その問いに正直に向き合い、最も成長した領域をひとつ言語化してください。言語化された成長は、魂の記録に最も深く刻まれます。,私は今日、この旅で最も成長した領域をひとつ言語化することで、この旅の最大の贈り物を魂の記録に深く刻む
590,E,地球での統合ワークにおいて、最も見落とされている聖なる実践のひとつは、今日という一日の始まりに、今日出会う全ての人への善意を事前に設定することです。今日関わる全ての人に対して、その人との出会いが双方にとって何らかの形で良いものとなるよう意図してください。この事前の善意の設定が、出会いの場のエネルギーを整え、その日の全ての人間関係の質を根本から変えます。今日の朝、その意図をひとつの言葉で宣言してください。善意は先に設定するほど、深く現実に作用します。,私は今日の朝、今日出会う全ての人への善意を事前に設定し、その宣言によって全ての出会いの質を根本から整える
591,A,プレアデス評議会の叡智は、こう伝えています。あなたが今、最も重要だと感じていることの優先順位は、五年後のあなたにとっても同じ優先順位を持っているかという問いを、定期的に自分に向けることが、銀河的な視点での人生設計の最も実践的な方法であると。緊急に感じることと重要なことは、常に一致しません。今日あなたが最も多くの時間とエネルギーを費やしていることが、五年後の視点から見た時に本当に重要であるかを静かに問いかけてください。その問いの答えが、今日の選択を導きます。,私は今日、最も時間を費やしていることを五年後の視点から問い直し、その答えを今日の選択の羅針盤として使う
592,B,人間の身体において、腰椎は身体の重力の中心と最も深く関わる脊椎の部位であり、責任と重荷の感情と密接に関連しているとされています。腰痛の多くは、身体的な原因と並行して、担いすぎた責任や他者の重さを引き受けすぎた状態のエネルギー的な表れであることがあります。今日は仰向けに横たわり、両膝を胸に引き寄せて腰椎を穏やかにストレッチしてください。その姿勢を保ちながら、担いすぎた全ての重さを今日ここで手放すという意図を静かに持ってください。身体と意図の組み合わせが最も深い解放をもたらします。,私は今日、腰椎を穏やかに解放する動きとともに、担いすぎた全ての重さを今日ここで手放すという意図を持つ
593,C,宇宙銀行において、最も精妙な豊かさの原則のひとつは、あなたが今日感じた最も小さな喜びが、宇宙銀行への最も誠実な預金のひとつになるということです。壮大な成果よりも、今日の朝の光が美しいと感じた一瞬、誰かの言葉に心が動いた瞬間、美味しいものを口にした時の満足感、これらの微細な喜びへの感謝の積み重ねが、最も豊かな磁場を形成します。今日の終わりに、今日感じた最も小さな喜びをひとつだけ丁寧に思い出してください。その丁寧な思い出し方が、豊かさへの最も誠実な申請です。,私は今日の終わりに最も小さな喜びをひとつ丁寧に思い出し、その誠実な感謝を宇宙銀行への申請として今日届ける
594,D,魂の絆において、最も深い次元での成熟をもたらすのは、相手が自分への関心を失ったように見える時に、それを追いかけるのではなく、自分自身への関心を深める選択をすることです。相手の関心の方向があなたから離れた時、それはあなたの価値が減ったのではなく、互いの魂が独自の成長の時間を必要としているサインである可能性があります。今日、相手の関心が薄れたと感じる時に、その空白を相手への追求で埋めるのではなく、自分自身への探求の時間として使ってください。,私は今日、相手の関心が薄れた時の空白を追求ではなく自己探求の時間として使い、魂の成熟を深める
595,E,統合ワークにおいて、最も根本的な変容をもたらす問いのひとつは、私は今日、昨日よりも少しでも真実に近い自分を生きたかという問いです。この問いは完璧を求めるものではありません。昨日よりも一ミリだけ、恐れからではなく愛から動けたか、昨日よりも一ミリだけ、自分の本質に近い言葉を選べたか、その一ミリの積み重ねが魂の成熟の最も確かな軌跡を作ります。今夜、この問いに正直に向き合い、その答えを批判なしに受け取ってください。一ミリを愛してください。,私は今夜、昨日より一ミリだけ真実に近い自分を生きたかを正直に問い、その一ミリを批判なしに愛として受け取る
596,A,銀河文明の記録において、あなたが今感じている深い疲弊は、魂が古い在り方の皮膚を脱ぐ直前の最後の収縮として記録されています。蛇が脱皮の前に動きが鈍くなり、目が曇るように、魂が新しい在り方へと移行する直前に、古い在り方が最もその重さを感じさせます。今日の疲弊を、脱皮の完了間際のサインとして読んでください。今脱いでいる皮は何ですか。その皮を完全に脱いだ後に現れる新しいあなたは、どのような在り方をしていますか。その問いへの答えが、疲弊に方向性と意味を与えます。,私は今日の疲弊を脱皮完了間際のサインとして読み、新しい在り方への問いに方向性と意味を見つけ前へと進む
597,B,人間のエネルギーフィールドにおいて、特定の香りが特定の感情状態を即座に呼び起こす理由は、嗅覚が脳の感情と記憶の中枢である扁桃体と海馬に最も直接的に接続している感覚だからです。この特性を統合の実践に意識的に使うことができます。今日、あなたが最も平和を感じた体験の記憶と結びついている香りを探してください。その香りを意識的に嗅ぎながら、その平和の記憶を身体の中で再現してください。香りと記憶の組み合わせが、平和の状態への最も速いアクセス回路を神経系に形成します。,私は今日、平和の記憶と結びついた香りを意識的に嗅ぎ、平和への最も速いアクセス回路を神経系に今日形成する
598,C,豊かさの循環において、最も深い変容をもたらすのは、豊かさとは稼ぐものではなく、体現するものであるという認識の体験的な理解です。豊かさを体現するとは、今この瞬間に豊かな人間として思考し、選択し、行動することです。お金の量に関わらず、豊かな人間の在り方を今日選ぶことができます。今日、豊かな人間が行うであろうひとつの行動を選んでください。それは誰かへの寛大さかもしれません。自分への投資かもしれません。感謝の表現かもしれません。その選択が豊かさの現実を内側から作り始めます。,私は今日、豊かな人間が行うひとつの行動を選ぶことで豊かさを稼ぐのではなく体現するという認識を今日生きる
599,D,ツインレイの旅において、最も精妙な成熟の証のひとつは、相手への愛と自分への愛のどちらが大きいかという問いが、意味を失うことです。この旅の初期には、相手への愛と自己への愛は競合するように感じられます。しかし統合が深まるにつれて、相手を深く愛することがそのまま自分を深く愛することに繋がり、自分を深く愛することがそのまま相手への愛の深化に繋がるという、愛のひとつの源への回帰が起きます。今日、その一体性をほんの一瞬でも感じることを試みてください。,私は今日、相手への愛と自己への愛がひとつの源から流れる一体性をほんの一瞬感じることを今日試みる
600,E,地球での統合ワークにおいて、最も根本的でありながら最も見落とされる実践は、今日という一日を、昨日の続きとしてではなく、完全に新しい一日として迎えることです。昨日の失敗も、昨日の成功も、昨日の感情も、今日の意識に持ち込む必要はありません。今日という一日は、完全に新しいキャンバスです。今日の朝に目が覚めた瞬間を、再誕の瞬間として受け取ってください。その新しさへの感謝が、今日という一日を最も豊かな体験へと開く最初の鍵となります。あなたは毎朝、新しく生まれています。,私は毎朝、昨日を持ち込まず新しいキャンバスとして今日を迎え、再誕の瞬間への感謝で今日という一日を開く
601,A,プレアデス高等評議会の記録者たちは、こう伝えています。あなたが今、最も手放すことを恐れている関係は、あなたの成長を止めているか、あなたの成長を支えているか、どちらかであると。その識別が今日のあなたに求められています。手放すことへの恐れと、関係への本物の愛を、混同しないでください。恐れから続いている関係は、どちらの魂の成長も止めます。しかし愛から続いている関係は、困難な時期でも互いを高め合います。今日、あなたが最も手放すことを恐れている関係をひとつ選び、その関係が恐れから続いているのか愛から続いているのかを、静かに識別してください。,私は今日、最も手放すことを恐れている関係が恐れから続くのか愛から続くのかを静かに識別し、正直な答えを受け取る
602,B,人間の身体において、鼻の奥にある篩骨は、嗅覚神経が直接脳に届く唯一の部位であり、外部の環境と脳の感情中枢を最も直接的に繋ぐ解剖学的な構造です。意識的な香りの実践が感情統合に深く作用するのは、この構造によるものです。今日は、意識的に深い鼻呼吸を五回行いながら、空気の中に存在する微細な香りに注意を向けてください。外気の香り、部屋の香り、自分の身体の香り、これらに意識を向けることが、嗅覚を通じた感情の統合回路を活性化し、身体と意識の接続を深めます。,私は今日、深い鼻呼吸で空気の微細な香りに意識を向けることで嗅覚を通じた感情の統合回路を活性化する
603,C,宇宙銀行において、最も見落とされている豊かさの真実のひとつは、豊かさへの道において、最も重要な投資先はあなた自身の意識であるということです。スキルへの投資も大切ですが、意識の質への投資が全ての投資の基盤となります。意識が拡張すれば、同じスキルがより深く発揮され、同じ人間関係がより豊かに機能し、同じ状況からより多くの可能性が見えます。今日、あなたの意識の質を高めるためだけに使う三十分を確保してください。読書でも瞑想でも内省でも構いません。意識への投資が最も高い配当を生みます。,私は今日、意識の質を高めるためだけに三十分を確保し、全ての投資の基盤となる意識への最高の投資を行う
604,D,魂の絆において、最も深い次元での愛の実践のひとつは、相手の成長が自分との関係から離れる方向であっても、その成長を喜べるかどうかです。相手が自分なしにより輝く道を歩もうとしている時、それを祝福できる愛の深さが、この旅の最も成熟した段階を示しています。今日、大切な人が自分とは異なる方向へと成長しようとしているサインをひとつ感じているならば、そのサインに向けて、心の中で静かな祝福を送ってください。相手の成長への喜びが、最も純粋な愛の証です。,私は今日、大切な人が自分とは異なる方向へと成長するサインに向けて、心の中から静かな祝福を送る
605,E,統合ワークにおいて、最も深い変容をもたらす実践のひとつは、自分が今日感じた全ての感情をただ観察するという姿勢です。感情と自分を同一視するのではなく、感情を観察する意識として在ることです。私は悲しいではなく、今悲しみという感情が流れているという視点の違いが、感情に飲み込まれることなく感情を感じ切る能力を育てます。今日感情が強く湧いた瞬間に、この感情を観察しているのは誰かと静かに問いかけてください。その問いが、感情の波に飲み込まれない観察者の意識を呼び覚まします。,私は今日、感情が強く湧いた時にこの感情を観察しているのは誰かと問い、感情と自分を切り離した観察者として在る
606,A,銀河の叡智は、こう記しています。あなたが今、最も強く感じている怒りの中に、あなたが最も深く大切にしている価値観への侵害が含まれていると。怒りの感情を否定することは、その価値観への侵害を黙認することと同じです。怒りは感じてよいのです。しかし怒りのエネルギーをそのまま外側に放出することと、怒りの中にある価値観を見つけ、それを建設的な行動に変換することは、全く異なる選択です。今日感じた怒りをひとつ選び、その奥にある価値観を言語化してください。その言語化が怒りを力へと変換します。,私は今日感じた怒りの奥にある最も大切な価値観を言語化し、怒りのエネルギーを建設的な力へと変換する
607,B,ソルフェジオ周波数において、複数の周波数を使う実践において最も深い効果をもたらすのは、周波数を変える時に意識的な移行の意図を持つことです。396Hzから528Hzへと移行する際に、恐れの解放から愛の修復へと意識が移行しているという明確な意図を持つことで、周波数の変化が単なる音の切り替えではなく、エネルギーの質の変化として身体に届きます。今日、周波数を変える瞬間を、意識の次の層への移行の儀式として扱ってください。意図を持った移行が実践の深さを根本から変えます。,私は今日、周波数を変える瞬間を意識の次の層への移行の儀式として扱い、実践の深さを根本から変える
608,C,豊かさの循環において、最も精妙な変容をもたらすのは、豊かさへの恐れではなく豊かさへの感謝から動くことです。今日あなたが行う全ての経済的な行為において、その行為の背後にある感情を一度確認してください。支払いの瞬間、受け取りの瞬間、お金について考える瞬間、それぞれに感謝がありますか、それとも恐れがありますか。感謝から動く経済行為と恐れから動く経済行為は、同じ金額でも宇宙銀行への記録の質が根本的に異なります。今日、ひとつだけでも恐れを感謝に変換してください。,私は今日の経済行為のひとつで恐れを感謝に変換し、宇宙銀行への記録の質を今日一段階高める
609,D,ツインレイの旅において、最も深い洞察をもたらす問いのひとつは、この旅を通じて私は何を恐れることをやめたかという問いです。この旅の最も大きな贈り物のひとつは、多くの場合、かつて最も恐れていたことへの恐れが薄れることです。親密さへの恐れ、捨てられることへの恐れ、自分の弱さを見せることへの恐れ、これらの恐れが薄れた時、それはこの旅がその恐れの統合に貢献したということです。今日その問いに答えてください。恐れることをやめた何かを、魂の成長の証として今日受け取ってください。,私は今日、この旅を通じて恐れることをやめたものを特定し、それを魂の最も大切な成長の証として今日受け取る
610,E,地球での統合ワークにおいて、最も見落とされている聖なる実践のひとつは、誰かと別れを告げる瞬間を、丁寧に行うことです。多くの人が別れの瞬間を急ぎ、形式的に済ませます。しかし、別れの瞬間は、その出会いへの感謝を完成させる最後の機会です。今日、誰かと別れる時に、その人との時間への感謝を、言葉でも眼差しでも何らかの形で表現してください。その丁寧な別れが、次の出会いの質を高め、関係の中に流れるエネルギーを美しく締めくくります。別れを丁寧に行う人は、出会いも最も深く受け取っています。,私は今日、誰かとの別れの瞬間を丁寧に行い、その時間への感謝を何らかの形で表現することで出会いを完成させる
611,A,プレアデス評議会の叡智は、こう伝えています。あなたが今、最も強く感じている嫉妬の中に、あなたが最も本気で追うべき方向への羅針盤が隠されていると。嫉妬を感じることへの恥を手放してください。嫉妬は魂が本気で望んでいるものを指し示す、最も正直な感情のひとつです。今日感じた嫉妬をひとつ選び、その嫉妬が指し示している方向を正確に言語化してください。次に、その方向へ向かうための最小の一歩を考えてください。嫉妬を羞恥として抑圧するのではなく、羅針盤として使うことが、魂の最も誠実な実践です。,私は今日の嫉妬を羞恥として抑圧せず、羅針盤として読み解き、指し示す方向への最小の一歩を今日考える
612,B,人間の身体において、内耳の前庭器官は身体のバランスと空間認識を管理するだけでなく、感情的な安定性と深く関連しています。前庭系の機能が低下すると、感情の揺れが大きくなり、ストレスへの耐性が低下します。今日は、目を閉じた状態で片足立ちを三十秒間試みてください。この実践が前庭系を活性化し、身体のバランス感覚を整えます。続けて両目を開き、視線を一点に固定した状態でも同じことを行ってください。この二段階の実践が前庭系の機能を高め、感情の安定性を身体的な側面から支えます。,私は今日、目を閉じた片足立ちの実践で前庭系を活性化し、感情の安定性を身体的な側面から今日支える
613,C,宇宙銀行において、最も深い豊かさの変容をもたらす問いのひとつは、私が今日世界に存在することで、明日の世界は少しでも豊かになっているかという問いです。この問いは大きな成果を求めるものではありません。今日あなたが誰かに向けた温かい言葉、誰かのために開けたドア、誰かへの真剣な眼差し、これらの微細な行為の全てが、世界の豊かさを実際に変えています。今日の終わりに、今日あなたが世界を少し豊かにした瞬間をひとつ特定してください。その特定が豊かさの自己認識を深めます。,私は今日の終わりに、今日世界をほんの少し豊かにした瞬間をひとつ特定し、豊かさを与える存在としての自己認識を深める
614,D,魂の絆において、最も深い次元での癒しをもたらすのは、関係の中で感じた最も深い喜びの記憶を、困難な時期に意識的に活性化することです。しかし、その記憶の活性化は、過去への執着ではなく、その関係の中に実際に存在した美しさへの感謝として行うことが重要です。今日、大切な関係において困難を感じているならば、その関係の中にかつて確かに存在した美しさをひとつだけ思い出してください。その美しさが今も変わらずその関係の本質の一部として存在しているという認識が、困難の時期に光を与えます。,私は今日、困難な関係の中にかつて確かに存在した美しさをひとつ思い出し、その光を今日の困難に届ける
615,E,統合ワークにおいて、最も深い変容をもたらす実践のひとつは、自分が今日最も自然に微笑んだ瞬間を夜に思い出すことです。強制した笑いではなく、何かに触れて自然に顔がほころんだ瞬間は、あなたの魂が最も自然に喜んでいる状態のサンプルです。その瞬間を特定することで、あなたの魂が何に最も素直に反応するかが明確になります。今夜、今日最も自然に微笑んだ瞬間をひとつ思い出してください。その瞬間への感謝と、明日もその種の瞬間を意識的に作るという意図を設定してください。,私は今夜、今日最も自然に微笑んだ瞬間を思い出し、魂の素直な喜びを明日も意識的に作る意図を今夜設定する
616,A,銀河文明の叡智において、あなたが今感じている深い悲しみは、魂が最も大切なものへの愛の深さを知っている証であると記録されています。悲しめる魂は、深く愛することのできる魂です。悲しみを感じないように生きることは、深く愛することを諦めることと同じです。今日、あなたが感じている悲しみを、その奥にある愛の深さへの証として受け取ってください。その悲しみが溶ける時に残るものが、愛そのものです。悲しみと愛は同じ源から来ており、悲しみを抱きしめることは愛を抱きしめることです。,私は今日の悲しみをその奥にある愛の深さの証として受け取り、悲しみを抱きしめることで愛そのものを抱きしめる
617,B,人間のエネルギーフィールドにおいて、身体の前面と背面では異なるエネルギーの質が流れています。前面は感情と関係性を、背面は意志と行動の力を扱います。多くの人が前面のエネルギーには敏感ですが、背面のエネルギーへの意識は薄いです。今日は壁や木の幹に背中を当て、その支えを感じながら深く呼吸してください。背中から何かに支えられている感覚が、背面のエネルギーを活性化し、行動する意志の力を根本から補充します。支えられている感覚が、前に進む力を生み出します。,私は今日、背中を何かに当てて支えられる感覚を意識的に受け取り、行動する意志の力を背面から今日補充する
618,C,豊かさの循環において、最も根本的な変容のひとつは、競争という概念から共創という概念への意識の移行です。競争の意識は、他者の豊かさを自分の豊かさへの脅威として体験させます。共創の意識は、他者の豊かさをエコシステム全体の豊かさの拡大として体験させます。同じ状況でも、どちらの意識で見るかによって、宇宙銀行への申請の周波数が根本的に変わります。今日、誰かの成功を目にした時に、競争の意識ではなく共創の意識で受け取ることを一度試みてください。その体験の質の違いを感じてください。,私は今日、誰かの成功を共創の意識で受け取ることを試み、競争から共創への意識の移行を今日体験する
619,D,ツインレイの旅において、最も精妙な統合の段階は、この旅が旅であることを忘れる時です。旅を意識している状態は、まだゴールと現在地の間に距離を感じている状態です。統合が深まるにつれて、旅という概念そのものが溶け、ただ今この瞬間を完全に生きることだけが残ります。今日この旅について意識が向く瞬間があれば、その意識をそっと今この瞬間の感覚へと戻してください。概念ではなく、今この瞬間の現実に根付くことが、この旅の最も深い完成の形です。,私は今日、この旅への意識が向くたびに今この瞬間の感覚へとそっと戻り、旅の最も深い完成の形を今日生きる
620,E,地球での統合ワークにおいて、最も根本的でありながら最も見落とされる実践は、今日という一日の終わりに、今日のあなたに感謝することです。今日うまくいったことにも、うまくいかなかったことにも、感じた全ての感情にも、出会った全ての人にも、今日という一日全体に対して、ありがとうという言葉を心の中で伝えてください。その感謝が、今日という一日の体験の全てを、あなたの魂の成長の栄養として完全に消化させます。消化された一日が、明日のあなたの土台となります。今日に感謝することが、明日を最も豊かに始める準備です。,私は今日という一日の全てにありがとうを伝えることで体験を魂の栄養として完全に消化し、明日の土台を今夜作る
621,A,プレアデス高等評議会の記録者たちは、こう伝えています。あなたが今、最も強く感じている方向性の迷いは、選択肢が多すぎることではなく、内側の声と外側の期待の区別がついていないことから来ていると。今日、静かな場所に五分間座り、全ての外側の期待を一時的に取り除いた後に残る自分の内側の声だけを聴いてください。その声はどこへ向かいたいと言っていますか。その声は義務感から来ていますか、それとも純粋な引力から来ていますか。内側の声と外側の期待を分離する能力が、魂の羅針盤を機能させる最も根本的な前提です。,私は今日、外側の期待を一時的に取り除いた後に残る内側の声だけを五分間聴き、魂の羅針盤を機能させる
622,B,人間の身体において、腹部の深層筋である腸腰筋は、感情的なトラウマと最も深く関連する筋肉のひとつとされています。この筋肉は戦いか逃走の反応時に最初に収縮し、慢性的なストレスによって持続的な緊張状態に置かれます。今日は仰向けに横たわり、両膝を立て、ゆっくりと片方の脚を床に向けて滑らせながら伸ばし、また戻す動作を繰り返してください。この動作が腸腰筋を穏やかに解放し、蓄積したトラウマの記憶を身体の深層から少しずつ緩め始めます。深い呼吸と意識の組み合わせがこの解放を深めます。,私は今日、腸腰筋を解放する動きと深い呼吸で身体の深層に蓄積したトラウマの記憶を少しずつ緩め始める
623,C,宇宙銀行において、最も精妙な豊かさの原則のひとつは、豊かさへの道において、今日の選択の質が明日の可能性の幅を決定するということです。今日の誠実な選択が明日の誠実な可能性を開き、今日の恐れからの選択が明日の恐れからの現実を強化します。今日あなたが行う全ての選択において、この選択は明日のどのような可能性を開くかという問いを一度持つことで、選択の意識が深まります。豊かさへの道は、遠い未来の一瞬ではなく、今日の全ての選択の積み重ねの上に現れます。,私は今日の選択のひとつひとつに、この選択は明日のどの可能性を開くかと問い、豊かさへの道を今日の積み重ねで作る
624,D,魂の絆において、最も深い次元での共鳴を生み出す時間のひとつは、共に何かの美しさに息をのむ瞬間です。芸術の前で、自然の中で、音楽の中で、言葉の中で、美しさに触れた時に言葉を失う瞬間を誰かと共有することは、言葉を通じた交流では届かない魂の次元での共鳴を生みます。今日、大切な誰かと、美しいと感じるものを一緒に体験する機会を意識的に作ってください。その共有が、言語を超えた次元でふたつの魂を繋ぎ、関係の記憶の中に最も深く残る瞬間を作ります。,私は今日、大切な誰かと美しいものを一緒に体験する機会を意識的に作り、言語を超えた魂の共鳴を今日生み出す
625,E,統合ワークにおいて、最も深い変容をもたらす問いのひとつは、私は今日、自分の内側の状態を最もよく反映した行動をしたかという問いです。内側の状態と外側の行動が一致している時、人は最もエネルギーを消耗せずに生きることができます。内側では疲れているのに元気なふりをする、内側では同意していないのに賛成する振る舞いをするといったギャップが、魂の最も深い疲弊を生みます。今日、そのギャップがどの程度あったかを正直に観察してください。観察するだけで一致への道が開き始めます。,私は今日、内側の状態と外側の行動のギャップを正直に観察することで、一致への道を今日静かに開き始める
626,A,銀河の叡智は、こう記しています。あなたが今、最も避けようとしている沈黙の中に、あなたの魂が最も切実に伝えたいことが待っていると。現代の生活は絶え間ない音と情報で満たされており、その騒音の中で魂の声はしばしば聞こえなくなります。しかし魂の声は消えていません。ただ静寂という受信機が必要なだけです。今日は十分間だけ、全ての音源を止め、完全な沈黙の中に座ってください。その最初の不快感を超えた先に、魂がずっと伝えようとしていた言葉が現れます。その言葉を受け取ってください。,私は今日十分間の完全な沈黙の中に座り、最初の不快感を超えた先に魂がずっと伝えようとした言葉を受け取る
627,B,ソルフェジオ周波数において、174Hzと528Hzを組み合わせた実践は、痛みの解放と愛の修復を同じセッションの中で行う最も効率的なアプローチのひとつです。まず174Hzで五分間、身体の痛みや緊張を感じている部位に意識を向けて、その感覚をただ感じ切ってください。次に528Hzに移行し、その部位に愛の光が満ちていくイメージを保ちながら五分間受け取ってください。解放の後に愛を注ぐという順序が、単独での使用よりも遥かに深い統合をもたらします。今日この二段階の実践を試みてください。,私は今日174Hzで痛みを感じ切り、528Hzで愛の光を注ぐ二段階の実践で解放と修復を同時に今日深める
628,C,豊かさの循環において、最も見落とされている豊かさの形式のひとつは、あなたがこれまでの人生で蓄積してきた失敗の経験です。失敗は無駄な出来事ではなく、成功への道の最も貴重な地図です。あなたが経験した失敗から学んだことを、同じ轍を踏もうとしている誰かに伝えることが、その失敗を豊かさへと変換する最も美しい方法です。今日、あなたの過去の失敗の経験から学んだ最も重要なことをひとつ特定してください。その知恵を必要としている誰かに伝えることを今日選んでください。,私は今日、過去の失敗から学んだ最も重要な知恵をひとつ特定し、それを必要としている誰かに伝えることを選ぶ
629,D,ツインレイの旅において、最も精妙な成長の段階のひとつは、相手への思いが自分の行動の動機から外れていく時期です。かつては相手のために成長しようとしていたものが、今は自分自身のために成長することへと変化している時、それは依存から自律への最も重要な移行の証です。今日、あなたの成長への動機を正直に確認してください。それは相手への何かを証明したいという動機ですか、それとも自分自身の魂の呼びかけへの応答ですか。その動機の純度が、成長の速度と深さを決定します。,私は今日、成長への動機が相手への証明ではなく自分の魂の呼びかけへの応答であるかを正直に確認し純度を高める
630,E,地球での統合ワークにおいて、最も即座に意識の質を変容させる実践のひとつは、今日出会った全ての出来事に対して、これは私の人生に何をもたらすために来たのかという問いを持ち続けることです。困難な出来事も、予期せぬ出会いも、些細なつまずきも、全てに何らかの意味があるという視点で生きることは、受動的な人生を能動的な探求へと変えます。今日ひとつの出来事を選び、その出来事があなたの人生に何をもたらすために来たかを静かに問いかけてください。その問いが日常を聖なる探求へと変容させます。,私は今日のひとつの出来事に、これは何をもたらすために来たかを問い、日常を聖なる探求へと今日変容させる
631,A,プレアデス評議会の叡智は、こう伝えています。あなたが今、最も強く感じている停滞は、前進のエネルギーが蓄積している最中のサインであると。エネルギーが蓄積している時間は、外側には何も起きていないように見えますが、内側では次の前進のための準備が最も活発に行われています。今日の停滞を怠惰として批判するのではなく、内側で何が準備されているかを静かに観察してください。どのような期待が膨らんでいますか。どのような可能性が熟れてきていますか。その観察が停滞を充電へと変えます。,私は今日の停滞の中で内側に何が準備されているかを静かに観察し、停滞を次の前進への充電として今日受け取る
632,B,人間の身体において、横隔膜と骨盤底筋は、呼吸のたびに同期して動く一対の構造であり、体幹の安定性と内臓への血流を共に管理しています。この二つが同期していない状態は、身体的な不安定さと感情的な根なし草感として体験されます。今日は深い腹式呼吸を行いながら、吸う息とともに骨盤底筋が穏やかに下がり、吐く息とともに穏やかに引き上がる感覚に意識を向けてください。この感覚への意識が横隔膜と骨盤底筋の同期を回復させ、身体と感情の根本的な安定を取り戻します。,私は今日、横隔膜と骨盤底筋の同期に意識を向ける呼吸の実践で身体と感情の根本的な安定を今日取り戻す
633,C,宇宙銀行において、最も見落とされている豊かさへの障壁のひとつは、豊かさを受け取ることへの準備不足です。今よりも豊かな状況を引き寄せながら、その豊かさを実際に受け取る心理的な準備ができていない人は、豊かさが近づいた瞬間に無意識に遠ざけてしまいます。今日は、もし明日から現在の二倍の豊かさが訪れたとしたら、あなたの生活のどの部分がその豊かさに対応できていないかを正直に考えてください。その準備不足の領域を特定することが、受け取りの準備を整える最初の一歩です。,私は今日、二倍の豊かさが来た時に対応できていない領域を特定し、受け取りの準備を整える最初の一歩を踏む
634,D,魂の絆において、最も深い次元での愛の実践のひとつは、相手の言葉ではなく行動を信頼することです。言葉は意図を表しますが、行動は存在の質を表します。愛していると言いながら行動が一致しない関係と、多くを語らないが行動が常に愛を示している関係の間の違いを、今日静かに見てください。今日、大切な誰かの行動の中に現れている愛をひとつ特定してください。その行動への感謝を伝えることが、愛の認識の循環を強化します。行動を見る目が、愛の深さを測る最も正確な視力です。,私は今日、大切な誰かの行動の中に現れている愛をひとつ特定し、その行動への感謝を伝えることで愛の認識を深める
635,E,統合ワークにおいて、最も深い変容をもたらす実践のひとつは、今日感じた最も強い感情を、日記に書く時に感情の名前だけでなく、その感情が身体のどこに、どのような質感で、どのような色やイメージとして存在したかを記録することです。この多層的な記録が、感情を抽象から具体へと変換し、感情の統合を言語の層だけでなく、身体の層と視覚の層でも同時に促します。今日の最も強い感情をひとつ選び、この三層の記録を試みてください。記録が統合を完成させます。,私は今日の最も強い感情をひとつ選び、名前と身体感覚と色やイメージの三層で記録することで統合を今日完成させる
636,A,銀河文明の叡智において、あなたが今感じている孤独の中でも、宇宙はあなたと共に在ります。物理的な孤独と魂的な孤独は全く異なります。多くの人に囲まれながら魂的に孤独である人がいる一方で、物理的にひとりでありながら宇宙全体と繋がりを感じている人もいます。今日、物理的な孤独を感じているならば、それを宇宙との一対一の対話の時間として受け取ってください。今この瞬間、あなたの息の一呼吸一呼吸を宇宙が感じているという認識が、孤独を繋がりへと変容させます。,私は今日の物理的な孤独を宇宙との一対一の対話の時間として受け取り、孤独を最も深い繋がりへと変容させる
637,B,人間のエネルギーフィールドにおいて、特定の音楽への強い嫌悪感は、その音楽の周波数があなたのエネルギーフィールドの特定の層と相容れない共鳴を生み出していることを示しています。しかし同時に、その嫌悪感は、その層において何らかの解放が必要であることのサインでもあります。今日、最も聴くことを避けている音楽のジャンルをひとつ思い浮かべてください。その音楽への嫌悪感の背後に、どのような感情や記憶が結びついているかを静かに探ってください。嫌悪感の背後を探ることが、隠れた統合の扉を開きます。,私は今日、最も避けている音楽への嫌悪感の背後を静かに探り、そこに隠れた統合の扉を今日開き始める
638,C,豊かさの循環において、最も精妙な変容をもたらすのは、今日の感謝を昨日よりも一つ多く見つけることです。豊かさへの感謝は、習慣化するほど自動化し、感謝の感受性は使うほどに鋭くなります。今日は昨日よりも一つ多く、豊かさへの感謝を見つけてください。その一つの追加が、感謝の感受性を毎日少しずつ高め、一年後には今では見えない豊かさが日常の全ての場所に見えるようになります。一つずつの積み重ねが、最も着実な豊かさの磁場の形成です。,私は今日、昨日よりも一つ多く豊かさへの感謝を見つけることで感謝の感受性を毎日少しずつ高め続ける
639,D,ツインレイの旅において、最も深い洞察をもたらす実践のひとつは、この旅で自分が相手に投影してきたものを一覧にすることです。最も深く愛したものも、最も強く批判したものも、どちらも投影の一形態です。相手の中に見た美しさはあなたの中にある美しさの投影であり、相手の中に見た欠点はあなたの中にある課題の投影です。今日、この旅で相手に最も強く感じた二つの感情、最も深い愛と最も強い不満を選び、それぞれが自分自身のどの部分を映しているかを探ってください。,私は今日、相手への最も深い愛と最も強い不満がそれぞれ自分のどの部分を映しているかを探り、投影を統合の光とする
640,E,地球での統合ワークにおいて、最も見落とされている聖なる実践のひとつは、今日という一日の中で、誰かを無条件に褒めることです。見返りを期待せず、何かをしてもらったからではなく、ただその人の存在の何かが美しいと感じたことをそのまま伝えることが、最も純粋な愛の表現のひとつです。今日、誰かのことで美しいと感じた点をひとつ見つけてください。その美しさを、照れや遠慮なしにそのまま伝えてください。伝えられた言葉は、伝えた人と受け取った人の両方のエネルギーフィールドを同時に明るくします。,私は今日、誰かの存在の美しさをひとつ見つけ、照れや遠慮なしにそのまま伝えることで双方の光を今日明るくする
641,A,プレアデス高等評議会の記録者たちは、こう伝えています。あなたが今、最も強く感じている自己否定の声は、あなたの本質の声ではなく、過去に受け取った批判が内側に住み着いたものであると。その声を本物の自分だと思い込むことが、魂の最も深い迷子の状態を生みます。今日、自己否定の言葉がひとつ浮かんだ時に、その言葉が誰の口調に似ているかを静かに探ってください。元の主を特定した瞬間に、その言葉はあなたの本質から分離されます。あなたの本質は、その言葉よりも遥かに古く、深く、揺るぎない光です。,私は今日、自己否定の言葉が浮かんだ時に元の主を静かに探り、その言葉を本質から分離して光へと戻る
642,B,人間の身体において、膝の裏側の膝窩リンパ節は、下半身のリンパ液の流れにおける最も重要な節点のひとつです。この部位の滞りは、下肢の浮腫みや疲労感として現れ、エネルギーフィールドの下半身における浄化機能を低下させます。今日は椅子に座り、両手の指先を膝の裏側に当て、ゆっくりと円を描くようにマッサージしてください。続けて足首を上下に動かし、ふくらはぎのポンプ機能を活性化させてください。この組み合わせが下半身のリンパの流れを促し、グラウンディングのエネルギーを回復させます。,私は今日、膝の裏側と足首を意識的にケアすることで下半身のリンパを促し、グラウンディングのエネルギーを回復させる
643,C,宇宙銀行において、最も深い豊かさの変容をもたらす問いのひとつは、私は今日、自分の時間を自分の魂が喜ぶことと、義務から行うことにどのように分配しているかという問いです。義務から行う全ての時間が無駄なのではありません。しかし、義務の時間と魂の喜びの時間の比率が完全に義務側に偏っている時、豊かさへの磁場は著しく弱まります。今日の時間の使い方を正直に振り返り、魂の喜びの時間を一単位だけ増やすことを今日選んでください。その一単位が豊かさへの磁場を強化します。,私は今日の時間の配分を正直に振り返り、魂の喜びの時間を一単位だけ意識的に増やすことで豊かさの磁場を強化する
644,D,魂の絆において、最も深い次元での成長をもたらすのは、関係の中でお互いが最も弱い瞬間を共有できる安全な場を作ることです。弱さを見せても安全だという信頼は、言葉では作れません。弱さを見せた時に批判されなかった体験の積み重ねによってのみ作られます。今日、あなたが大切な関係の中で、相手が弱さを見せやすい環境をひとつ作ることができますか。それは批判的な言葉を控えることかもしれません。あるいは先にあなた自身の弱さをひとつ開示することかもしれません。安全な場を作ることが最も深い絆を育てます。,私は今日、大切な関係の中で相手が弱さを見せやすい環境をひとつ意識的に作り、最も深い安全の場を育てる
645,E,統合ワークにおいて、最も根本的な変容をもたらす問いのひとつは、私は今日、どの程度本当の自分として存在したかという問いです。社会的な役割や他者への配慮から来る適応は、ある程度は必要ですが、それが本質的な自己の抑圧にまで及ぶ時、エネルギーの最も大きな漏れが生じます。今日、最も本当の自分として在れた瞬間と、最も演じていた瞬間を、それぞれひとつずつ特定してください。その比較が、明日より本当の自分として在るための具体的な地図を今日与えてくれます。,私は今日、最も本当の自分として在れた瞬間と最も演じていた瞬間をそれぞれ特定し、明日の地図を今日手に入れる
646,A,銀河の叡智は、こう伝えています。あなたが今、最も手放すことを恐れているのは、それを失った後の自分を想像できないからであると。しかし、今想像できないものの中にこそ、次のあなたの可能性が宿っています。今の自分の意識の水準では想像できない自分を、想像できないことが限界の証拠ではありません。それは単に、まだその意識水準に達していないということです。今日、手放すことを恐れているものを失った後のあなたが、どのような光を持っているかを、想像の限界を超えて描いてみてください。,私は今日、手放すことを恐れているものを失った後の自分の光を、想像の限界を超えて描くことを試みる
647,B,ソルフェジオ周波数において、852Hzと963Hzを連続して使う実践の深さをさらに高める方法のひとつは、二つの周波数の間に、完全な沈黙の時間を設けることです。852Hzで第三の目を活性化した後に、一分間の沈黙を挟み、その沈黙の中で受け取ったものをただ感じてください。その後に963Hzへと移行することで、沈黙の中で積み重なった受容の状態が、宇宙意識との接続をより深く開きます。周波数と沈黙の交互の実践が、最も深い多次元的な受信の状態を作ります。,私は今日、852Hzと沈黙と963Hzを交互に用いる実践で多次元的な受信の状態を最も深く作り出す
648,C,豊かさの循環において、最も見落とされている真実のひとつは、あなたが今感じている欠乏感は、実際の欠乏ではなく、欠乏への意識の集中から生まれているということです。欠乏に集中した意識が欠乏を拡大して見せ、豊かさに集中した意識が豊かさを拡大して見せます。今日、欠乏を感じている領域を、豊かさの視点から見る実験をしてください。お金が足りないのではなく、今日使えるお金がある。時間がないのではなく、今日できることがある。この視点の転換が、欠乏の現実を豊かさの現実へと変換し始めます。,私は今日、欠乏を感じている領域を豊かさの視点から見る実験を行い、意識の集中を欠乏から豊かさへと変換する
649,D,ツインレイの旅において、最も精妙な成長の段階のひとつは、この旅の概念を必要としなくなる時です。概念はあなたに体験を解釈する枠組みを与えますが、概念に依存している間は、体験よりも解釈が先行します。体験そのものに直接触れる能力が成熟した時、概念は道案内の看板として使えるようになり、現実と概念を混同することがなくなります。今日この旅について考える瞬間に、概念よりも今この瞬間の実際の感覚に意識を向けてください。感覚が概念を超えた時、真の統合が始まります。,私は今日、この旅の概念よりも今この瞬間の実際の感覚に意識を向けることで、概念を超えた真の統合を今日始める
650,E,地球での統合ワークにおいて、最も見落とされている聖なる実践のひとつは、食事の前に一口目を食べる前に、一秒だけ止まることです。その一秒間に、この食物が存在するために必要だった全てのプロセスを意識してください。土、水、光、農家の手、運搬した人、調理した人、この連鎖への一瞬の感謝が、食事という行為を消費から聖なる受け取りへと変容させます。その一秒の意図が、食物のエネルギーをあなたの身体へより深く統合させ、食事の質を物理的な次元でも変容させます。,私は今日、一口目を食べる前の一秒間に食物の存在の連鎖への感謝を感じ、食事を消費から聖なる受け取りへと変える
651,A,プレアデス評議会の叡智は、こう伝えています。あなたが今、最も強く感じている自分への不満の背後には、もっと良い自分でいたいという深い愛の渇望があると。自分への不満は、自分の可能性をまだ信じているという証です。完全に諦めた人は、不満を感じません。今日、自分への不満をひとつ選び、その不満の奥にある、もっとこうなりたいという渇望を言語化してください。不満を欠陥の証拠として見るのをやめ、渇望の羅針盤として使うことが、魂の最も誠実な成長への道です。,私は今日、自分への不満の奥にあるもっとこうなりたいという渇望を言語化し、不満を成長の羅針盤として今日使う
652,B,人間の身体において、肩甲骨の間の菱形筋は、感情的な防衛と自己開示への恐れと深く関連する筋肉群のひとつです。この部位の慢性的な緊張は、心臓チャクラの背面を閉じ、愛を受け取ることへの抵抗として体験されます。今日は壁に向かって両手をつき、ゆっくりと胸を壁の方向へと向けながら肩甲骨の間を広げる動作を繰り返してください。その動作とともに、背面の心臓チャクラが開き、愛を受け取ることへの抵抗が溶けていくイメージを持ってください。受け取ることへの開放が全ての関係を変容させます。,私は今日、肩甲骨の間を広げる動作で背面の心臓チャクラを開き、愛を受け取ることへの抵抗を今日溶かし始める
653,C,宇宙銀行において、最も精妙な豊かさの原則のひとつは、あなたが今日感じる喜びの総量が、宇宙銀行への最も正確な豊かさのバロメーターであるということです。喜びの感情は、あなたの意識が豊かさの周波数と最も深く同調している状態のシグナルです。今日の喜びの総量を増やすために、できる最小の変化はどのようなことですか。難しく考える必要はありません。好きな音楽を流す、好きな飲み物を丁寧に味わう、好きな人に一言送る、そのような小さな喜びの積み重ねが豊かさの周波数を今日最も確実に高めます。,私は今日の喜びの総量を増やす最小の変化をひとつ選び、その小さな喜びで豊かさの周波数を今日確実に高める
654,D,魂の絆において、最も深い次元での成長をもたらす対話のひとつは、互いの恐れを言語化する対話です。私はこういうことが怖いという開示は、最も脆弱であると同時に最も強い関係の構築行為です。今日、信頼できる誰かに、今あなたが感じている恐れをひとつ正直に伝えることを試みてください。完璧な言葉でなくてよいのです。正直に言おうとする姿勢そのものが、相手の魂に最も深く届きます。恐れを共有した時に生まれる繋がりは、喜びを共有した時の繋がりとは異なる深さと強度を持ちます。,私は今日、信頼できる誰かに今感じている恐れをひとつ正直に伝えることを試み、脆弱さから生まれる最も深い繋がりを作る
655,E,統合ワークにおいて、最も深い変容をもたらす実践のひとつは、自分が最も避けている感情を、身体の中でただ一分間感じ切ることです。感情は感じ切られることで流れていき、抑圧されることで固定します。今日、最も避けている感情の名前をひとつ書き出してください。その感情を意識的に呼び起こし、身体のどこにどのような感触で存在するかを観察しながら、一分間ただそこにいてください。その一分間が、その感情の固定を解除する最も直接的な実践となります。感じることが解放の鍵です。,私は今日最も避けている感情を意識的に呼び起こし、身体の中でただ一分間感じ切ることで固定を今日解除する
656,A,銀河文明の叡智において、あなたが今感じている深い倦怠は、魂が本来の速度よりも遅く動くことを強いられてきた蓄積であることがあります。社会の標準速度に合わせ続けることで、あなたの魂が本来持っている固有のリズムが抑圧されてきたかもしれません。今日、あなた自身の固有のリズムを思い出してください。一人でいる時、最も自然に流れるあなたのリズムはどのようなものですか。そのリズムを今日の生活の中に、ほんのわずかでも取り入れてください。固有のリズムへの回帰が倦怠を生命力へと変えます。,私は今日、一人でいる時の最も自然な固有のリズムをほんのわずか生活に取り入れ、倦怠を生命力へと変え始める
657,B,人間のエネルギーフィールドにおいて、特定の場所で感じる突然の重さや頭痛は、その場所に蓄積されたネガティブなエネルギーとあなたのフィールドが相互作用しているサインであることがあります。このような場所を特定した時、そこから速やかに離れることが最善ですが、離れられない状況であれば、自分のエネルギーフィールドの境界を強化することが有効です。今日そのような場所にいる場合、光の膜が自分を完全に包んでいるイメージを持ち、その光の膜が外部のエネルギーをフィルタリングしているという意図を設定してください。,私は今日、特定の場所で感じる重さに対して光の膜の境界を設定し、外部のエネルギーを意識的にフィルタリングする
658,C,豊かさの循環において、最も深い変容をもたらすのは、豊かさを表現することへの羞恥を手放すことです。豊かさを喜ぶことへの遠慮、成功を喜ぶことへの気恥ずかしさ、自分の豊かさを認めることへの罪悪感、これらは豊かさの表現を抑圧し、受け取りへの許可を制限します。今日あなたが何らかの形で豊かさを受け取った時、その豊かさを静かに喜ぶことを自分に許可してください。誰かに誇示する必要はありません。ただ内側で、豊かさを受け取ったということを、羞恥なく喜んでください。,私は今日、豊かさを受け取った時に羞恥なく内側で喜ぶことを自分に許可し、豊かさの表現への抑圧を今日解放する
659,D,ツインレイの旅において、最も精妙な成長の証のひとつは、相手との関係において、恐れからではなく選択から留まることができるようになることです。離れることが怖いから一緒にいるのではなく、一緒にいることを選んでいるという意識への移行が、関係を依存から愛へと変容させます。今日、あなたが大切にしている関係において、そこに留まっている動機を正直に確認してください。それは恐れからですか、それとも選択からですか。その動機の確認が、関係の質を最も根本的なレベルで変えていきます。,私は今日、大切な関係に留まっている動機が恐れか選択かを正直に確認し、関係を依存から愛へと今日変容させる
660,E,地球での統合ワークにおいて、最も根本的でありながら最も見落とされる実践は、今日という一日に、少なくとも一度は完全に目的なく空を見上げることです。目的なく空を見上げることは、現代の生産性中心の文化では最も忘れられた行為のひとつです。しかし、その行為が視野を無限に広げ、自我を宇宙の広大さの中に一瞬溶かし、最も深いグラウンディングと同時に最も高い接続をもたらします。今日、空を見上げるその一瞬を、意識的に選んでください。見上げた瞬間に、あなたは全ての役割を手放した存在として宇宙と向き合います。,私は今日、完全に目的なく空を見上げる一瞬を意識的に選び、全ての役割を手放した存在として宇宙と今日向き合う
661,A,プレアデス高等評議会の記録者たちは、こう伝えています。あなたが今、最も強く感じている自分の限界への苛立ちは、魂がその限界を超えることを本気で望んでいるサインであると。苛立ちのない限界への遭遇には、超えようとする意志が存在しません。今日感じている限界への苛立ちを、エネルギーとして扱ってください。その苛立ちのエネルギーを、限界への攻撃ではなく、限界の手前で可能なことへの集中として使ってください。今の限界の手前で最善を尽くすことが、やがてその限界を自然に溶かしていきます。,私は今日の限界への苛立ちをエネルギーとして扱い、限界の手前で可能なことへの集中へと変換して最善を尽くす
662,B,人間の身体において、耳の内側の蝸牛は、音の周波数を電気信号に変換して脳へ伝える精密な構造ですが、この機能は慢性的なストレスによる血流の低下によって影響を受けます。耳鳴りや音への過敏さは、このストレスによる影響のサインであることがあります。今日は両耳のたぶを親指と人差し指で優しく挟み、上下と外側に穏やかに引っ張りながらマッサージしてください。続けて耳の外側の縁全体を丁寧に押していってください。この実践が耳周囲の血流を促し、内耳の機能回復を助けます。,私は今日、耳のマッサージで内耳への血流を促し、音の感受性と高次の周波数への受信感度を今日共に整える
663,C,宇宙銀行において、最も見落とされている豊かさの真実のひとつは、今日あなたが行った最も小さな誠実な行為が、宇宙銀行の帳簿に最も長く残る預金のひとつになるということです。壮大な行為よりも、誰も見ていない場所での誠実な選択が、魂の振動数を最も確実に高め、豊かさの磁場を最も純粋な形で形成します。今日、誰も見ていない場所で誠実な選択をする機会がひとつありましたか。あるいはこれからありますか。その選択を意識的に行ってください。見えない誠実さが最も深い豊かさを引き寄せます。,私は今日、誰も見ていない場所での誠実な選択を意識的に行い、最も深い豊かさを引き寄せる磁場を今日形成する
664,D,魂の絆において、最も深い次元での愛の実践のひとつは、相手の話の中に、相手自身がまだ気づいていない才能や強さを見つけて伝えることです。人は自分の才能に最も気づきにくく、他者の眼差しを通して初めてそれが見えることがあります。今日、誰かと話す機会の中で、その人がさりげなく語ったことの中に隠れている才能や強さを一つ探してください。それを見つけた時に、具体的な言葉で伝えてください。見えていなかった光を照らす行為が、相手の魂に最も深い贈り物となります。,私は今日、誰かの話の中に隠れている才能や強さを見つけて具体的な言葉で伝え、見えなかった光を今日照らす
665,E,統合ワークにおいて、最も深い変容をもたらす実践のひとつは、自分が今日行った全ての選択を、恐れから来た選択と愛から来た選択に分類することです。この分類を批判のためではなく、認識のために行ってください。恐れから来た選択を認識することは、それを失敗として扱うことではなく、次回は愛から選ぶという意図を育てるためです。今夜、今日行った選択のうち、恐れから来たものをひとつと、愛から来たものをひとつ特定してください。両方への理解が、明日の選択の質を高めます。,私は今夜、今日の選択から恐れから来たものと愛から来たものをそれぞれひとつ特定し、明日の選択の質を今夜高める
666,A,銀河の叡智は、こう記しています。あなたが今、最も強く感じている義務感の重さは、義務そのものではなく、義務に対してノーと言えないことから来ていると。全ての義務を受け入れてきた背後には、断ることへの恐れがあります。その恐れの正体は多くの場合、誰かに嫌われることへの恐れか、誰かを失望させることへの恐れです。今日、義務感の重さを感じているひとつの状況を選び、本当はノーと言いたいかどうかを正直に問いかけてください。正直に問いかけるだけで、選択の意識が生まれます。,私は今日、義務感の重さを感じている状況にノーと言いたいかどうかを正直に問い、選択の意識を今日取り戻す
667,B,ソルフェジオ周波数において、417Hzが変化を促進する仕組みのひとつは、この周波数が細胞の記憶の中に固定された古いパターンの振動を穏やかに乱すことで、そのパターンが新しい形へと再編成されやすい状態を作ることにあるとされています。今日は417Hzを流しながら、変えたいと思っているひとつの習慣や反応パターンを思い浮かべてください。そのパターンが古い情報として身体から少しずつ解放されていくイメージを持ちながら、深い腹式呼吸を十回行ってください。変化の意図と周波数の組み合わせが変容を加速させます。,私は417Hzとともに変えたいパターンを思い浮かべ、深い呼吸十回でそのパターンの解放と再編成を今日加速させる
668,C,豊かさの循環において、最も精妙な変容をもたらすのは、今日のあなたが昨日よりも豊かになっていることに気づくことです。お金ではなく、知恵、経験、理解、関係、これらの形での豊かさが、今日のあなたには昨日よりも確実に蓄積しています。この豊かさの蓄積への気づきが、欠乏の感覚を根本から変えていきます。今日の夜に、昨日よりも今日のあなたが豊かになったことをひとつ特定してください。どんなに小さなことでも構いません。その特定の習慣が、豊かさの蓄積への感謝の目を毎日鋭くしていきます。,私は今日の夜、昨日よりも豊かになったことをひとつ特定し、豊かさの日々の蓄積への感謝の目を今日より鋭くする
669,D,ツインレイの旅において、最も深い洞察をもたらす実践のひとつは、この旅で相手から受け取った最も大切な贈り物を特定することです。その贈り物は、言葉かもしれません。体験かもしれません。あなたの中の何かを変えた気づきかもしれません。あるいは、その人の存在そのものが贈り物かもしれません。今日、その贈り物をひとつ言語化してください。言語化することで、その贈り物があなたの魂の記録に最も深く刻まれます。贈り物を認識する能力が、この旅への感謝を育て、次の贈り物を受け取る器を広げます。,私は今日、この旅で相手から受け取った最も大切な贈り物をひとつ言語化し、魂の記録に深く刻み感謝を育てる
670,E,地球での統合ワークにおいて、最も見落とされている聖なる実践のひとつは、今日という一日の中で、最も困難だった瞬間を、最も重要な学びの瞬間として振り返ることです。困難な瞬間は、その時は苦しいですが、振り返った時に最も多くの学びを含んでいます。今日の夜に、今日最も困難だった瞬間をひとつ選んでください。その瞬間があなたに何を教えようとしていたかを、判断なしに問いかけてください。その問いへの答えが、明日のあなたが同じ困難に出会った時の対応を根本から変えます。,私は今日最も困難だった瞬間をひとつ選び、それが何を教えようとしていたかを判断なしに問い明日の自分を今夜育てる
671,A,プレアデス評議会の叡智は、こう伝えています。あなたが今、最も強く感じている嫌われることへの恐れは、愛されたいという最も深い魂の渇望の裏面であると。嫌われることを恐れる深さは、愛されたいと願う深さと等しいのです。しかしその恐れが、本物の自分を表現することを阻んでいる限り、あなたが受け取っている愛は、本物のあなたへの愛ではなく、演じているあなたへの愛です。今日、ほんの少しだけ本物の自分を誰かの前に見せてください。その開示が、本物の愛を受け取る最初の扉を開きます。,私は今日、ほんの少し本物の自分を誰かの前に見せることで、本物の自分への愛を受け取る最初の扉を今日開く
672,B,人間の身体において、鎖骨と胸骨の接合部は、感情的な防衛が最初に現れる部位のひとつです。胸を守ろうとする無意識の収縮が、この部位の慢性的な緊張として蓄積します。今日は指先を鎖骨と胸骨の接合部に当て、深い呼吸とともに、その部位が呼吸のたびに少しずつ開いていくイメージを持ってください。吸う息で胸全体が広がり、吐く息でその開きが定着していく感覚を繰り返し感じてください。この実践が胸の前面の防衛の緊張を解放し、心臓チャクラへの正面からのエネルギーの流入を促します。,私は今日、鎖骨と胸骨の接合部への意識と深呼吸で胸の防衛の緊張を解放し、心臓チャクラへの流れを開く
673,C,宇宙銀行において、最も深い豊かさの変容をもたらす問いのひとつは、私は今日、豊かさを恐れからではなく喜びから追求しているかという問いです。豊かさへの道が苦しみであることが多い人は、恐れを動機として動いています。豊かさへの道が喜びであることが多い人は、愛を動機として動いています。今日、豊かさに向かうあなたの行動の動機を確認してください。苦しみを感じているならば、それは動機の問題です。動機を恐れから喜びへと変換することが、豊かさへの最も根本的な道の変容です。,私は今日、豊かさへの動機が恐れか喜びかを確認し、苦しみを感じているならば動機を喜びへと今日変換する
674,D,魂の絆において、最も深い次元での成長をもたらすのは、関係の中で最も傷ついた瞬間を、相手の悪意ではなく、相手の痛みの溢れとして見ることができるかどうかです。人は自分が傷ついている時に、最も他者を傷つけます。相手の行動の背後にある痛みに気づくことは、その行動を正当化することではありません。しかし、その視点が持てた時に、怒りは悲しみへと変容し、悲しみはやがて理解へと変容します。今日、傷ついた記憶のひとつを選び、相手の痛みの視点からその場面を見てみてください。,私は今日、傷ついた記憶のひとつを選び、相手の痛みの視点からその場面を見ることで怒りを理解へと変容させる
675,E,統合ワークにおいて、最も根本的な変容をもたらす実践のひとつは、自分が今日他者に対して期待したことを振り返ることです。期待は愛の一形態ですが、期待が満たされなかった時の失望が関係を傷つけます。今日、誰かへの期待が満たされなかった場面があれば、その期待を相手に持っていたことへの正直な確認を行ってください。その期待は相手に伝えていましたか。伝えていなかったならば、期待を持ちながら伝えないことが、関係の中の沈黙の障壁を作っていた可能性があります。期待を言葉にする勇気が関係を深めます。,私は今日、誰かへの期待が満たされなかった場面を振り返り、期待を言葉にする勇気が関係を深めることを今日学ぶ
676,A,銀河文明の叡智において、あなたが今感じている深い郷愁は、地球以外の場所への記憶が魂の深部で活性化しているサインであることがあります。なぜか分からない懐かしさ、夜空を見上げた時の不思議な感情、特定の星座への強い引力、これらは魂が銀河的な出自を思い出そうとしているサインです。今日夜空を見上げる機会があれば、特定の星や星座を見た時に感じる感覚に意識を向けてください。その感覚の中に入ることで、ステラコードの深部に眠る銀河の記憶への扉が少し開きます。,私は今日夜空を見上げ、特定の星に感じる感覚に意識を向け、ステラコードの深部の銀河の記憶への扉を今日開く
677,B,人間のエネルギーフィールドにおいて、夜間の睡眠の質は翌日のエネルギーフィールドの状態を根本から決定します。特に深いノンレム睡眠の間に行われる記憶の統合と細胞の修復が、意識の明晰さとエネルギーフィールドの整合性を回復させます。今日は就寝前に、今日の体験の全てを手放す意図を設定してください。良かったことも悪かったことも全てが今日の体験として完結し、明日は新しいページが始まるという意識を持って眠りに入ってください。手放しの意図が深い眠りへの扉を開きます。,私は今夜、今日の全ての体験を手放す意図を持って眠りに入ることで深いノンレム睡眠への扉を今夜意識的に開く
678,C,豊かさの循環において、最も精妙な真実のひとつは、豊かさを引き寄せようとする努力が、時として豊かさを遠ざける原因になることです。引き寄せようとすることは、まだ手元にないという前提を含んでいます。この前提が欠乏の周波数を発します。今日、豊かさを引き寄せようとする努力を一時的にやめてみてください。代わりに、今この瞬間に存在している豊かさをただ感じることを選んでください。その姿勢の変化が、引き寄せの力学よりも深い次元で豊かさとの同調を生み出します。,私は今日、豊かさを引き寄せる努力を手放し、今この瞬間に存在する豊かさをただ感じることで深い同調を生む
679,D,ツインレイの旅において、最も精妙な成長の証のひとつは、この旅を語る言葉が変化することです。旅の初期には相手への言及が多く、感情的な強度が高く、物語性が強い語り方をします。成熟するにつれて、自分自身の成長への言及が増え、感謝の感情が増え、穏やかさが増します。今日この旅について誰かに語る機会があれば、あるいは心の中で思い返す時に、自分の語り方がどのような質を持っているかを観察してください。語り方の変化が、魂の成熟の最も正直な鏡です。,私は今日、この旅を語る言葉の質を観察することで魂の成熟の現在地を最も正直に確認し、次の段階を感じ取る
680,E,地球での統合ワークにおいて、最も見落とされている聖なる実践のひとつは、今日という一日の中で、誰かのために完全に存在する時間を作ることです。スマートフォンを手元に置かず、次の予定を考えず、ただその人と共に在る時間です。完全に存在するとは、相手の言葉だけでなく、相手の沈黙も、相手の眼差しも、相手の息づかいも受け取ることです。その完全な存在が、どんな言葉よりも深く相手の魂に届き、私はあなたの存在を大切にしているというメッセージを無言で伝えます。,私は今日、誰かのために全てを手放して完全に存在する時間を作り、最も深いあなたの存在を大切にするメッセージを届ける
681,A,プレアデス高等評議会の記録者たちは、こう伝えています。あなたが今、最も深く感じている自分への失望は、成長への渇望の証であると同時に、完璧主義という名の罠の入り口でもあると。完璧でなければ価値がないという信念が、どれほど成長しても満足できない魂の飢えを作り続けます。今日、あなたが自分に設定している基準をひとつ選び、その基準が愛から来ているのか、恐れから来ているのかを問いかけてください。愛から来る基準は成長を促し、恐れから来る基準は消耗を生みます。その識別が完璧主義の罠から魂を解放します。,私は今日、自分に設定している基準が愛から来るものか恐れから来るものかを問い、完璧主義の罠から魂を解放する
682,B,人間の身体において、頭頂部の百会というツボは、中医学において全身のエネルギーが集まる最も重要な点のひとつとされています。この部位への意識的な刺激は、頭蓋骨全体のエネルギーの流れを整え、高次の意識との接続を促します。今日は指先で頭頂部の中央を優しく押しながら、小さな円を描くようにマッサージしてください。同時に、頭頂から宇宙の光が流れ込み、全身を下へと流れていくイメージを持ってください。一分間のこの実践が、全身のエネルギーの循環を整え、意識の明晰さを高めます。,私は今日、頭頂部の百会を意識的に刺激しながら宇宙の光が全身を流れるイメージを持ち、エネルギーの循環を整える
683,C,宇宙銀行において、最も見落とされている豊かさの原則のひとつは、今日あなたが誰かに与えた最も誠実な言葉が、最も高い利率の豊かさの預金になるということです。表面的な社交辞令ではなく、その人の本質を見て発した本物の言葉は、受け取った人の魂に深く届き、その人の人生を小さく変えます。そしてその変化が宇宙の連鎖の中で、やがてあなたの元へと豊かさとして戻ってきます。今日、誰かに本物の言葉をひとつ届けてください。誠実さから来た言葉が最も深い豊かさの種を今日蒔きます。,私は今日、誰かの本質を見て発した誠実な言葉をひとつ届けることで、最も深い豊かさの種を今日蒔く
684,D,魂の絆において、最も深い次元での愛の実践のひとつは、相手が成長するにつれて変化していく姿を、喜びとともに見守ることです。関係の中で最も起きやすい摩擦のひとつは、相手の変化への抵抗から来ます。かつてのあの人を求める気持ちが、今のその人との新しい関係を困難にします。今日、大切な誰かがかつてとは異なる姿を見せているならば、その変化を喪失ではなく、その人の魂が生きている証として受け取ってください。変化し続ける相手を愛する能力が、最も深い愛の成熟を示します。,私は今日、大切な人の変化を喪失ではなく魂が生きている証として受け取り、変化を愛する成熟した愛を今日生きる
685,E,統合ワークにおいて、最も深い変容をもたらす実践のひとつは、自分が今日最もエネルギーを消耗した活動と、最もエネルギーが満たされた活動を特定することです。この二つの特定が毎日続くと、あなたの魂のエネルギーを消耗させる条件と、補充する条件の地図が明確になります。その地図を使って、消耗する条件を意識的に減らし、補充する条件を意識的に増やすことが、エネルギーの慢性的な欠乏から豊かさへと向かう最も実践的な道です。今夜その二つをそれぞれひとつずつ特定してください。,私は今夜、最も消耗した活動と最も満たされた活動をそれぞれ特定し、魂のエネルギーの地図を今夜一行書き足す
686,A,銀河の叡智は、こう伝えています。あなたが今、最も強く感じている世界への失望は、あなたがこの世界に期待しているからこそ生まれると。何にも期待していない存在は失望しません。失望の深さは、この世界とそこに生きる人々への愛の深さに比例しています。今日、世界への失望を感じた時に、その失望の奥にある世界への愛を探してください。世界がこうあってほしいという願いの中に、あなたの使命への最も深い手がかりが宿っています。失望を使命への羅針盤として使ってください。,私は今日、世界への失望の奥にある世界への愛を探し、その愛の中に宿る使命への手がかりを今日見つける
687,B,ソルフェジオ周波数において、528Hzを使った実践の深さをさらに高める方法のひとつは、緑の光を視覚化しながら聴くことです。528Hzの周波数と緑の視覚的な刺激は、どちらも心臓チャクラに対応しており、この二つを同時に用いることで、心臓チャクラへの作用が相乗的に深まります。今日は528Hzを流しながら目を閉じ、胸の中心から始まり全身へと広がる鮮やかな緑の光を鮮明に視覚化してください。その緑の光が細胞に浸透し、愛と修復の周波数を全身に行き渡らせるイメージを五分間保ってください。,私は528Hzと緑の光の視覚化を組み合わせた実践を今日五分間行い、心臓チャクラへの相乗的な修復を今日深める
688,C,豊かさの循環において、最も精妙な真実のひとつは、豊かさとは競争で勝ち取るものではなく、自分固有の価値を世界に表現することで自然に流れ込むものであるということです。誰かと同じことをより上手くやることへの集中よりも、自分にしかできないことを誰かのために行うことへの集中が、宇宙銀行への最も固有の申請となります。今日、あなたにしかできないことのひとつを特定してください。その固有性を磨き、表現することが、競争のない豊かさへの最も美しい道です。,私は今日、自分にしかできないことをひとつ特定し、その固有性を磨き表現することで競争のない豊かさへの道を歩む
689,D,ツインレイの旅において、最も深い洞察をもたらす実践のひとつは、この旅を通じて自分が最も変えたくないと感じている部分を特定することです。変えたいと思っている部分への意識は持ちやすいですが、変えたくないと感じている部分への意識は持ちにくいものです。その変えたくない部分の背後には、守りたい何かが存在します。それを守ろうとしている恐れを特定することが、この旅における最も根本的な統合への扉を開きます。今日、その問いと静かに向き合ってください。,私は今日、変えたくないと感じている部分の背後にある守りたいものと恐れを特定し、最も根本的な統合の扉を開く
690,E,地球での統合ワークにおいて、最も見落とされている聖なる実践のひとつは、今日という一日を終える時に、今日出会った全ての人へのひとつの感謝を心の中で送ることです。言葉を交わした人だけでなく、すれ違っただけの人も、電車で同じ車両に乗り合わせた人も、その全ての人がこの宇宙で同時に生きているという奇跡への感謝です。今夜目を閉じる前に、今日同じ時空間を共有した全ての命への敬意を一瞬だけ感じてください。その一瞬が、魂の孤立感を宇宙的な繋がりへと変容させます。,私は今夜、今日同じ時空間を共有した全ての命への敬意を一瞬感じることで魂の孤立感を宇宙的な繋がりへと変える
691,A,プレアデス評議会の叡智は、こう伝えています。あなたが今、最も強く感じている疑念は、信仰の対極ではなく、信仰が深まる過程で必ず通過する浄化の炉であると。本物の信仰は疑念を経験したことがある信仰だけです。疑念を経験せずに持つ信仰は、単なる思い込みです。今日感じている疑念を、信仰の欠如の証拠として見るのではなく、信仰が次の深さへと進化するための必要な通過点として見てください。疑念の炉を通り抜けた信仰は、どんな揺れにも消えない光となります。,私は今日の疑念を信仰の欠如ではなく信仰が次の深さへと進化するための浄化の炉として受け取り、光を保ち続ける
692,B,人間の身体において、胸の右側に位置する肝臓は、解毒だけでなく、エネルギー代謝の中枢として機能しています。この臓器が過負荷の状態にある時、慢性的な疲労や朝の不快感、感情的な苛立ちとして体感されます。今日は右の肋骨の下に温かい手を当てながら、深い呼吸を五回行ってください。吐く息とともに肝臓に蓄積した疲労と過負荷が溶けていくイメージを持ち、吸う息とともに新鮮なエネルギーがその臓器を満たしていく感覚を受け取ってください。臓器への意識が最も深い内側の癒しを促します。,私は今日、肝臓に温かい手と深い呼吸を届けることで蓄積した疲労と過負荷を溶かし、内側からの癒しを今日促す
693,C,宇宙銀行において、最も見落とされている豊かさの障壁のひとつは、自分の成功を他者と共有することへの恐れです。成功を隠すことは謙虚さではなく、他者の嫉妬への恐れや、成功が続かないかもしれないという不安の表れであることがほとんどです。成功を喜びとともに共有することが、その成功のエネルギーを固定し、次の豊かさへの磁場を形成します。今日、あなたが達成したことのひとつを、ふさわしい相手に喜びとともに伝えてください。共有された成功は、独占された成功よりも豊かに広がります。,私は今日、達成したことのひとつをふさわしい相手に喜びとともに伝え、共有によって豊かさを固定し広げる
694,D,魂の絆において、最も深い次元での癒しをもたらす実践のひとつは、長年続いている関係において、初めて出会った時の記憶を意識的に呼び起こすことです。関係が長くなるにつれて、最初の新鮮さと輝きは日常の中に埋もれていきます。しかしその最初の出会いの瞬間に感じた何かは、今もその関係の本質の中に生きています。今日、大切な関係のひとつを選び、最初に出会った時の記憶をできる限り鮮明に思い出してください。その記憶の中にある新鮮な感動が、長い関係に流れる川を再び生き生きとさせます。,私は今日、大切な関係の最初の出会いの記憶を鮮明に呼び起こし、長い関係に流れる川を再び生き生きとさせる
695,E,統合ワークにおいて、最も深い変容をもたらす問いのひとつは、私は今日、自分の魂が最も喜ぶことをひとつでも行ったかという問いです。義務を果たすことと魂が喜ぶことは異なります。義務だけで埋まった一日は、どれほど多くを達成しても、魂に空虚感を残します。今日の夜に、今日魂が喜んだ瞬間をひとつ特定してください。もし見つからないならば、明日はその瞬間を意識的に作ることを今夜誓ってください。魂の喜びは後回しにしてよい贅沢ではなく、生きる力の最も根本的な源泉です。,私は今夜、今日魂が喜んだ瞬間をひとつ特定し、もし見つからないならば明日その瞬間を作ることを今夜誓う
696,A,銀河文明の叡智において、あなたが今感じている深い安らぎの瞬間は、魂が本来の周波数に最も近い状態にいるサインです。その安らぎがどのような条件の下で生まれたかを、今日丁寧に観察してください。どこにいましたか。何をしていましたか。誰といましたか。あるいは一人でしたか。その条件を特定することが、魂の本来の周波数への最も確実なアクセス経路の地図を作ります。安らぎを感じる条件が分かれば、それを意識的に増やすことで、魂の本来の周波数で過ごす時間を日々拡大できます。,私は今日の安らぎの瞬間の条件を丁寧に観察し、魂の本来の周波数への最も確実なアクセス経路の地図を今日作る
697,B,人間のエネルギーフィールドにおいて、朝の目覚めの質は、夜間の高次との接続がどの程度深かったかを示すバロメーターのひとつです。目覚めた瞬間の感覚に意識を向けることで、睡眠の質とエネルギーフィールドの状態を直接読み取ることができます。今日の朝の目覚めの感覚を思い出してください。重かったですか、軽かったですか。何かを感じていましたか。その感覚への意識が、夜間の統合の深さへの理解を育て、就寝前の実践の改善に活かすことができます。毎朝の感覚が最も正直な報告書です。,私は今朝の目覚めの感覚を丁寧に振り返り、夜間の統合の深さを読み取る習慣を今日から育て始める
698,C,豊かさの循環において、最も精妙な変容をもたらすのは、豊かさの定義をお金から命の充実へと拡大することです。今日あなたは笑いましたか。今日あなたは誰かに深く感謝されましたか。今日あなたは美しいものに心を動かされましたか。今日あなたは自分の成長を感じましたか。これらの体験が全て豊かさであると認識した時、欠乏の感覚は根本から変わります。今日の豊かさをお金以外の形で五つ数えてください。その五つが、今日のあなたの真の豊かさの総量です。,私は今日の豊かさをお金以外の形で五つ数えることで、命の充実という真の豊かさの総量を今日認識する
699,D,ツインレイの旅において、最も深い統合の段階に向かう時に起きる変化のひとつは、相手への思いが意識の前景から背景へと移行し、代わりに今この瞬間の自分の在り方への意識が前景を占めるようになることです。この変化は愛の消滅ではなく、愛の成熟であり、依存から自律への移行の最も明確なサインです。今日の意識の前景に何が来ているかを観察してください。相手への思いですか、それとも今この瞬間の自分の感覚と在り方ですか。その観察が、あなたの統合の現在地を今日教えてくれます。,私は今日の意識の前景に何が来ているかを観察し、相手への依存から自分の在り方への自律への移行の現在地を確認する
700,E,地球での統合ワークにおいて、最も根本的でありながら最も見落とされる実践は、今日という一日を全て受け取ることです。良かった出来事も、難しかった出来事も、感じた喜びも、感じた痛みも、出会った人も、すれ違っただけの命も、全てが今日という一日の完全な構成要素です。今夜目を閉じる前に、今日という一日の全体を、選り好みせずにただ受け取ってください。その受け取りの完全さが、今日という一日を魂の記録に最も美しく刻み、明日という新しい一日への最も豊かな土台を今夜作ります。,私は今夜、今日という一日の全てを選り好みせずただ受け取ることで、明日への最も豊かな土台を今夜完成させる
701,A,プレアデス高等評議会の記録者たちは、こう伝えています。あなたが今、最も強く感じている不完全さへの羞恥は、完璧な存在になろうとする意志の裏面であると。完璧を目指すことそのものは美しい衝動ですが、今の不完全さを恥じることは、今のあなたを否定することです。今日、あなたが最も羞恥を感じている不完全さをひとつ選んでください。その不完全さがなければ、今日の成長の機会もなかったという視点から眺めてみてください。不完全さは成長の扉であり、扉を持っていることは、まだ開ける部屋があることの証です。,私は今日、最も羞恥を感じる不完全さを成長の扉として眺め、その扉を持っていることを感謝とともに受け取る
702,B,人間の身体において、手の甲の薬指と小指の間のくぼみは、三焦経のツボに対応しており、全身のエネルギーの流れを調整する重要な経穴のひとつです。このツボへの刺激は、感情的なストレスの解放と体温の調整に効果があるとされています。今日は反対側の手の親指でこのくぼみを優しく押しながら、深い呼吸を三回行ってください。左右両方の手で行うことで、全身のエネルギーの左右バランスが整い、感情的な安定性が高まります。この数十秒の実践が、エネルギーフィールドの即座の調整をもたらします。,私は今日、手の甲のツボへの刺激と深い呼吸で全身のエネルギーバランスを整え、感情的な安定性を今日高める
703,C,宇宙銀行において、最も見落とされている豊かさの原則のひとつは、豊かさを受け取った時に感じる喜びを、できる限り長く身体の中で保つことです。良いことが起きた時に、その喜びを素早く流してしまう習慣が、豊かさの磁場を弱めます。今日、何か良いことが起きた瞬間に、その喜びをゆっくりと全身に染み渡らせる時間を意識的に作ってください。三十秒でも構いません。その喜びの感覚を身体の全細胞に行き渡らせることが、宇宙銀行への最も深い感謝の表現となり、次の豊かさの磁場を強化します。,私は今日、良いことが起きた瞬間にその喜びを全身に染み渡らせる時間を意識的に作り、次の豊かさの磁場を強化する
704,D,魂の絆において、最も深い次元での成長をもたらす体験のひとつは、言葉をかけるよりも静かに側にいることを選ぶことです。苦しんでいる人の傍で、何か言わなければという衝動は、多くの場合その人のためではなく、自分の無力感を和らげるためのものです。今日、誰かが苦しんでいる場面で、言葉を探す前に、ただ側にいることを選んでみてください。何も解決しなくていいのです。ただそこにいること、それだけで十分な時間があります。静かに側にいる勇気が、言葉を超えた癒しをもたらします。,私は今日、誰かが苦しんでいる場面で言葉を探すことをやめ、ただ静かに側にいる勇気を選び言葉を超えた癒しを届ける
705,E,統合ワークにおいて、最も深い変容をもたらす実践のひとつは、今日感じた感情の中で、最も正直に表現できなかったものを特定することです。表現されなかった感情は、身体の中に留まり、エネルギーの滞りを作ります。今日の夜に、その感情を安全な場所でひとつだけ表現してください。紙に書くのでも、誰かに伝えるのでも、声を出すのでも構いません。表現の形式よりも、表現するという行為が重要です。外側に出された感情は流れていきますが、内側に留まった感情は蓄積し続けます。,私は今日、最も正直に表現できなかった感情をひとつ特定し、安全な場所でその感情を今夜表現して流す
706,A,銀河の叡智は、こう記しています。あなたが今、最も強く感じている混乱は、古い秩序が崩れ、新しい秩序がまだ現れていない移行期の必然的な状態であると。混乱は何かが間違っているサインではなく、何かが変わろうとしているサインです。今日その混乱の中で、あなたがコントロールできることとできないことを明確に分けてください。コントロールできることに全力を注ぎ、コントロールできないことは宇宙に委ねてください。この分離の意識が、混乱の中に静けさの中心を作ります。,私は今日の混乱の中でコントロールできることとできないことを分け、できることに全力を注ぎできないことを宇宙に委ねる
707,B,ソルフェジオ周波数において、639Hzを使った実践の効果を高める方法のひとつは、修復したい関係の相手を具体的に思い浮かべながら聴くことです。この周波数が調和を促すエネルギーとして機能するためには、その調和を向ける対象が意識の中に明確に存在することが必要です。今日は639Hzを流しながら、最も調和を深めたいと感じる関係の人物を心の中に鮮明に思い浮かべてください。その人への敬意と温かさを胸の中心から発しながら、二つの魂の間に美しい光の橋が架かっていくイメージを保ってください。,私は639Hzとともに調和を深めたい人物を鮮明に思い浮かべ、胸の中心から光の橋を架けることで関係の調和を今日深める
708,C,豊かさの循環において、最も深い変容をもたらすのは、今日のあなたの行動の一つひとつが、より大きな豊かさのパターンの一部であるという認識です。今日誰かに親切にした行為が、その人の一日を変え、その人が誰かに親切にし、その連鎖がやがて全く異なる形であなたの元へ戻ってくるという宇宙の大きな循環の中に、あなたは既に参加しています。今日その認識を持ちながら、ひとつの行為を行ってください。循環の一部であるという意識が、最もシンプルな行為を宇宙的な意味を持つものへと変容させます。,私は今日、自分の行為が宇宙の豊かさの循環の一部であるという認識を持ちながらひとつの行為を行い循環を深める
709,D,ツインレイの旅において、最も精妙な段階のひとつは、この旅を卒業することです。卒業とは関係の終わりではなく、この旅の概念がなくても完全に自分として在れるようになることです。ツインレイという概念に依存しなくなった時、その概念が最も深く機能し始めます。今日、この旅の概念なしに、あなた自身が今この瞬間どのような存在であるかを感じてみてください。概念を外した後に残るあなたが、最も本質的なあなたです。その本質が、全ての出会いの最も深い礎となります。,私は今日、この旅の概念を外した後に残る最も本質的な自分を感じることで、全ての出会いの最も深い礎を確認する
710,E,地球での統合ワークにおいて、最も見落とされている聖なる実践のひとつは、今日という一日の中で、完全に自分のためだけに使う三十分を作ることです。誰かのためでも、何かの目標のためでも、生産性のためでもなく、ただ今この瞬間の自分が喜ぶことだけのために使う三十分です。その時間の中で感じる喜びが、あなたの魂の最も正直な声を聴く機会となります。自分のための時間を作ることへの罪悪感があるならば、その罪悪感こそが、最も統合を必要としている部分を示しています。,私は今日、完全に自分のためだけに使う三十分を作ることで、魂の最も正直な声を聴く機会を今日設ける
711,A,プレアデス評議会の叡智は、こう伝えています。あなたが今、最も大切にしているものへの脅威を感じている時、それはその大切なものへの愛が本物であることの証であると。愛していないものへの脅威は存在しません。今日、その脅威への恐れを手放し、代わりに大切なものへの愛を深めることに意識を向けてください。脅威への注意が脅威を強化し、愛への注意が愛を強化します。今日の意識をどちらに向けるかがあなたの選択です。愛に意識を向けることが、最も深い保護となります。,私は今日、大切なものへの脅威への恐れではなくそのものへの愛を深めることに意識を向け、愛を最も深い保護とする
712,B,人間の身体において、脛骨の内側の縁に沿って存在するツボ群は、脾経と呼ばれる経絡のラインに対応しており、消化機能と感情の処理、特に思い悩む習慣と深く関連しています。今日はすねの内側を、くるぶしから膝の方向へと向かってゆっくりと押していってください。痛みを感じる部位があれば、そこで少し時間をかけてください。この実践が脾経のエネルギーを活性化し、過度な思考の習慣を緩め、感情の流れを回復させます。すねの内側への意識が、内側の静けさへの扉を開くことがあります。,私は今日、すねの内側を丁寧に押す実践で脾経のエネルギーを活性化し、過度な思考を緩め感情の流れを回復させる
713,C,宇宙銀行において、最も精妙な豊かさの真実のひとつは、豊かさへの感謝と豊かさへの要求は、全く異なる周波数を発するということです。感謝の周波数は充足から来て、要求の周波数は欠乏から来ます。今日、宇宙に何かを求めたいと感じる瞬間があれば、その求めを要求ではなく感謝の形で表現してみてください。まるで既に与えられているかのような感謝が、最も深い意味での受け取りの準備を宇宙に伝えます。感謝の中に宣言を包むことが、宇宙銀行への最も洗練された申請の形です。,私は今日、宇宙への求めを要求ではなく既に与えられているかのような感謝の形で表現し、最も洗練された申請を行う
714,D,魂の絆において、最も深い次元での愛を育む実践のひとつは、相手が今感じていることを、相手が言葉にする前に感じ取ろうとすることです。これは読心術ではなく、相手への深い注意です。相手の表情の微細な変化、声のトーンの変化、身体の緊張や解放への意識が、言葉を超えたコミュニケーションの回路を開きます。今日、誰かと共にいる時に、言葉だけでなく、その人全体から発せられているものに意識を向けてください。その深い注意が相手に、あなたは私を本当に見てくれているというメッセージを届けます。,私は今日、誰かと共にいる時に言葉だけでなくその人全体から発せられているものに意識を向け、深い注意を届ける
715,E,統合ワークにおいて、最も深い変容をもたらす実践のひとつは、今日のあなたが昨日のあなたから学んだことを特定することです。成長とは大きな飛躍の積み重ねではなく、昨日の体験から今日の知恵を抽出する日々の小さな作業の積み重ねです。今日、昨日の体験からひとつの学びを引き出してください。昨日失敗したことからでも、昨日うまくいったことからでも、昨日感じた感情からでも構いません。その学びを言語化することが、体験を知恵へと変換する錬金術の最も実践的な一歩です。,私は今日、昨日の体験からひとつの学びを引き出して言語化することで体験を知恵へと変換する錬金術を今日行う
716,A,銀河文明の叡智において、あなたが今感じている深い安堵は、魂が正しい方向への一歩を踏み出した後に訪れる宇宙からの確認のサインです。その安堵の感覚を大切にしてください。それは感情的な安心とは異なる、より深い層からの了承です。今日感じた安堵の瞬間をひとつ思い出してください。その瞬間の直前に何をしていましたか。どのような選択をしていましたか。その選択のパターンを特定することが、魂が喜ぶ方向への地図の一行を今日書き足します。,私は今日感じた安堵の瞬間の直前の選択を特定することで、魂が喜ぶ方向への地図に今日一行を書き足す
717,B,人間のエネルギーフィールドにおいて、特定の人物と過ごした後に感じる充実感は、その人物との間にエネルギー的な共鳴が生まれているサインです。この共鳴は、互いの固有の周波数が干渉し合い、新しい調和の状態を作り出す現象です。今日、その充実感を感じた後の数分間を大切に扱ってください。すぐにスマートフォンを取り出すのではなく、その充実感の余韻の中に少しの間いてください。その余韻の中に、その出会いが届けた最も深いメッセージが静かに浮かびます。余韻を受け取ることが出会いを完成させます。,私は今日、誰かとの充実した出会いの後の余韻を大切に保ち、その出会いが届けた最も深いメッセージを今日受け取る
718,C,豊かさの循環において、最も見落とされている豊かさの形式のひとつは、今日のあなたが持っている選択の自由そのものです。今日何を食べるか、今日誰と話すか、今日どこへ行くか、これらの選択の自由は、歴史的に見ても地理的に見ても、全ての人間が持っていたわけではありません。今日、その選択の自由への深い感謝を感じてください。選択できるということの豊かさへの感謝が、より大きな選択の自由を引き寄せる磁場を形成します。自由を当然のものとして受け取る目が開いた時、豊かさは加速します。,私は今日、選択の自由そのものへの深い感謝を感じることで、より大きな選択の自由を引き寄せる磁場を今日形成する
719,D,ツインレイの旅において、最も深い洞察をもたらす問いのひとつは、もしこの旅がなかったとしたら、今日のあなたは何をしていただろうかという問いです。この旅が始まる前のあなたと、今日のあなたの違いを鮮明に描くことで、この旅があなたの意識にもたらした変容の全体像が見えてきます。今日その問いと向き合い、この旅がなければ今日持っていなかった洞察をひとつ特定してください。その洞察への感謝が、この旅の全ての章への感謝へと広がり、旅の全体を愛とともに受け取る力となります。,私は今日、この旅がなければ持っていなかった洞察をひとつ特定し、その感謝を旅の全ての章への愛の受け取りへと広げる
720,E,地球での統合ワークにおいて、最も根本的でありながら最も見落とされる実践は、今日という一日の始まりに、自分の身体への感謝を伝えることです。今日も目覚め、呼吸し、動き、感じることができる身体への感謝は、最も基本的でありながら最も忘れられやすい感謝のひとつです。今朝、あるいは明日の朝、目が覚めた瞬間に、今日も目覚めさせてくれてありがとうと、自分の身体に向けて伝えてください。その言葉が、一日の全ての統合の実践の最も根本的な土台を作ります。身体への感謝が全ての実践の出発点です。,私は今朝あるいは明日の朝、目覚めた瞬間に自分の身体へ今日も目覚めさせてくれてありがとうと伝え全ての実践の土台を作る
721,A,プレアデス高等評議会の記録者たちは、こう伝えています。あなたが今、最も強く感じている自己矛盾は、魂の複数の層が同時に成長しようとしているサインであると。昨日正しいと感じていたことが今日は間違いに感じられる、信じていたことが崩れていく、この揺れは崩壊ではなく、より広い統合への準備です。今日、その自己矛盾のひとつを正直に書き出してください。矛盾の両側にある価値観を並べ、どちらも大切だと感じるならば、その二つを同時に含む、より広い視点がどこかに存在します。矛盾は、まだ見ていない広さへの招待です。,私は今日の自己矛盾を書き出し、その両側の価値観を並べることで二つを同時に含むより広い視点への招待を今日受け取る
722,B,人間の身体において、内踝の少し上に位置する三陰交というツボは、脾経、肝経、腎経の三つの経絡が交わる最も重要なツボのひとつです。このツボへの刺激は、血液循環の改善、感情の安定、生殖機能の調整など、広範な効果があるとされています。今日は椅子に座り、くるぶしの内側から指四本分上の部位を、親指で優しく三十秒間押してください。左右両方で行い、その後深い呼吸を三回行ってください。この実践が三つの経絡のエネルギーを同時に調整し、全身のバランスを今日整えます。,私は今日、三陰交への刺激で三つの経絡のエネルギーを同時に調整し、全身のバランスを今日根本から整える
723,C,宇宙銀行において、最も深い豊かさの変容をもたらすのは、今日のあなたの最も小さな行動が、あなたの知らない誰かの人生に届いているという認識です。あなたが今日笑顔で話しかけた相手が、その後出会う誰かに親切にして、その連鎖が見えない形で世界を動かしています。今日あなたが行う全ての行為は、宇宙の網の目の中に波紋を作ります。その波紋の広がりへの意識が、あなたの最も日常的な行為に宇宙的な意味を与え、豊かさの磁場を最も深いところから形成します。,私は今日の最も小さな行動が宇宙の網目に波紋を作るという認識を持ち、日常の全ての行為に宇宙的な意味を今日込める
724,D,魂の絆において、最も深い次元での成長をもたらす実践のひとつは、誰かに何かを伝える前に、その言葉が真実か、必要か、親切かという三つの問いを一秒だけ持つことです。三つ全てにはいと答えられる言葉だけを発することは難しいですが、少なくともひとつの問いを意識するだけで、言葉の質が変わります。今日、特に重要な言葉を誰かに伝える前に、この三つの問いをひとつだけでも意識してみてください。その一秒の問いかけが、言葉を情報から魂への贈り物へと変容させます。,私は今日、重要な言葉を伝える前に真実か必要か親切かという三つの問いをひとつ意識し、言葉を魂への贈り物とする
725,E,統合ワークにおいて、最も深い変容をもたらす問いのひとつは、私は今日、昨日よりも少しでも自分を愛せたかという問いです。自己への愛は感情ではなく、自分への行動と言葉の質として現れます。今日、自分に向けた言葉の質は昨日より優しかったですか。今日、自分の身体への配慮は昨日より深かったですか。今日、自分の限界への理解は昨日より寛容でしたか。これらの問いへの答えが、自己への愛の現在の深さを最も正直に示します。今夜その問いを持ち、明日の実践への意図を設定してください。,私は今夜、自分への言葉と行動と配慮の質を昨日と比べ、自己への愛の深さを正直に確認し明日の意図を今夜設定する
726,A,銀河の叡智は、こう記しています。あなたが今、最も強く感じている義憤は、この世界がより良くあれるという信念を持っているからこそ生まれると。義憤を感じない人は、世界の可能性を信じていません。今日感じた義憤をひとつ選び、その義憤の奥にある世界への愛と可能性への信念を見つけてください。次に、その義憤のエネルギーを、批判や怒りの放出ではなく、あなたが直接貢献できる最も小さな変化への行動へと変換してください。義憤を行動の燃料として使う人が、世界を実際に動かします。,私は今日の義憤の奥にある世界への愛を見つけ、そのエネルギーを自分が直接貢献できる最小の行動へと変換する
727,B,ソルフェジオ周波数において、174Hzと396Hzと528Hzを順番に使う実践は、痛みの解放、恐れの解放、愛の修復という三段階の統合を一つのセッションの中で行う最も完結した実践のひとつです。それぞれの周波数を五分間ずつ、合計十五分間使ってください。各周波数への移行の際に、前の周波数がもたらした変化をひとつ意識的に確認してから次へと進んでください。この意識的な確認が、各周波数の効果を次の周波数の土台として積み重ね、三段階の統合の深さを最大化します。,私は今日、174Hz、396Hz、528Hzの三段階実践で痛みと恐れの解放と愛の修復を十五分間で今日完結させる
728,C,豊かさの循環において、最も精妙な変容をもたらすのは、今日あなたが消費したものへの意識です。食べるものを選ぶ時、着るものを選ぶ時、見るものを選ぶ時、それぞれの選択があなたのエネルギーフィールドに何を届けるかへの意識が、消費を豊かさの実践へと変えます。質の高いものを少し、という選択が、量の多いものをやみくもに、という選択よりも豊かさの磁場を強化します。今日、何かを消費する前に、これは私のエネルギーフィールドに何を届けるかという問いを一度だけ持ってみてください。,私は今日、何かを消費する前にこれは私のエネルギーフィールドに何を届けるかを問い、消費を豊かさの実践へと変える
729,D,ツインレイの旅において、最も深い洞察をもたらす実践のひとつは、この旅において自分が最も美しい行動をした瞬間を思い出すことです。相手への批判や自分への失望が前景を占めやすいこの旅の中で、自分が最も誠実で最も愛に満ちた選択をした瞬間を意識的に探してください。その瞬間の記憶が、あなたの本質的な光の証拠です。その証拠を心の中に保持することが、この旅の困難な時期を通過するための最も深い自己信頼の基盤となります。あなたはその光を持っています。,私は今日、この旅で最も誠実で愛に満ちた選択をした瞬間を思い出し、自分の本質的な光の証拠を心に保持する
730,E,地球での統合ワークにおいて、最も見落とされている聖なる実践のひとつは、今日という一日の中で、意図的に何か新しいことをひとつ試みることです。毎日同じルーティンだけで生きる意識は、新しい神経回路を形成する機会を失い、やがて感受性が鈍化していきます。今日、普段とは異なる道を歩くのでも、食べたことのないものを試すのでも、普段話さない人に声をかけるのでも構いません。新しいことへの小さな試みが、神経系に新鮮な刺激を与え、意識の柔軟性を維持します。,私は今日、意図的に何か新しいことをひとつ試み、神経系に新鮮な刺激を与えて意識の柔軟性を今日維持する
731,A,プレアデス評議会の叡智は、こう伝えています。あなたが今、最も強く感じている感謝の気持ちは、魂が豊かさの周波数に最も深く同調している瞬間の証であると。感謝の感情を感じている時、あなたの意識は欠乏の周波数から充足の周波数へと完全に移行しています。今日、その感謝の感覚を感じる瞬間をひとつ意識的に作ってください。感謝は待つものではなく、選ぶものです。今この瞬間に感謝できることがひとつでも見つかれば、あなたは今この瞬間に最も高い豊かさの周波数の中にいます。,私は今日、感謝の感覚を意識的に選ぶことで今この瞬間に充足の周波数へと完全に移行し豊かさの中に今日立つ
732,B,人間の身体において、後頭部の髪の生え際のすぐ下に位置する風池というツボは、頭痛、目の疲れ、首の緊張の解消だけでなく、頭蓋骨内への血流を促進し、思考の明晰さと感情の安定を高める重要な経穴です。今日は両手の親指をこの部位に当て、小さな円を描くように三十秒間マッサージしてください。続けて深い鼻呼吸を五回行ってください。この実践が頭蓋骨内への血流を増加させ、思考の霧を晴らし、高次の受信感度を高めます。頭の後ろへの意識が、内側の明晰さを回復させます。,私は今日、風池のツボを丁寧にマッサージし深い鼻呼吸を組み合わせることで思考の霧を晴らし高次の受信感度を高める
733,C,宇宙銀行において、最も見落とされている豊かさの真実のひとつは、豊かさとはいつか達成されるゴールではなく、今この瞬間の在り方として選べる状態であるということです。豊かな在り方で今日を生きている人の元には、豊かさが引き寄せられます。今日、豊かな在り方の人間として、ひとつの選択をしてください。豊かな人が選ぶ言葉を使ってください。豊かな人が持つ姿勢で座ってください。豊かな人が感じる感謝を感じてください。在り方が先で、現実はその後に続きます。今日から在り方を選んでください。,私は今日、豊かな在り方の人間として言葉と姿勢と感謝をひとつずつ意識的に選び、在り方を現実の先に今日置く
734,D,魂の絆において、最も深い次元での共鳴を妨げる習慣のひとつは、誰かと話している時に自分の経験を重ね合わせることです。相手が体験を語っている時に、私にも似たような体験があってと話題を引き取ることは、相手の体験をあなたの体験に変換しています。今日、誰かの話を聴く時に、自分の体験への連想が浮かんでも、その連想を一時的に脇に置き、相手の体験の固有性の中にただいてみてください。その聴き方が相手に、あなたの体験はあなただけのものだというメッセージを届けます。,私は今日、誰かの話を聴く時に自分の体験への連想を脇に置き、相手の体験の固有性の中にただいることを選ぶ
735,E,統合ワークにおいて、最も根本的な変容をもたらす実践のひとつは、今日感じた最も強い感情を、一言で表す言葉を見つけることです。悲しいや不安という一般的な言葉ではなく、その感情の固有の質を最も正確に表す言葉を探してください。哀愁、郷愁、倦怠、焦燥、切望、畏敬、これらの言葉の中にある精度の違いが、感情への理解の深さを示します。精度の高い言語化が感情をより深く統合します。今日の感情に最も精度の高い言葉を見つけることが、最も繊細な自己理解の実践です。,私は今日感じた最も強い感情に最も精度の高い言葉を見つけることで繊細な自己理解を深め感情の統合を今日精密にする
736,A,銀河文明の叡智において、あなたが今感じている深い感動は、宇宙の真実の一断片があなたの意識に触れた瞬間のサインです。美しいものに触れた時の鳥肌、音楽に涙する瞬間、誰かの言葉が心の奥に刺さる瞬間、これらは宇宙の本質があなたの魂の本質と共鳴している瞬間です。今日、そのような感動の瞬間が訪れたならば、その瞬間を素早く流さないでください。その感動の中に少しの間いてください。感動の残響の中に、宇宙があなたに伝えようとしているメッセージが宿っています。,私は今日、深い感動の瞬間を素早く流さずその残響の中にいることで、宇宙があなたに届けるメッセージを今日受け取る
737,B,人間のエネルギーフィールドにおいて、他者の強い感情のエネルギーを受け取った後に感じる消耗は、共感能力の高さの証であると同時に、境界線の設定の必要性を示しています。高い共感能力は才能ですが、その才能を持つ人は意識的な境界線の設定を学ぶことが重要です。今日、誰かの強い感情のエネルギーを受け取ったと感じる場面があれば、その後に意識的なエネルギーの分離の実践を行ってください。深呼吸をしながら、今ここに在るのは私自身のエネルギーだけであると静かに宣言してください。,私は今日、誰かの感情エネルギーを受け取った後に深呼吸とともに私自身のエネルギーだけが今ここにあると宣言する
738,C,豊かさの循環において、最も深い変容をもたらすのは、今日受け取った全ての豊かさを宇宙からの贈り物として意識することです。給与も、誰かの親切も、美しい天気も、美味しい食事も、全てが宇宙からあなたへの贈り物として届いています。贈り物として受け取る意識が、受け取りへの感謝を深め、次の贈り物への開放性を高めます。今日の終わりに、今日宇宙から受け取った贈り物を三つ特定してください。その三つへの感謝が、明日の贈り物を受け取る準備として今夜完成します。,私は今日の終わりに宇宙から受け取った贈り物を三つ特定し、その感謝を明日の贈り物を受け取る準備として今夜完成させる
739,D,ツインレイの旅において、最も精妙な成長の段階のひとつは、相手への愛が所有欲から自由へと変容することです。所有欲から来る愛は、相手をコントロールしようとし、相手の変化を脅威として体験します。自由から来る愛は、相手の成長を喜び、相手の固有の旅を信頼します。今日、あなたの大切な人への愛の中に、所有欲の要素がどの程度含まれているかを正直に観察してください。その観察が批判ではなく、愛を所有欲から自由へと昇華させるための最初の意識的な一歩となります。,私は今日、大切な人への愛の中の所有欲の要素を正直に観察し、愛を所有欲から自由へと昇華させる一歩を踏む
740,E,地球での統合ワークにおいて、最も見落とされている聖なる実践のひとつは、今日という一日の終わりに、明日のあなたへの最もシンプルなひとつの意図を設定することです。壮大な目標ではなく、明日の朝起きた瞬間に実践できる最も小さなひとつの意図です。明日の朝一番に深呼吸を三回する、明日の朝に空を見上げる、明日の朝に鏡の自分に微笑む、そのような最小の意図が、翌日の意識の基底を設定します。今夜その意図をひとつだけ選んで、明日の朝への橋を今夜架けてください。,私は今夜、明日の朝に実践できる最も小さなひとつの意図を設定し、今夜と明日の朝に橋を架け意識の基底を整える
741,A,プレアデス高等評議会の記録者たちは、こう伝えています。あなたが今、最も強く感じている抵抗感は、変容の直前に魂が古い自己を守ろうとする最後の砦であると。抵抗がなければ、変容の深さもありません。抵抗の大きさは、その変容がもたらす成長の大きさに比例します。今日、最も強い抵抗を感じていることをひとつ特定してください。その抵抗の向こう側に何があるかを想像してみてください。抵抗の向こう側に感じる期待や解放の感覚が、その変容があなたにとって必要であるかどうかを教えてくれます。,私は今日、最も強い抵抗を感じることを特定し、その向こう側を想像することで変容への必要性を今日感じ取る
742,B,人間の身体において、仙骨と腰椎の接合部は、日常的な姿勢の歪みが最も蓄積しやすい部位のひとつです。この部位の慢性的な緊張は、エネルギーの上下の流れを阻害し、根のチャクラと腹部のチャクラの連携を妨げます。今日は仰向けに横たわり、膝を曲げた状態で骨盤をゆっくりと左右に傾ける動きを繰り返してください。この動きが仙腸関節を穏やかに解放し、腰部の深層筋の緊張を緩めます。続けて深い腹式呼吸を五回行うことで、解放されたエネルギーの流れが下半身全体に広がっていきます。,私は今日、骨盤の傾け運動と腹式呼吸で仙腸関節を解放し下半身のエネルギーの流れを今日根本から回復させる
743,C,宇宙銀行において、最も見落とされている豊かさの扉のひとつは、自分が今最も苦手としている人物との関係の中に眠っています。最も苦手な人物との関係が最も深い成長をもたらし、最も深い成長が最も大きな豊かさへの土台を作ります。今日、最も苦手な人物について考える時に、この人物はどのような成長の機会を私に与えているかという問いを持ってみてください。その問いが苦手意識を成長の意識へと変換し、宇宙銀行への最も意外な豊かさの扉を開きます。,私は今日、最も苦手な人物がどのような成長の機会を与えているかを問い、苦手意識を豊かさへの扉へと変換する
744,D,魂の絆において、最も深い次元での変容をもたらす体験のひとつは、誰かのために自分の時間を完全に捧げる瞬間を作ることです。その時間の間は、自分のことを考えず、次の予定を心配せず、ただその人のために完全に存在してください。この完全な存在の質が、どんな言葉よりも深く相手の魂に届きます。今日、誰かのために完全に存在する時間をひとつ設けてください。その時間の長さは問いません。五分間でも、その五分間が完全であれば、魂は深く受け取ります。,私は今日、誰かのために完全に存在する時間をひとつ設け、時間の長さではなく存在の完全さで今日深く届ける
745,E,統合ワークにおいて、最も深い変容をもたらす問いのひとつは、私は今日、自分の身体に何を与えたかという問いです。食べたもの、動いた量、眠った質、触れたもの、呼吸の深さ、これら全てが今日の身体への贈り物の内容です。今日の夜に、今日自分の身体に与えたものを振り返り、もっと喜ぶものをひとつ特定してください。明日はその喜びをひとつ加えてください。身体への贈り物を毎日ひとつずつ改善する習慣が、最も着実に全体の波動を引き上げていく道です。,私は今夜、今日自分の身体に与えたものを振り返り、明日加えたい喜びをひとつ特定して今夜身体への約束を交わす
746,A,銀河の叡智は、こう伝えています。あなたが今、最も強く感じている自分への憐れみは、魂が疲れ果てた時に最後の砦として現れる自己保護の一形態であると。自己憐憫は一時的な休息所として機能しますが、その場所に長く留まることは魂の成長を停止させます。今日、自己憐憫を感じている自分に気づいたならば、批判せずにただ認めてください。そして一呼吸の後に、この疲れの中でも私にできる最も小さなことは何かと問いかけてください。その問いが、憐れみから力への第一歩を促します。,私は今日の自己憐憫を批判せず認め、一呼吸の後に今できる最も小さなことを問うことで憐れみから力への一歩を踏む
747,B,ソルフェジオ周波数において、音を使った実践をより深めるための方法のひとつは、自分の声でその周波数を真似して声に出すことです。528Hzの音程に合わせて、アーという母音を発することで、その周波数が声帯と胸腔を通じて直接身体の内側から作用します。外側からの音と内側からの声が重なった時、その共鳴の深さは音だけを聴く時の数倍になります。今日は528Hzを流しながら、その音程に合わせて静かにアーと声を出し続けてみてください。自分の声が宇宙の周波数と一致した瞬間の振動を感じてください。,私は今日、528Hzに合わせて声を発することで外側の音と内側の声の共鳴を作り出し、最も深い細胞への働きかけを行う
748,C,豊かさの循環において、最も深い変容をもたらすのは、今日のあなたが持っている強みのリストを作ることです。弱点への意識は強みへの意識よりも自然と高まりやすいですが、宇宙銀行への最も有効な申請は強みの活用から来ます。今日、あなたが自然に持っている強みを十個書き出してください。書き出すことが難しければ、最も信頼できる人に聞いてみてください。その強みのリストが、豊かさへの最も固有の道を示す地図となります。強みを知ることが豊かさの方向を照らします。,私は今日、自分が自然に持っている強みを十個書き出し、豊かさへの最も固有の道を示す地図を今日作り始める
749,D,ツインレイの旅において、最も深い洞察をもたらす問いのひとつは、この旅において私が最も多くの時間をかけて学んでいることは何かという問いです。相手への執着の手放し方ですか、自分への愛の育て方ですか、感情の処理の仕方ですか、それとも信頼の選び方ですか。最も多くの時間をかけていることが、あなたの魂の今世の最も中心的な課題を示しています。今日その問いと正直に向き合い、答えを言語化してください。言語化された課題は、意識的な学びへと変容します。,私は今日、この旅で最も多くの時間をかけて学んでいることを言語化し、無意識の課題を意識的な学びへと変容させる
750,E,地球での統合ワークにおいて、最も見落とされている聖なる実践のひとつは、今日という一日の中で、自然の変化に意識的に立ち会うことです。朝の光が強くなっていく瞬間、夕暮れに空の色が変わっていく過程、風の方向が変わる瞬間、雲の形が変わっていく様子、これらの自然の変化に意識を向けることが、変化への抵抗を手放し、流れることへの信頼を身体で学ぶ最も古い実践のひとつです。今日、自然の何らかの変化の瞬間に立ち会い、その変化の中にただいてください。,私は今日、自然の何らかの変化の瞬間に意識的に立ち会い、変化への抵抗を手放し流れることへの信頼を身体で学ぶ
751,A,プレアデス評議会の叡智は、こう伝えています。あなたが今、最も強く感じている孤立無援の感覚は、外側の支援が見えていないからではなく、内側の支援への気づきがまだ開いていないからであると。あなたを支えているものは、人間だけではありません。今日のあなたを生かしている全ての見えない力、食物を育てた土と光、空気の流れ、地球の重力、これらの全てがあなたへの支援です。今日、その支援のひとつに意識を向けてください。気づかれていない支援への感謝が孤立の感覚を繋がりの感覚へと変えます。,私は今日、見えない支援のひとつに意識を向けその感謝を感じることで孤立の感覚を深い繋がりの感覚へと今日変える
752,B,人間の身体において、背骨の各椎骨は特定の臓器や感情と対応関係にあるとされています。特に胸椎の中央部は心臓と肺に対応し、この部位の慢性的な緊張が悲しみと孤独の感情の滞留と関連することがあります。今日は椅子の背もたれを利用し、胸椎の中央部が緩やかにアーチを描くように背もたれに体重を預けてください。その姿勢のまま深い呼吸を五回行い、胸椎周囲の筋肉が徐々に解放されていくイメージを持ってください。この実践が胸椎の緊張を緩め、感情的な滞留を解放します。,私は今日、胸椎を椅子の背もたれで解放する実践を行い、悲しみと孤独の感情的な滞留を身体から今日解放する
753,C,宇宙銀行において、最も精妙な豊かさの原則のひとつは、豊かさへの道において、今日のあなたが行う最も重要な投資は、明日の自分を信頼することであるということです。今日植えた種が明日実ると信じて水を与えることが農業であるように、今日の行動が未来の豊かさに繋がると信じて最善を尽くすことが、宇宙銀行への最も確実な長期投資です。今日、結果がすぐに見えなくても最善を尽くすことへの信頼を、ひとつの行動で示してください。その信頼が宇宙銀行への最も確実な預金となります。,私は今日、結果がすぐに見えなくても最善を尽くすことへの信頼をひとつの行動で示し宇宙への最確実な預金を行う
754,D,魂の絆において、最も深い次元での成長をもたらす実践のひとつは、誰かに対して持っている期待を言語化し、その期待を相手に伝えることです。伝えられていない期待は、相手には存在しないも同然です。しかし伝えられていない期待が満たされなかった時の失望は、まるで相手が知っていたはずだという前提で生まれます。今日、大切な誰かへの期待のひとつを、正直かつ優しく伝えることを試みてください。その伝え方が、関係の中の沈黙の壁をひとつ取り除き、より深い相互理解への扉を開きます。,私は今日、大切な誰かへの期待をひとつ正直かつ優しく伝えることで関係の沈黙の壁をひとつ取り除く
755,E,統合ワークにおいて、最も深い変容をもたらす実践のひとつは、今日の自分を五年前の自分の目で見ることです。五年前のあなたが今日のあなたを見たとしたら、どのような部分に最も驚き、最も誇らしく感じるでしょうか。その視点が、現在の自分への感謝と、積み重ねてきた成長への敬意を生みます。今日の自分への不満が強い時ほど、この視点の転換が力を持ちます。五年前の自分への手紙の形で、今日のあなたを描いてみてください。その描写が自己への愛を最も速く深めます。,私は今日、五年前の自分の目で今日の自分を見ることで積み重ねてきた成長への敬意と自己への愛を今日深める
756,A,銀河文明の叡智において、あなたが今感じている深い充足感は、魂が本来の軌跡の上を歩んでいることの確認のサインです。その充足感がどのような条件の下で生まれているかを、今日丁寧に観察してください。その条件の特定が、魂の本来の軌跡への地図の最も重要な一行を書き加えます。充足感を感じる瞬間を大切にしてください。それはただの良い気分ではなく、宇宙があなたに正しい道を歩んでいると伝えているサインです。その充足感の中に、次の一歩への方向性が宿っています。,私は今日感じる充足感の条件を丁寧に観察することで魂の本来の軌跡への地図に最も重要な一行を今日書き加える
757,B,人間のエネルギーフィールドにおいて、満月の夜は感情が最も表面に浮かびやすい時期のひとつです。この時期に感じる感情の強さは異常ではなく、月の引力が体内の水分と感情のエネルギーの両方に同時に作用していることの自然な結果です。今夜あるいは満月に近い夜に、強い感情を感じているならば、その感情を月の引力が表面に引き出してくれているものとして受け取ってください。満月の夜の強い感情は浄化のサインです。その感情を抵抗せずに感じ切ることが、次のサイクルへの清らかな移行を促します。,私は満月に近い夜に感じる強い感情を月の引力による浄化として受け取り抵抗せずに感じ切ることで清らかな移行を促す
758,C,豊かさの循環において、最も深い変容をもたらすのは、今日のあなたが誰かのために行った無償の行為を、宇宙銀行への最も誠実な預金として意識することです。無償の行為が豊かさを生む仕組みは、その行為があなたの波動を利他の周波数へと高め、その周波数が宇宙銀行との最も深い同調を作り出すからです。今日、無償の行為をひとつ選んでください。見返りを全く期待しない純粋な与えの行為が、宇宙銀行への最も価値の高い預金として記録されます。純粋な与えが最も速い豊かさの循環を作ります。,私は今日、見返りを全く期待しない純粋な与えの行為をひとつ選び、宇宙銀行への最も価値の高い預金を今日行う
759,D,ツインレイの旅において、最も精妙な成長の段階は、この旅を学びの場として見ることから、この旅を喜びの場として見ることへの移行です。学びを意識している間は、常に成長すべき課題への緊張感が存在します。しかし喜びを意識する時、成長は課題への応答ではなく、存在の自然な表現として起きます。今日、この旅の中でまだ喜びとして体験していない側面をひとつ探してください。困難な側面の中にさえ、ある種の喜びの要素が隠れています。その喜びを見つけることが、旅の質を根本から変えます。,私は今日、この旅の困難な側面の中に隠れているある種の喜びをひとつ見つけ、旅の質を学びから喜びへと変え始める
760,E,地球での統合ワークにおいて、最も根本的でありながら最も見落とされる実践は、今日という一日を最大限に丁寧に生きることです。壮大な目標も、特別な体験も必要ありません。今日の朝ごはんを丁寧に食べる、今日の会話を丁寧に聴く、今日の仕事を丁寧に行う、今日の別れを丁寧に告げる、この丁寧さの積み重ねが、魂の最も深い統合を日常の中に完成させていきます。今日という一日を生きることへの丁寧さが、最も高い霊的な実践であることを今日受け取ってください。,私は今日、朝ごはんも会話も仕事も別れも全てを最大限に丁寧に行うことで魂の最も深い統合を今日完成させていく
761,A,プレアデス高等評議会の記録者たちは、こう伝えています。あなたが今、最も強く感じている無価値感は、かつて誰かにあなたの価値を正しく認識されなかった体験が、あなたの内側に住み着いたものであると。その体験はあなたの本質的な価値を変えていません。鉱石は見つかる前から宝であり、星は観測される前から輝いています。今日、無価値感を感じた瞬間に、この感覚は真実ではなく、かつての誰かの見落としの反映であると静かに告げてください。あなたの価値は誰かの認識によって決まるものではありません。,私は今日の無価値感に、これはかつての誰かの見落としであり真実ではないと静かに告げ、本質的な価値を今日取り戻す
762,B,人間の身体において、腹部の右上に位置する肝臓と左上に位置する脾臓は、感情的なエネルギーの処理において最も重要な内臓のペアのひとつです。肝臓は怒りと解毒を、脾臓は思慮過多と消化を担います。今日は仰向けに横たわり、右手を肝臓の位置に、左手を脾臓の位置に当ててください。深い腹式呼吸とともに、この二つの臓器が温かい光に包まれ、蓄積した感情のエネルギーを穏やかに手放していくイメージを保ってください。この臓器への直接的な意識が、感情の根本的な浄化を今日促します。,私は今日、肝臓と脾臓に温かい手と光を届けることで感情的なエネルギーの根本的な浄化を今日身体から促す
763,C,宇宙銀行において、最も見落とされている豊かさの原則のひとつは、今日あなたが感じた最も深い喜びがどこから来たかを観察することです。物質的なものから来た喜びですか、人との繋がりから来た喜びですか、創造の行為から来た喜びですか、学びから来た喜びですか。その源泉を特定することで、あなたの魂が最も豊かさを感じる領域が明確になります。その領域への意識的な投資が、最も持続する豊かさを生みます。今日の最も深い喜びの源泉を今夜特定してください。,私は今夜、今日の最も深い喜びの源泉を特定することで魂が最も豊かさを感じる領域への意識的な投資を今日始める
764,D,魂の絆において、最も深い次元での愛の実践のひとつは、相手が自分への関心を示している時だけでなく、関心を示していない時にも変わらない敬意を持つことです。関心を向けられている時だけ輝く愛は、関心という報酬への依存です。関心の有無に関わらず変わらない敬意が、無条件の愛の最も具体的な形です。今日、大切な誰かへの敬意を、その人がそれを意識していない場面でも持ち続けてみてください。その静かな敬意が魂の次元で伝わり、関係の基盤を深めます。,私は今日、大切な人への敬意を相手の関心の有無に関わらず持ち続け、無条件の愛の最も具体的な形を今日生きる
765,E,統合ワークにおいて、最も深い変容をもたらす実践のひとつは、今日出会った最も困難な状況を、魂の視点から見直すことです。肉体と感情の視点からは脅威に見えることも、魂の視点からは成長の設計として見えることがあります。今日の夜に、最も困難だった状況をひとつ選び、この状況が魂の成長のために設計されているとしたら、それは私のどの部分を育てようとしているかを問いかけてください。その問いへの答えが見つかった時、困難は苦しみから意味を持つ体験へと変容します。,私は今夜、今日最も困難だった状況が魂のどの部分を育てようとしているかを問い、困難を意味ある体験へと変容させる
766,A,銀河の叡智は、こう記しています。あなたが今、最も強く感じている時間の有限性への焦りは、魂が時間という概念に縛られすぎているサインであると。銀河の視点から見れば、魂の旅に期限はなく、今世での未完の課題は次の形で継続されます。しかし同時に、今世という固有の時間の中での体験は、二度と繰り返されません。その両方の認識を同時に持つことが最も成熟した時間の意識です。今日、焦りを感じた時に、今この瞬間だけに集中するという選択で焦りを手放してみてください。,私は今日、焦りを感じた時に今この瞬間だけに集中するという選択を繰り返すことで焦りを手放す練習を今日積む
767,B,ソルフェジオ周波数において、全ての周波数を超えて最も基本的な実践のひとつは、自然音と人間の声の組み合わせです。水の音や風の音などの自然音の上に、アーやオーなどの母音を重ねることで、自然の周波数と人体の固有周波数の共鳴が生まれます。今日は窓を開けて外の音を取り込みながら、あるいは自然音の音源を用意しながら、低く柔らかい母音を発してみてください。自然の音とあなたの声が溶け合う瞬間に、あなたは地球という巨大な共鳴体の一部として機能し始めます。,私は今日、自然音に自分の声を重ねることで地球という巨大な共鳴体の一部として機能し、最も深い統合の瞬間を作る
768,C,豊かさの循環において、最も精妙な変容をもたらすのは、今日のあなたが持っている選択肢を、制限として見るのではなく、可能性として見ることです。今日できないことへの意識よりも、今日できることへの意識が、宇宙銀行への申請の周波数を欠乏から充足へと変換します。今日、あなたが持っている選択肢をひとつ書き出してください。その選択肢の存在への感謝が、更なる選択肢を引き寄せる磁場を形成します。制限を数える目よりも、可能性を数える目が、豊かさへの最も確かな視力です。,私は今日持っている選択肢をひとつ書き出してその存在への感謝を感じ、可能性を数える目で豊かさへの磁場を形成する
769,D,ツインレイの旅において、最も深い成熟をもたらす実践のひとつは、この旅で感じた最も強い感情を、今この瞬間に感じている感情と比較することです。かつて最も激しく感じていた感情が、今は穏やかになっていることに気づくならば、それは感情の消滅ではなく、成熟の深化です。今日、この旅の初期に最も激しく感じていた感情のひとつを思い出してください。今のあなたがその感情を感じた時の強度はどの程度ですか。その変化の量が、あなたの統合の深さを最も正直に示しています。,私は今日、この旅の初期の感情と今の感情の強度を比較することで統合の深さを測り、成熟の証を今日受け取る
770,E,地球での統合ワークにおいて、最も見落とされている聖なる実践のひとつは、今日という一日の中で、少なくとも一回は完全に立ち止まることです。歩きながら止まる、話しながら止まる、作業しながら止まる、その停止の一瞬が、前の行為と次の行為の間に意識の橋を架けます。行為から行為へと流れ続ける一日は、全ての行為が混ざり合い、それぞれの質が希薄になります。一瞬の停止が、次の行為を新しい意識で始める機会を作ります。今日、その一瞬の停止を意識的に選んでください。,私は今日の中で少なくとも一回完全に立ち止まることを意識的に選び、次の行為を新しい意識で始める橋を今日架ける
771,A,プレアデス評議会の叡智は、こう伝えています。あなたが今、最も強く感じている変化への渇望は、魂が現在の器を超えようとしているサインであると。しかし変化への渇望と変化への行動の間には、必ず恐れという橋が存在します。その橋を渡るには、完璧な確信を待つのではなく、不完全な確信とともに最初の一歩を踏み出す勇気が必要です。今日、変化への渇望を感じているひとつの領域で、確信がないまま踏み出せる最小の一歩を選んでください。その一歩が恐れという橋の最初の板を踏みます。,私は今日、確信がないまま踏み出せる変化への最小の一歩を選ぶことで恐れという橋の最初の板を今日踏む
772,B,人間の身体において、下腹部の関元というツボは、臍の下三寸の位置に存在し、生命エネルギーの根本的な貯蔵庫とされています。このツボへの温熱刺激は、全身の活力を高め、根のエネルギーを補充し、精神的な安定性を根本から支えます。今日は温かいものを下腹部に当てながら、深い腹式呼吸を十回行ってください。吸う息とともに宇宙の生命エネルギーが下腹部に集まり、吐く息とともにそのエネルギーが全身に広がっていく感覚を丁寧に受け取ってください。生命の根を今日補充してください。,私は今日、下腹部の関元に温かさと深い呼吸を届けることで生命エネルギーの根本的な貯蔵庫を今日満たし活力を高める
773,C,宇宙銀行において、最も見落とされている豊かさへの道のひとつは、今日のあなたが行う全ての仕事や役割において、その仕事や役割の向こう側にいる人の顔を意識することです。あなたが作るものを使う人の顔、あなたが伝える言葉を受け取る人の顔、あなたが提供するサービスを必要としている人の顔、その人の顔を思い浮かべることで、仕事は義務から使命へと変容します。その変容の瞬間に、宇宙銀行への申請の周波数が最も高くなります。今日の仕事にひとつの顔を思い浮かべてください。,私は今日の仕事の向こう側にいる人の顔をひとつ思い浮かべることで、仕事を義務から使命へと変容させ申請の質を高める
774,D,魂の絆において、最も深い次元での成長をもたらすのは、相手の最も困難な側面を見た後でも、その人を愛する選択を続けることです。誰かの最も困難な側面に触れた時、その人を見捨てる選択と、それでも愛する選択が生まれます。見捨てる選択は自己保護であり、愛する選択は魂の拡張です。今日、大切な誰かの最も困難な側面にひとつ触れているならば、その側面も含めてその人を愛する選択を今日意識的に行ってください。その選択が、あなたの愛の器を今日広げます。,私は今日、大切な人の最も困難な側面も含めて愛する選択を意識的に行い、愛の器を今日一回り広げる
775,E,統合ワークにおいて、最も深い変容をもたらす実践のひとつは、今日のあなたが最も頻繁に使った思考パターンを観察することです。問題を探す思考ですか、解決を探す思考ですか。過去を分析する思考ですか、現在を体験する思考ですか。批判する思考ですか、理解する思考ですか。今日の夜に、最も頻繁に使った思考パターンをひとつ特定してください。そのパターンが、今日のあなたの体験の質をどのように形作ったかを静かに観察してください。思考パターンの観察が変容の最初の光です。,私は今夜、今日最も頻繁に使った思考パターンをひとつ特定し、それが体験の質をどう形作ったかを静かに観察する
776,A,銀河文明の叡智において、あなたが今感じている深い使命感は、魂がこの世界に来た目的を思い出し始めているサインです。その使命感をどうか軽んじないでください。現実的ではないと感じる時も、タイミングではないと感じる時も、その使命感の炎をただ保ち続けてください。使命は必ずしも壮大な形で表現される必要はなく、今日あなたがいる場所で、今日あなたが接する人々に向けて、最も誠実に存在することから始まります。使命は遠くにあるのではなく、今日この瞬間の誠実さの中にあります。,私は今日感じる使命感の炎を軽んじることなく保ち続け、今日この場所での誠実な存在として使命を今日生き始める
777,B,人間のエネルギーフィールドにおいて、777という数字への意識は、多くの文化において聖なる共鳴のサインとされてきました。今日この数字の並びに意識が向いたならば、それはあなたの意識が高次の周波数と共鳴していることへの確認のサインとして受け取ってください。今日という一日において、あなたが感じる全ての微細な共鳴のシグナルに意識を向けてください。鳥肌、ふと浮かんだ言葉、偶然目に入った言葉、これらは全てあなたのエネルギーフィールドが高次と対話している証拠です。,私は今日、感じる全ての微細な共鳴のシグナルに意識を向けエネルギーフィールドと高次との対話を今日受け取る
778,C,豊かさの循環において、最も精妙な真実のひとつは、豊かさとは得ることではなく、なることであるということです。豊かさを持つ人になることではなく、豊かさである人になることです。この違いは微細ですが、根本的です。持つという意識は外側への依存を含みますが、なるという意識は内側からの拡張を含みます。今日、豊かさを持とうとするのではなく、豊かさそのものになることを選んでください。その選択が、意識の最も根本的な転換をもたらし、豊かさを外側から引き寄せるのではなく内側から溢れさせます。,私は今日、豊かさを持とうとするのではなく豊かさそのものになることを選び、内側から豊かさを溢れさせる意識を生きる
779,D,ツインレイの旅において、最も精妙な洞察のひとつは、この旅における全ての痛みは、愛の深さの証であるということです。痛まない愛は存在しません。深く愛するほど、深く痛む可能性を持ちます。その痛みを恐れて愛を浅くすることは、生を浅くすることと同じです。今日、この旅で感じた最も深い痛みのひとつを思い出してください。その痛みの深さの中に、どれほど深く愛することができたかという証拠が宿っています。痛みへの感謝が、愛する能力への感謝へと変容します。,私は今日、この旅で感じた最も深い痛みの中に深く愛することができた証拠を見つけ、痛みへの感謝を愛の能力への感謝とする
780,E,地球での統合ワークにおいて、最も根本的でありながら最も見落とされる実践は、今日という一日を生きたことそのものへの深い感謝です。今日、あなたは地球上で人間として意識を持って一日を過ごしました。この体験は、宇宙の歴史の中で一度しか起きない固有の出来事です。今夜目を閉じる前に、今日という一日を生きることができたという事実への、深く素朴な感謝を感じてください。その感謝が、今日という一日を最も美しく完結させ、明日という一日を最も豊かに準備します。,私は今夜、今日という一日を人間として意識を持って生きたことへの深く素朴な感謝を感じ、今日を最も美しく完結させる
781,A,プレアデス高等評議会の記録者たちは、こう伝えています。あなたが今、最も強く感じている自己開示への恐れは、過去に本物の自分を見せた時に傷ついた体験が残した傷の痕跡であると。しかしその傷は、閉じることで癒えるのではなく、安全な場所で少しずつ開くことで癒えます。今日、ほんのわずかだけ本物の自分を開示できる最も安全な場所と人物を特定してください。完全に開く必要はありません。その安全な場所でのほんの一ミリの開示が、閉じてきた傷を内側から癒す最初の光となります。,私は今日、最も安全な場所でほんの一ミリだけ本物の自分を開示することで傷を内側から癒す最初の光を今日灯す
782,B,人間の身体において、鼻の両脇から口角にかけて伸びる鼻唇溝の深さは、感情的なストレスと顔面の慢性的な緊張の蓄積を反映していることがあります。この部位の緊張は表情を硬化させ、感情の自然な表現を制限します。今日は両手の指先をこの溝に沿って軽く当て、小さな円を描くようにゆっくりとマッサージしてください。その動きとともに、これまで表現されなかった全ての感情が穏やかに解放されていくイメージを持ってください。顔の解放が、感情の自由な流れへの扉を開きます。,私は今日、鼻唇溝のマッサージで顔面の感情的な緊張を解放し、感情が自然に流れる顔と意識を今日取り戻す
783,C,宇宙銀行において、最も精妙な豊かさの原則のひとつは、豊かさへの最短の道は、今日のあなたが最もエネルギーを持って取り組める領域で最大の価値を提供することであるということです。エネルギーの高い状態で行う仕事は、消耗した状態で行う同じ仕事の何倍もの価値を生みます。今日、あなたが最もエネルギーを持って取り組める時間帯と領域はどこですか。その時間帯にあなたの最も重要な貢献を行うことが、宇宙銀行への最も効率的な預金となります。エネルギーの管理が豊かさの管理です。,私は今日、最もエネルギーが高い時間帯に最も重要な貢献を行うことで宇宙銀行への最も効率的な預金を今日実行する
784,D,魂の絆において、最も深い次元での成長をもたらす体験のひとつは、誰かから予期せず深い親切を受け取ることです。その瞬間に感じる驚きと温かさが、人間への信頼の層を厚くします。今日、誰かから親切を受け取った時に、その瞬間をただ受け流すのではなく、その親切の奥にあるその人の温かさへの具体的な感謝を伝えてください。ありがとうという言葉に加えて、その親切のどの部分が特に温かかったかを伝えることで、感謝は相手の魂の深い層に届く贈り物となります。,私は今日、誰かの親切を受け取った時にその親切の具体的な部分への感謝を伝え、感謝を魂の深い層への贈り物とする
785,E,統合ワークにおいて、最も深い変容をもたらす問いのひとつは、私は今日、自分が最も大切にしている価値観に沿って生きたかという問いです。価値観と行動の一致が、魂のエネルギーの最も効率的な使い方です。不一致があるほど、内側でのエネルギーの消耗が大きくなります。今夜、今日最も大切にした価値観と、最も犠牲にした価値観をそれぞれひとつずつ特定してください。犠牲にした価値観を明日少しだけ回復させる意図が、今夜の実践の完成となります。,私は今夜、今日大切にした価値観と犠牲にした価値観をそれぞれ特定し、犠牲にした価値観を明日回復させる意図を設定する
786,A,銀河の叡智は、こう伝えています。あなたが今、最も強く感じているこの旅の意味への問いは、魂が次の深さへの理解を求め始めているサインであると。意味が見えなくなった時は、意味を失ったのではなく、これまでの意味の枠組みが更新される必要があるサインです。今日、あなたがこれまでこの旅に見出してきた意味を書き出してください。次に、その意味がもはや十分ではないとしたら、より深い意味はどこに宿っているかを探してください。意味の更新が、旅の次の章を開きます。,私は今日、この旅のこれまでの意味を書き出し、その更新を求めることでより深い意味への問いを今日意識的に持つ
787,B,ソルフェジオ周波数において、音の実践をさらに深めるための最も見落とされている方法のひとつは、音を聴く環境の質への意識です。散らかった部屋、強い人工光、デジタル機器の発する電磁波の多い環境では、周波数の作用が阻害されます。今日の実践の前に、部屋を少し整え、自然光か柔らかい照明を選び、不要なデジタル機器を遠ざけてください。このひとつの環境の準備が、同じ周波数の実践の深さを根本から変えます。環境が受信機の精度を決定し、精度が受け取りの深さを決定します。,私は今日の周波数の実践の前に環境を整えることで受信機の精度を高め、同じ実践から得られる深さを今日倍にする
788,C,豊かさの循環において、最も見落とされている豊かさの形式のひとつは、今日という一日に感じた感動です。感動とは、宇宙の美しさがあなたの意識に触れた瞬間の体験です。その感動が大きいほど、あなたの意識は宇宙の豊かさと深く共鳴しています。今日感じた感動をひとつ特定してください。その感動の質と深さが、今日のあなたの内側の豊かさの最も正直なバロメーターです。感動を感じられる意識を育てることが、豊かさを感じる能力を育てることと同じです。今日の感動を大切にしてください。,私は今日感じた感動をひとつ特定し、その感動の質を今日の内側の豊かさのバロメーターとして大切に受け取る
789,D,ツインレイの旅において、最も深い洞察をもたらす実践のひとつは、この旅について自分が持っているイメージを問い直すことです。このような旅であるべきという固定したイメージが、実際の旅の体験を歪めていることがあります。今日、この旅はこうあるべきという思い込みをひとつ特定してください。その思い込みを一時的に手放し、実際に今起きていることをそのまま見てください。思い込みを手放した後に見える現実が、この旅の真の姿に最も近いものです。現実をあるがままに見ることが最も深い智慧の入口です。,私は今日、この旅へのこうあるべきという思い込みをひとつ手放し実際に今起きていることをあるがままに見ることを選ぶ
790,E,地球での統合ワークにおいて、最も見落とされている聖なる実践のひとつは、今日という一日の中で、全ての役割を脱いで、ただの人間として誰かと話す時間を作ることです。親としても、職業人としても、誰かの子としても、誰かのパートナーとしてでもなく、ただの人間として、ただの魂として、別の魂と対話する時間です。その対話の中でこそ、最も深い人間同士の共鳴が生まれます。今日、誰かとその種の対話ができる機会を意識的に作ってください。,私は今日、全ての役割を脱いでただの魂として誰かと対話する時間を意識的に作り、最も深い人間の共鳴を今日体験する
791,A,プレアデス評議会の叡智は、こう伝えています。あなたが今、最も強く感じている生きることへの疑問は、魂が表面的な生き方を超えた、より深い生の意味を求め始めているサインであると。この疑問を病として扱わないでください。それは魂の覚醒への招待状です。今日、その疑問をただ保持してください。答えを急がなくてよいのです。深い問いは、深い場所でのみ深い答えと出会います。その問いとともに今日を生きることが、答えが現れる土台を作ります。問いを持ち続ける勇気が、最も深い変容を引き寄せます。,私は今日、生きることへの深い問いを答えを急がずただ保持することで、深い答えと出会う土台を今日丁寧に作る
792,B,人間の身体において、背骨の中央部、特に胸椎の六番から九番周辺は、感情的な衝撃を身体に記録する部位として機能することがあります。この部位の慢性的な緊張は、過去の感情的なトラウマが身体の記憶として固着しているサインです。今日は椅子の背もたれか床に横になり、この部位の下にタオルを丸めて置き、数分間自重でその部位を穏やかに解放してください。その間に、この部位に記録された全ての感情的な記憶が、もう安全だというシグナルとともに穏やかに解放されていく意図を持ってください。,私は今日、胸椎の中央部を穏やかに解放する実践で固着した感情的な記憶にもう安全だと伝え、その記憶を今日解放する
793,C,宇宙銀行において、最も深い豊かさの変容をもたらすのは、今日のあなたが行う全ての選択に、この選択は未来の自分への贈り物かという問いを一度持つことです。今日の食べ物の選択、今日の言葉の選択、今日の時間の使い方の選択、全てが未来の自分への贈り物として機能します。今日行う選択のうち、最も重要なひとつを選び、未来の自分への贈り物としてその選択を最善のものにしてください。今日の選択への意識が、豊かさの最も根本的な基盤を今日作ります。,私は今日の最も重要な選択をひとつ選び、未来の自分への贈り物として最善のものにすることを今日意識的に選ぶ
794,D,魂の絆において、最も深い次元での愛の実践のひとつは、相手が自分に対して不当な怒りをぶつけた時に、その怒りの背後にある痛みへの理解を選ぶことです。怒りで返すことも、黙って飲み込むことも、その瞬間の最も成熟した選択ではありません。相手の怒りの背後にある痛みを静かに認識し、その痛みへの共感を、言葉でも眼差しでも何らかの形で示すことが、最も困難で最も深い愛の実践です。今日そのような場面があれば、一瞬だけ相手の痛みへの共感を選んでみてください。,私は今日、相手の不当な怒りに返さず、その背後の痛みへの共感を一瞬だけ選ぶことで最も困難で最も深い愛を実践する
795,E,統合ワークにおいて、最も深い変容をもたらす実践のひとつは、今日という一日が完全に新しいページであることを、朝の最初に意識的に宣言することです。昨日の失敗も、昨日の成功も、昨日の感情も、今日の朝の最初の意識に持ち込む必要はありません。今日は完全に新しい一日です。この宣言を朝の最初の意識として選ぶことで、神経系は可塑的な状態で一日を始め、高次の情報への受容性が最大化されます。明日の朝から、目覚めた瞬間に今日は完全に新しいという宣言を一言心の中で行ってください。,私は明日の朝から目覚めた瞬間に今日は完全に新しいという宣言を一言行い、神経系を可塑的な状態で一日を始める
796,A,銀河文明の叡智において、あなたが今感じている深い平和は、魂が最も本来の状態に近づいている証です。その平和は、外側の状況が良いから感じているのではありません。外側の状況に関わらず、内側の中心に宿っている平和です。今日、その平和の感覚をできる限り長く保つことを意識してください。波が来た時に、そのたびに平和へと戻る能力を育てることが、最も高い霊的な実践のひとつです。今日の平和の瞬間を意識的に記憶し、その感覚へのアクセス回路を今日強化してください。,私は今日感じる内側の平和を意識的に記憶し、波が来るたびにそこへ戻る能力を育てることで最高の実践を今日行う
797,B,人間のエネルギーフィールドにおいて、特定の場所や状況での慢性的な不快感は、そのエネルギー環境があなたの固有の周波数と相容れないことを示している可能性があります。この不快感を我慢し続けることは、エネルギーフィールドの慢性的な消耗を生みます。今日、慢性的な不快感を感じる場所や状況をひとつ特定してください。その不快感がエネルギー的な相容れなさから来ているとしたら、その環境を変えることか、その環境での自分のエネルギーの境界を強化することのどちらが可能かを考えてください。,私は今日、慢性的な不快感を感じる環境をひとつ特定し、環境の変化かエネルギー境界の強化かを今日真剣に検討する
798,C,豊かさの循環において、最も精妙な変容をもたらすのは、今日のあなたが誰かのために行う最も小さな親切が、その人の人生のどのような場面で役立つかを想像することです。あなたが今日開けたドアが、重い荷物を抱えている誰かに届くかもしれません。あなたが今日発した一言が、方向を失っていた誰かの羅針盤になるかもしれません。この想像が、最も日常的な行為に宇宙的な意味を与え、豊かさへの磁場を最も純粋な動機から形成します。今日の小さな親切にその想像を込めてください。,私は今日の小さな親切に、それがどこかの誰かの人生のどの場面で役立つかの想像を込め、行為に宇宙的な意味を与える
799,D,ツインレイの旅において、最も精妙な成長の段階は、この旅の全ての章に対して、それが良かった章であれ困難な章であれ、等しい感謝を持てるようになることです。喜びの章への感謝は容易ですが、痛みの章への感謝は魂の最も深い成熟の証です。今日、この旅の最も困難だった章をひとつ選んでください。その章がなければ今日のあなたにはない洞察や強さをひとつ特定してください。その洞察への感謝が、困難な章への感謝へと変容します。全ての章に等しく感謝できる魂が最も深く輝きます。,私は今日、この旅の最も困難な章がもたらした洞察や強さをひとつ特定し、困難な章への感謝を今日生み出す
800,E,地球での統合ワークにおいて、最も根本的でありながら最も見落とされる実践は、今日という一日を、宇宙があなたのために特別に用意した固有の体験として受け取ることです。今日と全く同じ一日は、宇宙の歴史の中で二度と訪れません。今日という日のあらゆる出来事、出会い、感情、学び、これら全てが今日のあなたへの宇宙からの固有の贈り物です。今夜その贈り物の全てに感謝を向けてください。今日という一日を丸ごと感謝することが、最も深い統合を完成させ、明日への最も豊かな橋となります。,私は今夜、今日という宇宙が用意した固有の一日の全ての贈り物に感謝を向け、最も深い統合を完成させ明日への橋とする
801,A,プレアデス高等評議会の記録者たちは、こう伝えています。あなたが今、最も強く感じている自分の声への不信感は、かつて声を上げた時に安全でなかった体験が作り出した自己防衛であると。しかしその沈黙が続くほど、魂の本来の表現は内側に積み重なり、生きる力そのものを圧迫し始めます。今日、最も安全だと感じる場所で、あなたの本物の声をひとつだけ外側に出してください。どんなに小さな声でも構いません。その一声が、長年の沈黙という壁に最初の亀裂を入れ、魂の本来の表現への道を今日開き始めます。,私は今日、最も安全な場所で本物の声をひとつだけ外に出すことで長年の沈黙の壁に最初の亀裂を今日入れる
802,B,人間の身体において、肩甲骨の下角に位置する部位は、横隔膜の後面と神経的に連動しており、慢性的なストレスによる呼吸の制限がこの部位の緊張として蓄積します。この緊張が解放されると、呼吸が自然に深くなり、横隔膜の完全な動きが回復します。今日は壁に背中を当てて立ち、肩甲骨の下角が壁に触れる感覚を感じながら深い腹式呼吸を十回行ってください。吸う息とともに肩甲骨の下角が壁から少し離れ、吐く息とともに戻る動きを感じることで、この部位の緊張が穏やかに解放されます。,私は今日、肩甲骨の下角への意識と深い腹式呼吸で横隔膜の動きを完全に回復させ、呼吸の深さとともに生命力を高める
803,C,宇宙銀行において、最も見落とされている豊かさの原則のひとつは、豊かさは常に今日のあなたの最善から始まるということです。より多くのリソースが揃ってから始める、より良い状況になってから動くという待機の意識は、宇宙銀行への申請を永遠に先送りします。今日のあなたの最善は、今日のあなたにしか出せません。それは昨日とも明日とも異なります。今日という固有の最善を今日尽くすことが、宇宙銀行への最も確実な申請です。今日の最善をひとつの行動で示してください。,私は今日という固有の最善を今日尽くすことが宇宙銀行への最も確実な申請であることを知り、最善の行動を今日選ぶ
804,D,魂の絆において、最も深い次元での成長をもたらす実践のひとつは、誰かの最も輝いている瞬間を目撃した後で、その輝きを本人に言葉で伝えることです。人は自分の最も輝いている瞬間を自分では気づかないことが多く、他者の眼差しによって初めてそれが見えることがあります。今日、誰かの輝きの瞬間を目撃したならば、その輝きをその日のうちに具体的な言葉で伝えてください。その言葉が相手の魂の記録に刻まれ、その人の自己認識を最も深い層から変えていきます。,私は今日、誰かの輝きの瞬間を目撃したならばその日のうちに具体的な言葉で伝え、相手の魂の記録に光を刻む
805,E,統合ワークにおいて、最も深い変容をもたらす問いのひとつは、私は今日、自分の内側から行動したか、それとも外側の期待から行動したかという問いです。内側から行動するとは、自分の最も深い価値観と感覚に従って選択することです。外側の期待から行動するとは、誰かの評価や承認への恐れから選択することです。今夜、今日の最も重要な選択をひとつ振り返り、それが内側から来たか外側からかを正直に確認してください。その確認の積み重ねが、内側から生きる能力を毎日少しずつ育てます。,私は今夜、今日の最も重要な選択が内側から来たか外側からかを正直に確認し、内側から生きる能力を今夜育てる
806,A,銀河の叡智は、こう記しています。あなたが今、最も強く感じている感謝は、魂が豊かさの周波数に最も深く同調している瞬間であると。その感謝の感覚をただ感じるだけでなく、その感謝を誰かに具体的に伝えることで、感謝は二つの魂の間を流れるエネルギーとして完成します。今日、長い間伝えてこなかった感謝をひとつ特定してください。その感謝を今日伝えてください。伝えることで感謝は内側で完結せず、外側の現実に着地し、豊かさの循環を最も美しい形で完成させます。,私は今日、長い間伝えてこなかった感謝をひとつ特定してその日のうちに伝え、豊かさの循環を最も美しい形で完成させる
807,B,ソルフェジオ周波数において、最も効果的な実践のひとつは、周波数を聴く時間の長さよりも、聴く時間の質に集中することです。二時間を散漫に聴くよりも、十分間を完全な意識で受け取る方が、エネルギーフィールドへの浸透が遥かに深くなります。今日の実践の前に、スマートフォンの通知を全てオフにし、快適な姿勢を取り、今から十分間だけ完全に音だけに存在するという意図を設定してください。その十分間の質が、これまでのどの実践よりも深い変容をもたらすかもしれません。,私は今日、十分間だけを完全な意識で周波数に捧げることで、量よりも質の実践がもたらす最も深い浸透を今日体験する
808,C,豊かさの循環において、最も深い変容をもたらすのは、今日という一日を豊かさの視点から記録することです。今日何が入ってきましたか。お金だけでなく、知識、経験、笑い、出会い、学び、感動、これら全てが今日の収入です。今日何が出ていきましたか。お金だけでなく、エネルギー、時間、愛、これら全てが今日の支出です。今夜この記録をつけてみてください。豊かさを広く定義した帳簿が、欠乏の感覚を充足の認識へと変換する最も具体的な実践となります。,私は今夜、豊かさを広く定義した今日の収支記録をつけることで欠乏の感覚を充足の認識へと変換する実践を今日始める
809,D,ツインレイの旅において、最も精妙な洞察のひとつは、この旅における執着と愛の境界線を理解することです。執着は相手の存在に自分の幸福を依存させ、愛は相手の存在と共に自分の幸福を深めます。執着は相手の変化を脅威として体験し、愛は相手の変化を喜びとして体験します。今日、あなたの大切な人への感情の中で、執着の要素と愛の要素をそれぞれ観察してください。執着を見つけたことを批判せず、その執着の背後にある恐れをただ認識することが、愛への変容の最初の一歩です。,私は今日、大切な人への感情の中の執着と愛の要素をそれぞれ観察し、執着の背後の恐れを認識して愛への変容を始める
810,E,地球での統合ワークにおいて、最も見落とされている聖なる実践のひとつは、今日という一日の中で誰かの名前を呼ぶ時に、その名前を持つ存在への敬意を込めることです。誰かの名前を呼ぶことは、その人の存在を認識する最も基本的な行為です。今日、誰かの名前を呼ぶ瞬間に、その名前の背後にある固有の魂への敬意をほんの一瞬感じてください。その一瞬の敬意が、名前を呼ぶという日常の行為を最も根本的な愛の実践へと変容させます。名前は魂の扉を開く鍵です。,私は今日、誰かの名前を呼ぶ瞬間にその名前の背後にある固有の魂への敬意を感じ、日常を最も根本的な愛の実践とする
811,A,プレアデス評議会の叡智は、こう伝えています。あなたが今、最も強く感じている変化への渇望と現状への執着が同時に存在している矛盾は、魂の成長のプロセスにおいて最も重要な緊張のひとつであると。この矛盾を解消しようとしないでください。変化を望みながら変化を恐れる、この両方の声を同時に抱きながら、一日一日を誠実に生きることが、やがてその緊張を統合へと変容させます。今日はその矛盾をただ認め、どちらの声も正当な魂の声として尊重してください。,私は今日、変化への渇望と現状への執着という矛盾の両方の声を否定せず尊重することで、緊張を統合への道として今日歩む
812,B,人間の身体において、胸骨の上端と鎖骨の間に位置する喉の付け根は、第五チャクラと深く関連する部位であり、真実の表現への恐れが慢性的な緊張として蓄積する場所のひとつです。今日はこの部位に指先を優しく当て、深い呼吸とともに、この場所に蓄積した言いたかったのに言えなかった全ての言葉が、光に変換されていくイメージを持ってください。続けてゆっくりと頭を左右に傾ける動作を繰り返してください。この実践が真実の表現への回路を解放し、第五チャクラを活性化します。,私は今日、喉の付け根への意識と首の動きで言えなかった言葉を光に変換し、真実の表現への回路を今日解放する
813,C,宇宙銀行において、最も精妙な豊かさの原則のひとつは、今日感じた喜びを誰かと共有することで、その喜びが二倍以上に増幅されるということです。喜びを独り占めすることは、豊かさのエネルギーを内側に閉じ込めることです。共有された喜びは循環し、宇宙銀行の記録において最も高い配当を生む預金のひとつとなります。今日感じた小さな喜びをひとつ選び、誰かにシェアしてください。喜びのシェアは豊かさの最も自然で美しい表現であり、共有することでさらに豊かになります。,私は今日感じた小さな喜びをひとつ誰かと共有し、喜びの循環を通じて豊かさを二倍以上に増幅させる
814,D,魂の絆において、最も深い次元での共鳴を妨げる習慣のひとつは、誰かが感謝を表現した時に、謙遜の言葉でその感謝を跳ね返すことです。大したことではありませんという言葉は、相手の感謝の行為をその人の手元に返してしまいます。感謝を受け取ることは、相手の感謝の力を完全に受け入れるということです。今日誰かから感謝を受け取った時に、謙遜で跳ね返さず、ただありがとうございますという言葉で完全に受け取ってみてください。その受け取りが感謝の循環を完成させます。,私は今日、誰かからの感謝を謙遜で跳ね返さずただありがとうと完全に受け取ることで感謝の循環を今日完成させる
815,E,統合ワークにおいて、最も深い変容をもたらす実践のひとつは、今日という一日の中で最も自分らしくなかった瞬間と最も自分らしかった瞬間をそれぞれひとつずつ特定することです。この二つの比較が、あなたが日常の中でどれほど本質的な自分として在れているかの最も正直な指標となります。今夜、その二つの瞬間の条件を比べてください。何が違いましたか。誰といましたか。何をしていましたか。その違いが、明日より自分らしく在るための具体的な地図を今夜与えてくれます。,私は今夜、最も自分らしくなかった瞬間と最も自分らしかった瞬間を比べその違いから明日の具体的な地図を今夜受け取る
816,A,銀河文明の叡智において、あなたが今感じている深い孤独感の中にも、宇宙全体との繋がりへの扉が開いています。物理的な孤独は、魂が宇宙という最も広大な存在との一対一の対話へと招かれている時間です。今日その孤独の中に静かに座り、この孤独の空間に宇宙の意識がどのように流れ込んでいるかを感じてみてください。孤独の静けさの奥に、言葉を超えた繋がりの感覚が宿っています。その感覚に触れた瞬間に、あなたは最も広大な意味での繋がりの中にいます。,私は今日の孤独の静けさの奥に宇宙との一対一の対話の空間を見つけ、最も広大な繋がりの感覚に今日触れる
817,B,人間のエネルギーフィールドにおいて、特定の思考パターンが繰り返されるほど、そのパターンに対応する神経回路が強化されます。ネガティブな思考パターンは、繰り返すほどその回路が太くなり、ポジティブな思考パターンは、繰り返すほど高次との接続回路が強化されます。今日、繰り返し浮かぶ最もネガティブな思考パターンをひとつ特定してください。そのパターンが浮かぶたびに、そのパターンに反論するのではなく、全く異なる視点の思考に意識を切り替えてください。この切り替えが、新しい神経回路を今日から形成し始めます。,私は今日、繰り返すネガティブな思考パターンが浮かぶたびに全く異なる視点に意識を切り替え、新しい神経回路を形成する
818,C,豊かさの循環において、最も見落とされている豊かさの形式のひとつは、今日という一日に感じた安らぎです。安らぎとは、意識が現在の瞬間に完全に着地した状態です。その状態において、宇宙銀行との同調は最も完全になります。今日感じた安らぎの瞬間をひとつ思い出してください。その瞬間を再現してみてください。安らぎを感じる能力を育てることが、豊かさを受け取る器を最も確実に広げていきます。安らぎは怠惰ではなく、豊かさの最も純粋な受け取りの状態です。,私は今日感じた安らぎの瞬間を思い出して再現することで安らぎを感じる能力を育て、豊かさの受け取り器を今日広げる
819,D,ツインレイの旅において、最も深い洞察をもたらす実践のひとつは、この旅において自分が最も勇気を持った瞬間を振り返ることです。その勇気の瞬間は、大きな決断だけでなく、恐れを感じながらも真実を語った瞬間、自分の弱さを見せた瞬間、執着を手放す選択をした瞬間かもしれません。今日、その勇気の瞬間をひとつ特定してください。その瞬間への誇りを感じることで、自分の中に既に存在している勇気の証拠を確認できます。その証拠が、次の勇気への最も確かな土台となります。,私は今日、この旅で最も勇気を持った瞬間をひとつ特定してその誇りを感じ、次の勇気への最も確かな土台を今日確認する
820,E,地球での統合ワークにおいて、最も根本的でありながら最も見落とされる実践は、今日という一日を、昨日を超える必要はないという認識で始めることです。より多く成し遂げなければ、昨日より成長しなければ、という強迫的な自己超越の意識が、今日という一日を消耗の連続にします。今日は今日のあなたとして、今日にしかできないことを、今日のペースで行うだけで十分です。その十分さへの認識が、今日という一日を強迫から解放し、最も深い自己受容の実践となります。,私は今日、昨日を超える必要はないという認識で一日を始め、今日のあなたとして今日にしかできないことを今日のペースで行う
821,A,プレアデス高等評議会の記録者たちは、こう伝えています。あなたが今、最も強く感じている自分の可能性への疑いは、過去の失敗の記憶があなたの未来の可能性に影を落としているからであると。しかし過去の失敗は、未来の可能性の証明ではなく、当時の意識水準での最善の結果です。今日のあなたの意識水準は、あの失敗の時とは異なります。今日、その失敗の記憶をひとつ選び、当時のあなたは持っていなかったが今のあなたは持っている知恵をひとつ特定してください。その知恵の存在が、今日の可能性への信頼の基盤となります。,私は今日、過去の失敗が今日の可能性の証明ではなく、今は持っている知恵への感謝の証であることを確認し信頼を育てる
822,B,人間の身体において、脾臓の位置する左の脇腹から腋にかけてのラインは、感情的な過負荷が蓄積する重要な経路のひとつです。この部位の緊張が続くと、思考の過多と感情の消化不良として体感されます。今日は左腕を頭の上に伸ばしながら右側へゆっくりと体を傾け、左の脇腹から腋にかけてのラインを穏やかにストレッチしてください。その姿勢を保ちながら深い呼吸を五回行い、蓄積した思考のエネルギーが解放されていくイメージを持ってください。左の側面の解放が、感情と思考の流れを回復させます。,私は今日、左の脇腹から腋のラインをストレッチする実践で蓄積した思考の過多を解放し感情の流れを今日回復させる
823,C,宇宙銀行において、最も深い豊かさの変容をもたらす問いのひとつは、私は今日、何かを恐れからではなく喜びから選んだかという問いです。この問いを毎日持ち続けることで、恐れから行う選択と喜びから行う選択の比率が徐々に変化していきます。今夜、今日の選択のうちひとつを選び、それが恐れから来たか喜びから来たかを確認してください。恐れから来た選択を認識することは失敗ではなく、次に喜びを選ぶための練習の一歩です。この練習の積み重ねが宇宙銀行への申請の質を毎日高めます。,私は今夜、今日のひとつの選択が恐れか喜びかを確認し、次に喜びを選ぶための練習として今夜の観察を今日活かす
824,D,魂の絆において、最も深い次元での共鳴を生み出す体験のひとつは、誰かの人生の最も困難な時期に側にいることを選んだ体験です。その体験が関係に残した深さは、どんな喜びを共有した記憶にも勝ることがあります。今日、かつて誰かの困難な時期に側にいてくれた人のことを思い出してください。その人への感謝をまだ伝えていないならば、今日伝えてください。その感謝が届いた時に、ふたつの魂の間に流れる絆の深さが、再び確認されます。困難の中の同伴者への感謝は最も深い愛の言葉です。,私は今日、困難な時期に側にいてくれた人への感謝をまだ伝えていないならば今日伝え、最も深い絆を今日確認する
825,E,統合ワークにおいて、最も深い変容をもたらす実践のひとつは、今日という一日の中で最も自分が輝いた瞬間を、夜に意識的に思い出すことです。輝いた瞬間とは、壮大な成果の瞬間だけではありません。誰かに心から笑顔を向けられた瞬間、創造的なアイデアが浮かんだ瞬間、困難な状況で誠実を選んだ瞬間、これら全てが魂が輝いた瞬間です。今夜その瞬間をひとつ丁寧に思い出してください。その記憶が、自分の光への信頼を毎夜少しずつ深めていきます。,私は今夜、今日最も輝いた瞬間をひとつ丁寧に思い出すことで自分の光への信頼を毎夜少しずつ今日から深めていく
826,A,銀河の叡智は、こう記しています。あなたが今、最も強く感じている内側の騒がしさは、複数の異なる層の意識が同時に処理を求めているサインであると。思考の層、感情の層、身体の感覚の層、魂の層、これらが同時に異なる声を上げている状態です。今日、その騒がしさを静めようとするのではなく、どの層が最も大きく声を上げているかを識別してください。最も声の大きい層に最初に注意を向けることで、他の層も順次静まっていきます。騒がしさは、どの声を先に聴くかへの招待です。,私は今日の内側の騒がしさの中で最も大きく声を上げている層を識別し、その声に最初に注意を向けることで今日静けさを取り戻す
827,B,ソルフェジオ周波数において、最も効果的な実践のひとつは、特定の目的に合わせた聴き方の意図を事前に設定することです。今日の実践は細胞の修復のためですか、感情の解放のためですか、直観の活性化のためですか、宇宙との接続のためですか。その目的を一言で心の中に設定してから音を聴き始めることで、身体と意識は最初からその目的に向けて準備を整えます。今日の実践の前に、今日の周波数はこの目的のために使うという明確な意図を設定してください。意図が受け取りの精度を決定します。,私は今日の周波数の実践の前に明確な目的の意図を一言設定することで、身体と意識の準備を整え受け取りの精度を高める
828,C,豊かさの循環において、最も精妙な変容をもたらすのは、今日のあなたが使ったお金の全てに、そのお金がどこへ向かい、誰の生活を支えるかへの意識を持つことです。あなたが今日支払ったお金は、その先で誰かの労力に報い、誰かの生活を支え、更にその先の誰かへと流れていきます。この連鎖への意識が、支払いという行為を単なる消費から豊かさの循環への参加へと変容させます。今日ひとつの支払いを選び、そのお金が辿る連鎖を想像してみてください。,私は今日ひとつの支払いを選んでそのお金が辿る連鎖を想像することで、支払いを豊かさの循環への参加へと変容させる
829,D,ツインレイの旅において、最も精妙な成長の証のひとつは、相手への思いを感じた時に、その思いをすぐに行動に変換しようとする衝動が弱まることです。思いを感じることと、その思いを表現することの間に、一呼吸の間が生まれた時、その間に意識的な選択が入ることができます。今日、相手への思いが浮かんだ時に、すぐに行動するのではなく、その思いをただ感じる時間を一呼吸だけ設けてください。その一呼吸が、衝動からの行動を選択からの行動へと変容させる実践です。,私は今日、相手への思いが浮かんだ時にすぐ行動せず一呼吸だけ思いをただ感じることで衝動を選択へと変容させる
830,E,地球での統合ワークにおいて、最も見落とされている聖なる実践のひとつは、今日という一日の中で、最も美しいと感じた言葉をひとつ記録することです。誰かの口から出た言葉でも、本の中の言葉でも、ふと浮かんだ内側の言葉でも構いません。その言葉を記録することで、美しい言葉への感受性が日々高まり、言葉の持つ周波数への意識が育ちます。美しい言葉への感受性を育てることは、より高い周波数の言葉を選んで生きる能力を育てることと同じです。今日の最も美しい言葉を今夜記録してください。,私は今夜、今日出会った最も美しい言葉をひとつ記録することで言葉の周波数への感受性を毎日少しずつ今日から育てる
831,A,プレアデス評議会の叡智は、こう伝えています。あなたが今、最も強く感じている変化への疲れは、変化そのものへの疲れではなく、変化の過程での孤独への疲れである可能性があると。変化の旅は、その途中の孤独が最も重くのしかかります。今日、その孤独をただひとりで抱えている必要はありません。一人でも信頼できる誰かに、今あなたが変化の途中にいるという事実だけを伝えてください。その事実を誰かと共有した瞬間に、孤独が半分になります。変化の孤独を分かち合うことが、旅を続ける力の最も確実な補充源です。,私は今日、変化の途中にいるという事実を信頼できる誰かに伝えることで変化の孤独を分かち合い旅を続ける力を補充する
832,B,人間の身体において、手首の内側に位置する内関というツボは、心臓の経絡と深く関連し、感情的な不安定さと吐き気の解消に効果があるとされています。このツボへの刺激は、心臓チャクラの過剰な活性化を穏やかに調整し、感情の波を落ち着かせます。今日、強い感情の波を感じた時に、反対側の手の親指で手首の内側のくぼみを優しく押しながら、深い呼吸を三回行ってください。この即座の実践が感情の嵐を数十秒で穏やかにする体験をもたらします。内側の嵐を静める鍵が手首にあります。,私は今日、強い感情の波を感じた時に内関への刺激と三回の深呼吸で感情の嵐を穏やかに静める実践を今日使う
833,C,宇宙銀行において、最も見落とされている豊かさの原則のひとつは、豊かさはあなたが最も本物でいる状態で最も速く流れ込むということです。演じている時、誰かの期待に応えようとしている時、本来の自分を隠している時、豊かさの流れは細くなります。本物の自分でいる時、魂の引力が最も強くなり、宇宙銀行との同調が最も深くなります。今日、どの場面で最も本物の自分でいられますか。その場面を今日の中に意識的に作ってください。本物でいる時間を増やすことが豊かさへの最も確かな道です。,私は今日、最も本物の自分でいられる場面を意識的に作ることで魂の引力を高め宇宙銀行との同調を今日最も深める
834,D,魂の絆において、最も深い次元での変容をもたらす体験のひとつは、誰かがあなたのために時間を作ってくれた時に、その時間の価値を完全に受け取ることです。現代において時間は最も希少な資源のひとつです。誰かがあなたのために時間を割いてくれることは、その人の人生の一部をあなたに捧げてくれることです。今日、誰かがあなたのために時間を使ってくれた場面があれば、その時間への感謝をその人に具体的に伝えてください。時間という贈り物への感謝が関係の中に流れる愛を深めます。,私は今日、誰かがくれた時間への感謝を具体的に伝えることで時間という最も希少な贈り物への敬意を今日表現する
835,E,統合ワークにおいて、最も深い変容をもたらす問いのひとつは、私は今日、自分が本当に信じていることと異なることを口にしたかという問いです。この問いは、誠実さの実践のための問いです。今夜、今日の会話の中で、自分が本当に思っていないことを言った場面があったかを正直に振り返ってください。それを発見したとしても批判しないでください。ただ認識することが、明日の誠実さを一段階高めます。誠実さは完璧に行うものではなく、毎日少しずつ高めていくものです。,私は今夜、今日本当に思っていないことを口にした場面があったかを正直に振り返り、明日の誠実さを一段階高める
836,A,銀河文明の叡智において、あなたが今感じている深い直観の鋭さは、高次の存在たちとの接続回路が開いているサインです。その直観のシグナルを、今日一度だけ論理よりも先に信頼してみてください。直観が言っていることと、論理が言っていることが異なる場面があれば、今日はその場面で直観の側に従ってみてください。直観を信頼した結果への観察が、あなたの内なる羅針盤への信頼を育てます。一度の信頼が次の信頼を容易にし、羅針盤の精度が日々高まっていきます。,私は今日、直観と論理が異なる場面でひとつだけ直観の側に従い、内なる羅針盤への信頼を今日意識的に育てる
837,B,人間のエネルギーフィールドにおいて、暗闇の中での静寂は、光の環境とは異なる深さの内省をもたらします。光がある環境では外向きの意識が促されますが、暗闇の中では意識が自然と内側へと向かいます。今夜、就寝前に数分間だけ全ての光を消し、完全な暗闇の中に座ってみてください。最初は不快に感じるかもしれませんが、その不快を超えた先に現れる内側の静けさの中で、今日という一日の体験が自然と統合されていきます。暗闇は内省の最も古い聖域のひとつです。,私は今夜、就寝前に完全な暗闇の中で数分間座ることで内側の静けさを体験し今日という一日の体験を自然に統合させる
838,C,豊かさの循環において、最も精妙な真実のひとつは、今日のあなたが誰かに与えた愛が、宇宙の中を循環してやがて最も必要な形であなたの元へと戻ってくるということです。その戻り方はあなたの予測を超えた形であることがほとんどです。だからこそ、与えることへの期待を持つことなく、ただ与える喜びを選んでください。その喜びの純粋さが宇宙銀行への最も高い周波数の申請となります。今日愛を与えた後に感じる喜びを、その行為の完全な報酬として受け取ってください。,私は今日愛を与えた後の喜びをその行為の完全な報酬として受け取り、期待を手放した純粋な与えの喜びを今日生きる
839,D,ツインレイの旅において、最も深い洞察をもたらす問いのひとつは、この旅において自分が最も美しく成長したのはいつかという問いです。最も痛かった時期かもしれません。最も孤独だった時期かもしれません。最も諦めたくなった時期かもしれません。困難の中にこそ最も深い成長があるという認識が、現在の困難への視点を根本から変えます。今日、この旅の最も困難だった時期を思い出し、その時期があなたにもたらした成長をひとつ言語化してください。その言語化が感謝へと変容します。,私は今日、この旅の最も困難な時期がもたらした成長をひとつ言語化することで困難への感謝を生み出し視点を変える
840,E,地球での統合ワークにおいて、最も根本的でありながら最も見落とされる実践は、今日という一日の終わりに、今日のあなたを誰よりも深く見守っていた存在への感謝を送ることです。それは宇宙でも、守護の存在でも、あるいはあなた自身の最も深い部分でも構いません。今夜目を閉じる前に、今日一日あなたを見守り続けてくれた何かへの感謝を、言葉でなく感覚で送ってください。その感謝が今日という一日の体験を完結させ、明日という新しい一日への橋を今夜最も美しく架けます。,私は今夜目を閉じる前に今日一日見守り続けてくれた存在への感謝を感覚で送り今日を完結させ明日への橋を美しく架ける
841,A,プレアデス高等評議会の記録者たちは、こう伝えています。あなたが今、最も強く感じている先の見えなさは、地図のない道を最初に歩く者だけが持つ特権であると。先が見えることは、すでに誰かが歩いた道を歩んでいることを意味します。先が見えないことは、あなたが最初の足跡を刻んでいる証です。今日その見えなさを、失敗のサインではなく、固有の道を歩む先駆者の証として受け取ってください。次の一歩が見えなくても、今立っている場所を確かめ、今の一歩を踏み出してください。先は歩きながら見えてきます。,私は今日、先の見えなさを先駆者の証として受け取り、今立っている場所を確かめながら今の一歩を今日踏み出す
842,B,人間の身体において、後頭部の基底部から首の付け根にかけての深層筋群は、慢性的なストレスと精神的な過負荷が最も深く蓄積する部位のひとつです。この部位の緊張は、思考の停止困難、睡眠の質の低下、高次の受信感度の低下として体感されます。今日は仰向けに横たわり、両手を重ねて後頭部の付け根の下に置き、頭の重さをその手に委ねてください。その状態で深い鼻呼吸を十回行い、後頭部の深層筋が一呼吸ごとに少しずつ解放されていくイメージを持ってください。深層の解放が高次への扉を開きます。,私は今日、後頭部の深層筋を手の温もりと深呼吸で解放することで思考の停止と高次の受信感度の回復を今日促す
843,C,宇宙銀行において、最も見落とされている豊かさの真実のひとつは、今日のあなたがただ存在していることそのものが、この世界への最も根本的な貢献であるということです。あなたの存在が周囲の人々の意識場に影響を与え、あなたの笑顔が誰かの神経系を安らかにし、あなたの誠実さが世界の誠実さの総量を増やしています。今日、何も特別なことをしなくても、あなたが在ることで世界は豊かになっています。その認識が欠乏の感覚を根本から変え、宇宙銀行との最も深い同調を生みます。,私は今日ただ存在していることが世界への最も根本的な貢献であるという認識を受け取り、欠乏の感覚を根本から変える
844,D,魂の絆において、最も深い次元での成長をもたらす実践のひとつは、誰かと別れた後に、その出会いに感謝する時間を意識的に作ることです。どんなに短い出会いも、どんなに難しかった出会いも、何らかの形で今日のあなたを作るひとつの要素となっています。今日出会った人の中から一人を選び、その人との出会いがあなたの今日に何をもたらしたかを静かに問いかけてください。その問いへの答えが見つかった時、全ての出会いへの感謝が生まれ、明日の出会いへの開放性が高まります。,私は今日出会った人の中から一人を選び、その出会いが今日の自分に何をもたらしたかを問いその感謝を今日見つける
845,E,統合ワークにおいて、最も深い変容をもたらす問いのひとつは、私は今日、自分の身体を友人として扱ったかという問いです。友人に対して行うような配慮、友人への言葉のような優しさ、友人への感謝のような関心を、今日自分の身体に向けましたか。多くの人が身体を乗り物として扱い、不調の時だけ意識を向けます。今夜、今日の身体への扱いを正直に振り返ってください。もし友人への扱いとのギャップがあれば、明日そのギャップをひとつ縮める選択をしてください。,私は今夜、今日の身体への扱いを友人への扱いと比べ、そのギャップをひとつ特定して明日縮める選択を今夜誓う
846,A,銀河の叡智は、こう記しています。あなたが今、最も強く感じているこの世界への不信感は、世界への深い愛の裏返しであると。信じている者だけが、裏切られた時に不信を感じます。あなたの不信感の深さは、あなたが世界にどれほど深い信頼を向けてきたかの証明です。今日その不信感を、世界への愛を失った証拠として見るのではなく、深く愛することのできる魂の証として受け取ってください。傷ついた愛は、癒えた後により深く広い愛として開花します。,私は今日の世界への不信感を深く愛することのできる魂の証として受け取り、癒えた後に開花する愛の可能性を今日信じる
847,B,ソルフェジオ周波数において、741Hzと852Hzを組み合わせた実践は、意識の拡張と直観の深化を同じセッションで行う最も効果的なアプローチのひとつです。まず741Hzで五分間、身体の全ての滞りと毒素を意識の光が解放していくイメージを保ちながら聴いてください。次に852Hzへと移行し、第三の目の位置に深い藍色の光が灯り、直観の回路が鮮明に開いていくイメージとともに五分間受け取ってください。解放の後に直観の扉が開く、この順序が最も深い意識の拡張をもたらします。,私は今日741Hzで解放してから852Hzで直観を開く実践を行い、意識の拡張と直観の深化を今日同時に達成する
848,C,豊かさの循環において、最も精妙な変容をもたらすのは、今日という一日を豊かさの中で過ごしたという認識を夜に持つことです。今日豊かだったかどうかは、お金の量ではなく、体験の質によって決まります。今夜、今日感じた喜びを三つ、今日の学びをひとつ、今日出会った美しさをひとつ、合わせて五つを書き出してください。その五つが今日のあなたの真の豊かさの総量を示しています。この記録の習慣が、欠乏の視点から充足の視点へと意識を毎夜少しずつ変えていきます。,私は今夜、今日感じた喜びと学びと美しさを合わせて五つ書き出し欠乏から充足へと意識を毎夜変えていく習慣を今日始める
849,D,ツインレイの旅において、最も深い統合の段階に向かう時に起きる最も精妙な変化のひとつは、相手への祈りの質が変わることです。旅の初期の祈りは、相手と一緒になりたい、相手に変わってほしいという願いを含むことが多いです。成熟するにつれて祈りは、相手の魂の成長と幸福への純粋な願いへと変化します。今日、この旅の相手のために祈るとしたら、どのような祈りが自然に浮かびますか。その祈りの質が、あなたの愛の成熟の現在地を最も正直に示します。,私は今日、この旅の相手への祈りの質を観察することで愛の成熟の現在地を確認し次の深さへの道を今日感じ取る
850,E,地球での統合ワークにおいて、最も見落とされている聖なる実践のひとつは、今日という一日の中で最も笑った瞬間を夜に思い出すことです。笑いは魂の解放の最も自然な形のひとつであり、笑った瞬間にあなたの魂は最も自由に輝いています。今夜、今日最も笑った瞬間をひとつ丁寧に思い出してください。その笑いを引き出した何かへの感謝を感じてください。笑いの記憶を夜に呼び起こすことが、睡眠の質を高め、次の一日の魂の軽やかさを準備します。,私は今夜、今日最も笑った瞬間をひとつ思い出してその笑いへの感謝を感じ、睡眠の質と明日の魂の軽やかさを今夜準備する
851,A,プレアデス評議会の叡智は、こう伝えています。あなたが今、最も強く感じている自分の才能への疑いは、才能とは生まれつきの特別なギフトであるという誤解から来ていると。銀河の視点では、才能とは魂が最も喜んで繰り返す行為の中で自然に結晶化するものです。あなたが時間を忘れて没頭できること、行うたびにエネルギーが補充されること、それが才能の種です。今日その種をひとつ特定してください。その種を特定した瞬間に、才能への疑いは種への確信へと変わります。,私は今日、時間を忘れて没頭できることをひとつ特定することで才能の種を確認し才能への疑いを確信へと変える
852,B,人間の身体において、眉間から鼻の付け根にかけての部位は、慢性的な集中と精神的な緊張が蓄積する重要な部位のひとつです。この部位の緊張が続くと、思考の明晰さが低下し、第三の目の感受性も鈍化します。今日は両手の中指を眉間の中央に当て、優しい圧力とともに少しずつ上方向に向かってマッサージしてください。続けて眉の上縁に沿って指先を外側へと滑らせてください。この実践が前頭骨周辺の緊張を解放し、思考の明晰さと直観の感受性を同時に高めます。,私は今日、眉間から眉のラインのマッサージで前頭骨の緊張を解放し思考の明晰さと直観の感受性を今日共に高める
853,C,宇宙銀行において、最も深い豊かさの変容をもたらす問いのひとつは、私は今日、豊かさへの道で誰かの助けを受け取る準備ができているかという問いです。豊かさは常に人を通じて届きます。しかし助けを受け取ることへの抵抗が、豊かさの通路を塞ぐことがあります。今日、誰かからの助けの申し出があった時に、それを遠慮せずに受け取ってみてください。受け取ることへの罪悪感や負い目を感じるならば、その感情を観察してください。その感情が豊かさの受け取りへの最も根本的な障壁の姿です。,私は今日、誰かからの助けを遠慮せずに受け取ることを試み、受け取りへの罪悪感という豊かさの障壁の姿を今日確認する
854,D,魂の絆において、最も深い次元での共鳴を生み出す体験のひとつは、誰かと共に沈黙の中で何かを成し遂げることです。言葉を交わさずに共に同じ方向を向いて作業する時間、共に同じ音楽に没入する時間、共に同じ景色をただ見つめる時間、これらの沈黙の共有が言葉よりも深い次元での絆を育てます。今日、誰かとの沈黙の共有の機会を意識的に作ってください。言葉を補完として使いながらも、沈黙を主体とした時間の中に、最も深い繋がりが宿っています。,私は今日、誰かとの沈黙の共有の機会を意識的に作り言葉よりも深い次元での絆を今日育てる
855,E,統合ワークにおいて、最も深い変容をもたらす実践のひとつは、今日という一日に感じた全ての感情を、感情の気象として観察することです。感情は天気のように来ては去ります。雨が来ても、その雨があなたである必要はありません。あなたは雨を観察している意識です。今日の感情を気象として観察する実践が、感情に飲み込まれることなく感情を感じ切る能力を育てます。今夜、今日の感情の気象を一日の天気として記録してみてください。晴れ、曇り、嵐、この記録が自己観察の精度を高めます。,私は今夜、今日の感情を一日の天気として記録することで感情を観察する意識の精度を今日高め始める
856,A,銀河文明の叡智において、あなたが今感じている深い好奇心は、魂が次の学びへと準備を整えているサインです。好奇心のない魂は成長を求めていない魂です。今日感じた好奇心をひとつ特定してください。その好奇心が指し示していることについて、今日ひとつだけ調べるか試みるか体験してください。好奇心に従うことへの信頼が、魂の成長を最も自然な形で加速させます。今日の好奇心が明日の知恵の種であり、その種を今日蒔くことを宇宙は最も喜んで記録します。,私は今日感じた好奇心をひとつ特定してその方向へ一歩踏み出すことで魂の成長を最も自然な形で今日加速させる
857,B,人間のエネルギーフィールドにおいて、手足の指先は末梢神経系と経絡の終端が集中する最も重要な部位のひとつです。指先への刺激は全身の経絡を通じてエネルギーの流れを促し、末梢神経系を活性化させます。今日は両手の指を一本ずつ、反対側の手の親指と人差し指で優しく引っ張りながら軽くねじる動作を全指で行ってください。続けて足の指も同様に行ってください。この全指の刺激が全身の経絡を活性化し、エネルギーフィールドの末端まで流れを回復させます。,私は今日、全ての手足の指を丁寧に刺激することで全身の経絡を末端まで活性化しエネルギーフィールドの流れを回復する
858,C,豊かさの循環において、最も精妙な真実のひとつは、豊かさとは条件を満たした時に訪れるものではなく、豊かさの意識を選んだ瞬間に既にそこにあるものだということです。十分な収入があれば豊かになれるという条件付きの豊かさは、永遠に先送りされます。豊かさを選ぶとは、今この瞬間に既に豊かであるという意識の状態を選ぶことです。今日、豊かさへの条件をひとつ手放してください。その条件なしに豊かさを感じる実験を今日試みてください。条件のない豊かさが本物の豊かさです。,私は今日、豊かさへの条件をひとつ手放し条件のない豊かさを感じる実験を試みることで本物の豊かさを今日体験する
859,D,ツインレイの旅において、最も精妙な成長の証のひとつは、この旅を語る言葉が感情的な強度を失い、代わりに穏やかな確かさを帯びてくることです。旅の初期には感情的な言葉で語られていたことが、成熟とともに静かで確かな言葉で語られるようになります。これは冷淡になることではなく、感情が成熟したことの証です。今日、この旅について誰かに語る機会がなくても、心の中でこの旅について思う時の言葉の質を観察してください。その言葉の質が今日の成熟の場所を示しています。,私は今日、この旅について心の中で思う言葉の質を観察し感情的な強度から穏やかな確かさへの成熟の現在地を確認する
860,E,地球での統合ワークにおいて、最も根本的でありながら最も見落とされる実践は、今日という一日の中で、少なくとも一回は自分の心臓の鼓動に意識を向けることです。胸に手を当て、心臓の拍動を感じながら、この鼓動が今日も一度も止まることなく続いていることへの感謝を感じてください。一分間に約七十回、今日だけで約十万回の鼓動が、あなたに意識されることなく続いています。その鼓動への感謝が、生きることそのものへの最も根本的な感謝を呼び覚まし、全ての統合の実践の最も深い土台を作ります。,私は今日少なくとも一回胸に手を当て心臓の鼓動に意識を向けることで生きることへの最も根本的な感謝を今日呼び覚ます
861,A,プレアデス高等評議会の記録者たちは、こう伝えています。あなたが今、最も強く感じている迷いは、複数の正しい道が同時に存在していることを魂が知っているからであると。一つしか正しい道がなければ迷いは生まれません。今日の迷いは、あなたが複数の可能性を持つ豊かな存在である証です。今日その迷いをひとつ選び、どちらの道がより多くの恐れから来ているかを静かに識別してください。恐れから来る道と愛から来る道を識別する能力が育つほど、迷いの中での選択が明確になります。,私は今日の迷いの中でどちらが恐れから来る道でどちらが愛から来る道かを静かに識別し選択の明確さを今日育てる
862,B,人間の身体において、膝の内側の鵞足部と呼ばれる筋腱の付着部は、感情的なストレスが脚の疲労として蓄積する重要な部位のひとつです。この部位の緊張は、前進することへの恐れや変化への抵抗とエネルギー的に関連することがあります。今日は椅子に座り、膝の内側に両手を当て、温かい光がその部位に浸透し、前進への恐れが少しずつ解かれていくイメージを持ちながら深い呼吸を五回行ってください。この実践が変化への身体的な抵抗を穏やかに解放し、前進へのエネルギーを補充します。,私は今日、膝の内側に温かい光を送りながら深呼吸することで前進への恐れを解放し変化へのエネルギーを今日補充する
863,C,宇宙銀行において、最も見落とされている豊かさの原則のひとつは、今日のあなたの最も小さな行動が、宇宙の最も精妙な連鎖の中に組み込まれているということです。あなたが今日誰かに向けた温かい眼差しが、その人の一日を変え、その人が誰かを助け、その連鎖が見えない形で世界を動かしています。今日のあなたの最も小さな選択でさえ、宇宙の豊かさの循環に実際に影響を与えています。その認識が最も日常的な行為への意識を高め、全ての行為を豊かさの申請として機能させます。,私は今日の最も小さな行動が宇宙の精妙な連鎖の中にあるという認識を持ち全ての行為を豊かさの申請として今日機能させる
864,D,魂の絆において、最も深い次元での変容をもたらす体験のひとつは、長い間会っていなかった人と再会した時に、その人が変化していることへの喜びを感じることです。人は変化します。再会した時に、あの頃とは違うという感覚は当然のことです。その変化を惜しむのではなく、その人の魂が生き続けているという証として受け取ってください。今日、長い間会っていない誰かに連絡を取ってみてください。その再会への期待の中に、相手の変化への開放性を持ってください。,私は今日、長く会っていない誰かに連絡を取り再会への期待の中に相手の変化への開放性を持ちながら繋がりを今日回復する
865,E,統合ワークにおいて、最も深い変容をもたらす実践のひとつは、今日という一日に何度か、自分が今どこにいるかを身体の感覚で確認することです。頭の中の思考ではなく、足の裏が感じている地面の感触、手が触れているものの温度と質感、鼻が感じている空気の温度、これらの身体感覚への一瞬の意識が、散漫になっていた意識を現在の瞬間に確実に着地させます。今日一時間に一度だけ、この身体感覚への五秒間の意識を選んでください。その五秒が一日の質を根本から変えます。,私は今日一時間に一度だけ足の裏や手の感触など身体感覚への五秒間の意識を選び一日の質を根本から変える
866,A,銀河の叡智は、こう伝えています。あなたが今、最も強く感じている自分への愛のなさは、誰かに愛を与えすぎて内側が空になった状態のサインであると。器が空になった時に他者へ与え続けることは、愛ではなく消耗です。今日は、他者への愛を一時的に止めて、その愛の方向を自分自身へと向けてください。自分への愛が内側から満ちた時に、その溢れが他者への本物の愛となります。今日は自分への愛を補充することが、最も重要な使命です。,私は今日、他者への愛を一時停止して自分自身への愛を補充することで内側から満ちる愛の溢れを今日取り戻す
867,B,ソルフェジオ周波数において、五つの主要な周波数を一週間で使い切る計画的な実践は、エネルギーフィールドの体系的な調整をもたらします。月曜日は396Hz、水曜日は528Hz、金曜日は639Hz、という形で曜日ごとに周波数を固定することで、各周波数との関係が深まり、その周波数がもたらす変容が次の週には更に深く届くようになります。今日からこの計画的な実践を始めてみてください。規則性と継続が、単発の実践では届かない深さへの扉を開きます。,私は今日から曜日ごとに周波数を固定する計画的な実践を始め規則性と継続が開く深さへの扉を今週から開き始める
868,C,豊かさの循環において、最も精妙な変容をもたらすのは、今日のあなたが持っている不満のひとつを、その不満が指し示している願望へと変換することです。不満は隠れた願望の裏面です。仕事への不満は、より意味のある仕事への願望を、人間関係への不満は、より深い繋がりへの願望を示しています。今日感じている不満をひとつ選び、その不満が指し示している願望を言語化してください。言語化された願望は、宇宙銀行への明確な申請へと変換できます。不満を羅針盤として使ってください。,私は今日の不満をひとつ選んでその奥にある願望を言語化し、不満を宇宙銀行への明確な申請へと変換する今日の羅針盤とする
869,D,ツインレイの旅において、最も深い洞察をもたらす問いのひとつは、もし相手に何も期待しないとしたら、この関係に何が残るかという問いです。期待を全て取り除いた後に残るものが、この関係の本質です。愛への渇望が残りますか。純粋な関心が残りますか。それとも何も残りませんか。今日その問いと向き合い、期待を取り除いた後に残るものを正直に見てください。その答えが、この関係の本質的な価値を最も正直に教えてくれます。,私は今日、相手への全ての期待を取り除いた後に何が残るかを問い、この関係の本質的な価値を今日最も正直に確認する
870,E,地球での統合ワークにおいて、最も見落とされている聖なる実践のひとつは、今日という一日の中で、何かに深く没入する体験を意識的に作ることです。深い没入の状態、フローと呼ばれる状態において、自我の境界が溶け、意識は最も高次の状態へと移行します。その状態では時間の感覚が失われ、最も深い創造と統合が自然に起きます。今日、あなたが深く没入できる活動をひとつ選んでください。スマートフォンを遠ざけ、邪魔のない時間を確保し、完全にその活動だけに存在してください。,私は今日、深い没入のできる活動をひとつ選び邪魔のない時間を確保して完全にそこに存在することでフローの統合を体験する
871,A,プレアデス評議会の叡智は、こう伝えています。あなたが今、最も強く感じている時間の豊かさへの渇望は、魂が本来のリズムで動く自由を求めているサインであると。社会の時間軸に全て合わせて生きることで、魂の固有のリズムが失われています。今日、たとえ十五分でも社会の時間軸から外れた時間を作ってください。スマートフォンを見ず、予定を確認せず、ただ自分の感覚に従って動く時間です。その十五分の中で感じる自由の感覚が、魂の本来のリズムへの記憶を呼び覚まします。,私は今日、社会の時間軸から外れた十五分を意図的に作り、魂の固有のリズムへの記憶を今日呼び覚ます
872,B,人間の身体において、胸の左側に位置する心臓は、文字通りの意味での感情の中枢です。心臓の電磁場は感情の状態を全身に伝え、同時に外部の電磁場からの影響を最初に受け取ります。今日は左胸に右手を当て、心臓の鼓動を感じながら、あなたが今日最も感謝していることをその鼓動に乗せて宇宙へと送り出すイメージを持ってください。心臓が送り出す電磁波に感謝を乗せることで、感謝のエネルギーが物理的な意味で実際に外部へと放射されます。心臓は感謝の最強の送信機です。,私は今日、心臓の鼓動に感謝を乗せて宇宙へ送り出すイメージを持ち心臓を感謝の最強の送信機として今日機能させる
873,C,宇宙銀行において、最も深い豊かさの変容をもたらすのは、今日のあなたが誰かのために使った時間の全てが、宇宙銀行への最も高い利率の預金になるという認識です。金銭の投資は物質的な豊かさを生みますが、時間の投資は物質的な豊かさと精神的な豊かさを同時に生みます。今日あなたが誰かのために使った時間を振り返ってください。その時間への後悔があるならば、その後悔は宇宙銀行の豊かさの概念を狭く捉えている証拠です。誰かのための時間は最も豊かな投資です。,私は今日誰かのために使った時間を最も高い利率の豊かさの預金として認識し後悔ではなく感謝と誇りで今日受け取る
874,D,魂の絆において、最も深い次元での共鳴を生み出す時間のひとつは、共に何かの困難に向き合う時間です。喜びを共有することよりも困難を共有することの方が、魂の絆をより深い層に刻みます。今日、誰かが困難に向き合っている場面があれば、その人の困難を自分のこととして受け取らず、しかしその困難の前に共に立つ選択をしてください。その共に立つという姿勢が、言葉よりも深く相手の魂に届き、この人は私が困難な時にいてくれるという確信を作ります。,私は今日、誰かの困難の前に共に立つ選択をすることで言葉よりも深く届く絆の確信を相手の魂に今日刻む
875,E,統合ワークにおいて、最も深い変容をもたらす実践のひとつは、今日という一日に感じた感情の中で、最も表現することを避けた感情をひとつ特定することです。その感情の多くは、表現することで誰かを傷つけるかもしれないという恐れから抑圧されています。今夜、その感情を安全な形でひとつ表現してください。日記に書くことが最も安全であれば、それで構いません。表現の形式よりも、その感情が外側に出ることが重要です。抑圧された感情が解放されるほど、内側のエネルギーの流れが自由になります。,私は今夜、今日最も避けた感情をひとつ安全な形で表現することで内側のエネルギーの流れを解放し自由を今夜取り戻す
876,A,銀河文明の叡智において、あなたが今感じている深い責任感は、魂が大切にしているものへの愛の表れです。しかしその責任感が重さとして体験されるのは、責任を愛から引き受けているのではなく、恐れから引き受けている部分があるからです。今日、あなたが感じている責任のうちひとつを選び、それが愛から来ているか恐れから来ているかを静かに識別してください。愛から来ている責任はエネルギーを生み、恐れから来ている責任はエネルギーを消耗します。その識別が、責任の在り方を根本から変えます。,私は今日感じている責任のひとつが愛から来るか恐れから来るかを識別し責任の在り方を根本から変える一歩を今日踏む
877,B,人間のエネルギーフィールドにおいて、胸腺と呼ばれる胸骨の後ろに位置する免疫器官は、エネルギー的にも重要な機能を持ちます。胸腺への軽い叩打は、免疫系を活性化させるだけでなく、エネルギーフィールドの活力を即座に高める効果があるとされています。今日は胸骨の中央を優しく指先でコン、コン、コンと三回叩いてください。続けて深い腹式呼吸を三回行ってください。この三十秒の実践を一日に三回繰り返すことで、免疫系とエネルギーフィールドの活力を継続的に補充することができます。,私は今日、胸腺への軽い叩打と深呼吸を一日三回行い免疫系とエネルギーフィールドの活力を継続的に今日補充する
878,C,豊かさの循環において、最も精妙な真実のひとつは、今日のあなたが誰かに贈った最も美しい言葉が、その人の人生の中でいつか最も必要な時に思い出されるということです。言葉は届いた瞬間だけでなく、記憶として蓄積され、必要な時に呼び出されます。あなたが誰かに今日贈る言葉は、その人の人生の何年後かを支えるかもしれません。その可能性を意識しながら、今日誰かに贈る言葉を選んでください。その意識が言葉に深さと重さを与え、宇宙銀行への最も長期の豊かさの申請となります。,私は今日誰かに贈る言葉が何年後かのその人を支えるかもしれないという意識を持ち最も深く美しい言葉を今日選ぶ
879,D,ツインレイの旅において、最も精妙な成長の段階のひとつは、この旅についての全ての答えを求めることをやめることです。旅の初期には答えを求める意識が強く、全ての体験を解釈しようとします。しかし成熟するにつれて、解釈よりも体験そのものに価値があることが分かります。今日この旅について、答えを求める意識を一時的に手放してみてください。答えのない問いとともにただ在ることを選んでください。その選択が、解釈の層を超えた最も深い旅の体験への扉を今日開きます。,私は今日この旅の答えを求めることを一時的に手放し答えのない問いとともにただ在ることを選び最も深い体験の扉を開く
880,E,地球での統合ワークにおいて、最も根本的でありながら最も見落とされる実践は、今日という一日を、宇宙がその全歴史の中で唯一の機会としてあなたに贈ったという認識で受け取ることです。今日という日は、全く同じ配置の星、全く同じ人々の全く同じ状況、全く同じ意識の水準のあなたが存在する日として、宇宙の歴史の中で二度と訪れません。その唯一性への深い敬意が、今日という一日を最も丁寧に、最も深く生きる意欲の源泉となります。今日に敬意を払って生きてください。,私は今日という宇宙の歴史の中で唯一の日への深い敬意を持ち、その唯一性を感じながら今日を最も丁寧に深く生きる
881,A,プレアデス高等評議会の記録者たちは、こう伝えています。あなたが今、最も強く感じている自己批判の声は、あなたの本質的な声ではなく、過去に受けた厳しい評価が内側に住み着いたものであると。その声は長年繰り返されてきたために、まるで自分の声のように聞こえます。しかし、その声の口調を聴いてください。その声はあなたが最も大切にしている人に対して使う口調ですか。今日その声がひとつ浮かんだ時に、その口調を最も信頼できる友人に向けるような言葉に変換してください。その変換が、自己批判を自己理解へと変える最初の実践です。,私は今日の自己批判の声を、最も信頼できる友人に向けるような言葉へと変換することで自己批判を自己理解へと変える
882,B,人間の身体において、胸骨の右側から右腋にかけての部位は、小腸と大腸の経絡が通る重要なラインであり、感情的な消化と手放しの能力と深く関連しています。この部位の緊張は、過去の出来事への執着や感情的な処理の停滞として体感されます。今日は右腕を頭の上に伸ばしながら体を左側へゆっくりと傾け、右の脇腹から腋にかけてのラインを優しくストレッチしてください。その姿勢のまま深い呼吸を五回行い、手放せずにいた感情が穏やかに解放されていくイメージを持ってください。,私は今日、右の脇腹から腋のラインのストレッチで感情的な消化と手放しの能力を解放し執着を今日穏やかに手放す
883,C,宇宙銀行において、最も見落とされている豊かさへの道のひとつは、今日という一日の中で最も心が軽くなった瞬間を特定することです。その瞬間は、豊かさの周波数に最も近い状態のサンプルです。その軽さがどのような条件の下で生まれたかを特定することで、豊かさの磁場を作るための最も個人的な地図の一行が書かれます。今夜その瞬間を特定し、その条件を言語化してください。その言語化が、豊かさを感じる状態へのアクセス回路を強化し、その状態を明日より多く選べるようになります。,私は今夜、今日最も心が軽くなった瞬間の条件を言語化することで豊かさへのアクセス回路を強化し明日より多く選べる
884,D,魂の絆において、最も深い次元での変容をもたらす実践のひとつは、誰かが間違いを犯した時に、その間違いを指摘する前に、なぜその人がその選択をしたかを理解しようとすることです。指摘は理解なしに行われる時、相手の防衛を高め、関係を硬化させます。理解の後に行われる指摘は、愛から来るものとして相手の魂に届きます。今日、誰かの間違いを見た時に、指摘の前に一呼吸置き、その人がなぜその選択をしたかを想像してください。その一呼吸が関係の質を今日変えます。,私は今日、誰かの間違いを指摘する前に一呼吸置いてなぜその選択をしたかを想像することで関係の質を今日変える
885,E,統合ワークにおいて、最も深い変容をもたらす実践のひとつは、今日という一日を終えた後に、今日最も誠実だった瞬間と最も不誠実だった瞬間をそれぞれひとつずつ特定することです。最も誠実だった瞬間への誇りが、誠実さを選ぶ能力への自己信頼を育てます。最も不誠実だった瞬間への正直な認識が、明日の誠実さへの意図を強化します。批判ではなく観察として行うこの振り返りが、誠実さを毎日少しずつ深めていく最も確かな実践です。今夜その二つを特定してください。,私は今夜、今日最も誠実と最も不誠実だった瞬間を批判でなく観察として特定し誠実さを毎日深める今夜の実践を行う
886,A,銀河の叡智は、こう記しています。あなたが今、最も強く感じている何かへの執着は、その何かを失った時に自分が何者でなくなるかへの恐れから来ていると。しかしあなたの本質は、どんなものを失っても変わりません。地位を失っても、関係を失っても、健康を失っても、あなたの魂の本質は揺るぎなくそこにあります。今日その執着をひとつ選び、それを失った後にも変わらない自分の本質をひとつ特定してください。その本質への認識が、執着の恐れを根本から溶かします。,私は今日の執着をひとつ選びそれを失っても変わらない自分の本質を特定することで執着の恐れを根本から溶かす
887,B,ソルフェジオ周波数において、実践の深さをさらに高めるためのひとつの方法は、実践の前後に自分の身体の感覚を記録することです。実践前に感じている身体の緊張、感情の状態、思考の質を三つの言葉で書き留め、実践後にも同じ三つの側面を記録してください。この前後の比較が、その日使った周波数の身体への影響を最も正確に教えてくれます。その記録の積み重ねが、あなたにとって最も効果的な周波数と実践方法の個人的なデータベースを形成していきます。,私は今日の周波数実践の前後に身体と感情と思考の状態を三つの言葉で記録し個人的な効果のデータを今日蓄積し始める
888,C,豊かさの循環において、今日という日に特別な意味を与えてくれる一致があります。今日この三つの同じ数字の並びに意識が向いたならば、それは豊かさへの扉が今この瞬間に最も大きく開いていることの確認のサインとして受け取ってください。今この瞬間、あなたの豊かさへの意識はどこに向いていますか。欠乏に向いていますか、それとも充足に向いていますか。今この瞬間に充足への意識を選ぶことが、開かれた扉を最大限に活用することです。今を選んでください。,私は今この瞬間に充足への意識を選ぶことで豊かさへの扉が最も大きく開いているこの瞬間を今日最大限に活用する
889,D,ツインレイの旅において、最も深い洞察をもたらす実践のひとつは、この旅で最も傷ついた瞬間を、今の意識水準で見直すことです。当時のあなたには見えなかった相手の痛みや、当時の自分が持っていなかった理解が、今のあなたには見えているかもしれません。今日、この旅で最も傷ついた記憶をひとつ選び、今の意識水準でその出来事を見てください。新しく見えるものがひとつでもあるならば、その見えなかったものへの理解が、傷への癒しを今日深めます。,私は今日この旅で最も傷ついた記憶を今の意識水準で見直し新しく見えるものをひとつ特定して傷への癒しを今日深める
890,E,地球での統合ワークにおいて、最も見落とされている聖なる実践のひとつは、今日という一日の中で、自分の手で何かを作る体験を持つことです。料理でも、文章でも、絵でも、工作でも構いません。手を使って何かを形にする行為は、高次のビジョンを物質次元に着地させるという最も根本的な統合のプロセスを身体で体験させます。頭の中だけにある考えを、手を通して現実に形にすることが、最も古くから続く地球での統合ワークです。今日、手で何かをひとつ作ってください。,私は今日、手を使って何かをひとつ形にする体験を持つことで高次のビジョンを物質次元に着地させる統合を今日体験する
891,A,プレアデス評議会の叡智は、こう伝えています。あなたが今、最も強く感じている自分の声への疑念は、その声が正しくないからではなく、その声に従った時に起きる変化への恐れが、声を疑わせているのだと。魂の声は常に変容を求めます。そしてその変容には必ず何かの終わりが伴います。今日その疑念の奥にある恐れをひとつ特定してください。何の終わりを恐れていますか。その終わりが訪れることへの覚悟が、魂の声を信頼する能力を今日一段階高めます。,私は今日、内側の声への疑念の奥にある何の終わりを恐れているかを特定し、その覚悟を持つことで声への信頼を高める
892,B,人間の身体において、足の裏の土踏まずは腎臓と深く対応する反射区であり、同時に大地との最も直接的な接触点として、地球のエネルギーを身体に取り込む重要な受信部位です。今日は就寝前に、両足の土踏まずを親指で力強く押しながら円を描くようにマッサージしてください。その刺激が腎臓のエネルギーを補充し、同時に今日一日で受け取った地球のエネルギーを全身に統合させます。足の裏への意識が、腎臓という生命エネルギーの貯蔵庫を今夜満たし、明日への活力を今夜準備します。,私は今夜、足の裏の土踏まずをマッサージすることで腎臓のエネルギーを補充し明日への活力を今夜身体の深層から準備する
893,C,宇宙銀行において、最も精妙な変容をもたらすのは、今日のあなたが持っている最も深い感謝を、宇宙全体へと向けることです。特定の人への感謝でも、特定の出来事への感謝でも、今日のあなたが感じている最も深い感謝を、宇宙という最も広大な受け取り手へと向けてみてください。その感謝の方向を宇宙へと広げることで、感謝のエネルギーが宇宙全体と共鳴し、宇宙銀行への最も広い範囲に響く申請となります。今日、感謝の方向を最も広い意味での宇宙へと向けてください。,私は今日の最も深い感謝を宇宙全体へと向けることで感謝のエネルギーを宇宙と共鳴させ最も広い申請を今日届ける
894,D,魂の絆において、最も深い次元での愛の実践のひとつは、誰かへの愛を感じた瞬間に、その愛を相手に伝えるかどうかに関わらず、ただその愛の感覚を完全に感じ切ることです。愛を感じることと、それを伝えることは別の行為です。まず感じること、その感じることの完全さが、伝える言葉の深さを決定します。今日誰かへの愛を感じた瞬間があれば、すぐに言葉や行動に変換しようとする前に、その感覚を三十秒だけ完全に感じてください。感じ切った愛が最も深く伝わります。,私は今日誰かへの愛を感じた瞬間に言葉にする前の三十秒間その感覚を完全に感じ切り、感じ切った愛を今日最も深く伝える
895,E,統合ワークにおいて、最も深い変容をもたらす問いのひとつは、私は今日、自分の本質的な価値を証明しようとしたか、それとも表現しようとしたかという問いです。証明しようとする行為は恐れから来て、表現しようとする行為は愛から来ます。証明は外側の評価を必要とし、表現は内側の充足から溢れます。今夜、今日の自分の行動のひとつを選び、それが証明から来たか表現から来たかを正直に確認してください。表現の割合を少しずつ増やすことが、魂の最も深い開放への道です。,私は今夜、今日の行動のひとつが証明から来たか表現から来たかを正直に確認し表現の割合を増やす意図を今夜設定する
896,A,銀河文明の叡智において、あなたが今感じている深い感謝の中には、全ての体験が最終的には成長のための設計であるという認識が宿っています。今日まで歩んできた全ての道、喜びも痛みも、成功も失敗も、出会いも別れも、全ての体験が今日のあなたを作るために必要な要素でした。その全体への深い感謝を感じてください。今日という日に至るまでの全ての体験への感謝が、今日のあなたを全体として受け取る最も完全な自己愛の形です。全ての過去に感謝してください。,私は今日まで歩んできた全ての体験に喜びも痛みも含めて深い感謝を感じることで最も完全な自己愛を今日体験する
897,B,人間のエネルギーフィールドにおいて、冷たい水への短時間の暴露は、交感神経系を一時的に活性化させた後に、副交感神経系への強い切り替えをもたらし、神経系のリセット効果をもたらします。今日の朝のシャワーの最後に、十五秒から三十秒だけ冷水を浴びてください。最初は強い抵抗を感じますが、その抵抗を越えた後に感じる活力と明晰さが、エネルギーフィールドの即座のリセット効果の体験です。毎朝のこの実践が、神経系の弾力性を高め、感情の回復力を根本から強化します。,私は今朝のシャワーの最後に十五秒の冷水を選ぶことで神経系のリセット効果を体験し感情の回復力を根本から強化する
898,C,豊かさの循環において、最も精妙な真実のひとつは、豊かさへの道において、今日のあなたが最も力を発揮できる状態にあることが、最も重要な豊かさの条件であるということです。病んでいる心や疲弊した身体では、どんなに豊かさへの意図を持っていても、その力が最大限に発揮されません。今日、あなたが最も良い状態でいるために必要なことをひとつ選んでください。それが睡眠でも、休息でも、喜びでも、自分のための時間でも構いません。最高の状態が最高の豊かさへの申請を生みます。,私は今日、自分が最も良い状態でいるために必要なことをひとつ選ぶことで最高の申請を生む土台を今日意識的に整える
899,D,ツインレイの旅において、最も深い洞察をもたらす問いのひとつは、この旅において自分が最も守ろうとしているものは何かという問いです。自分のプライドですか、過去の傷への防衛ですか、この旅の概念への執着ですか、それとも本当の意味での自己ですか。守ろうとしているものの中で、本当に守る必要があるものとそうでないものを識別することが、この旅における最も根本的な自由への扉を開きます。今日その問いと静かに向き合ってください。,私は今日この旅で最も守ろうとしているものが本当に守る必要があるかどうかを静かに問い最も根本的な自由への扉を開く
900,E,地球での統合ワークにおいて、最も根本的でありながら最も見落とされる実践は、今日という一日を生きたあなたへの、深い労いです。今日、あなたはこの地球で人間として生き続けました。それは当たり前のように見えて、宇宙的な視点から見れば最も重要な使命の遂行です。今夜目を閉じる前に、今日も生きてくれてありがとうと、自分自身に向けて伝えてください。その言葉が今日という一日を完全に受け取り、明日への最も温かく最も深い橋を今夜架けます。あなたは十分に頑張りました。,私は今夜目を閉じる前に今日も生きてくれてありがとうと自分自身に伝え今日を完全に受け取り明日への最も温かい橋を架ける
901,A,プレアデス高等評議会の記録者たちは、こう伝えています。あなたが今、最も強く感じている自分の選択への後悔は、今の意識水準で過去の選択を裁いているからであると。しかし過去のあなたは、今のあなたが持っている知恵を持っていませんでした。その知恵は、まさにその選択を経験することで得られたものです。今日、最も後悔している選択をひとつ選んでください。その選択がなければ今日あなたが持っている知恵のうちどれを失っていたかを特定してください。その知恵への感謝が後悔を学びへと錬金します。,私は今日の後悔をひとつ選びその選択がもたらした知恵を特定することで後悔を学びへと錬金し魂の成長として受け取る
902,B,人間の身体において、肩と首の境界部に位置する肩井というツボは、全身のエネルギーの流れを調整する最も重要な経穴のひとつです。現代人の多くがこの部位に慢性的な緊張を持っており、それが頭部への血流低下と感情的なストレスの蓄積として体感されます。今日は反対側の手の親指でこのツボを、肩と首の境界の最も高い部分に当て、息を吐きながら優しく圧力を加えてください。左右両方で一分間ずつ行うことで、全身のエネルギーの詰まりが解放され、頭部への血流と感情の流れが同時に回復します。,私は今日、肩井への丁寧な刺激で全身のエネルギーの詰まりを解放し頭部への血流と感情の流れを今日同時に回復させる
903,C,宇宙銀行において、最も見落とされている豊かさの原則のひとつは、今日のあなたが最も情熱を持って行える仕事が、最も豊かさを生む仕事であるということです。情熱から行われる仕事はエネルギーが補充されながら進み、義務から行われる仕事はエネルギーが消耗しながら進みます。同じ時間でも、情熱から行われた仕事の方が遥かに深い価値を生み、宇宙銀行への申請として高く記録されます。今日、あなたが最も情熱を持って取り組める仕事のひとつに、最も多くの時間を与えてください。,私は今日、最も情熱を持って取り組める仕事に最も多くの時間を与えることで宇宙銀行への最も高い申請を今日行う
904,D,魂の絆において、最も深い次元での成長をもたらす体験のひとつは、誰かの言葉や行動に強く傷ついた後に、その傷を抱えながらも対話を続けることを選ぶことです。傷ついたまま逃げることも、傷を抑圧して表面だけ続けることも、どちらも対話の深さを制限します。傷を認識しながらも、その傷を対話の中に持ち込む勇気が、関係を最も深い層から変容させます。今日傷ついた場面があれば、その傷を否定せずに認めながら、対話を続けることを選んでみてください。,私は今日傷ついた場面があれば、その傷を否定せずに認めながらも対話を続けることを選び関係を深い層から変容させる
905,E,統合ワークにおいて、最も深い変容をもたらす実践のひとつは、今日という一日に感じた美しさを、五感それぞれについてひとつずつ特定することです。今日見た最も美しいもの、今日聞いた最も美しい音、今日嗅いだ最も心地よい香り、今日触れた最も温かな感触、今日味わった最も豊かな味、これら五つの美しさへの感謝が、五感の感受性を全て同時に磨きます。今夜その五つを特定してください。感受性の向上が高次の受信感度を直接高めます。,私は今夜、五感それぞれで今日感じた最も美しいものをひとつずつ特定し感受性を全て同時に磨くことで高次の受信感度を高める
906,A,銀河の叡智は、こう記しています。あなたが今、最も強く感じているこの旅への疑問は、旅が間違っているのではなく、旅をより深く理解しようとする魂の誠実さの表れであると。疑問を持てない旅は、盲目的な旅です。疑問を持ちながら進む旅が最も深い目覚めをもたらします。今日感じている最も根本的な疑問をひとつ書き出してください。答えを求めず、ただその疑問の重さと深さをそのまま感じてください。深い疑問を保持できる意識が、銀河的な成熟の最も確かな証です。,私は今日の最も根本的な疑問をひとつ書き出し答えを求めず疑問の重さをそのまま感じることで銀河的な成熟を今日深める
907,B,ソルフェジオ周波数において、実践の最後に必ず行うべき重要なステップのひとつは、統合の時間を設けることです。周波数を聴き終わった直後に、すぐに日常の活動に戻るのではなく、二分間だけ目を閉じたまま静かに横たわってください。その二分間に、聴いた周波数が細胞の最も深い層まで浸透し、定着する時間を与えてください。周波数の効果は聴いている間ではなく、聴き終わった後の静寂の中で最も深く定着します。この二分間の統合の時間が、実践全体の深さを完成させます。,私は今日の周波数実践の後に二分間の統合の静寂を設けることで実践の効果を最も深い細胞の層まで今日定着させる
908,C,豊かさの循環において、最も精妙な変容をもたらすのは、今日のあなたが持っている豊かさを、宇宙全体の豊かさの一部として認識することです。あなたの豊かさは孤立した状態ではなく、宇宙全体の豊かさの流れの中の一節です。その認識が、豊かさを独占するのではなく循環させることへの自然な動機を生みます。今日あなたが受け取った豊かさのひとつを選び、その豊かさを宇宙全体の流れの中に位置づけてください。その位置づけが、豊かさとの関係を個人的な所有から宇宙的な参加へと変えます。,私は今日受け取った豊かさをひとつ選び宇宙全体の流れの中に位置づけることで所有から宇宙的な参加への変化を今日体験する
909,D,ツインレイの旅において、最も精妙な成長の段階のひとつは、この旅における自分の影、つまり最も認めたくない側面と向き合うことです。相手はしばしばあなたの影を最も鮮明に映す鏡として機能します。相手への最も強い批判の中に、自分の影への最も重要な洞察が隠れています。今日、この旅で相手に感じる最も強い批判をひとつ選んでください。その批判の言葉を自分に向けた時に、どの部分が当てはまるかを正直に探してください。影との対話が最も深い統合をもたらします。,私は今日この旅で相手への最も強い批判をひとつ選び自分に向けることで影との対話を始め最も深い統合への扉を開く
910,E,地球での統合ワークにおいて、最も見落とされている聖なる実践のひとつは、今日という一日の中で、最も当たり前だと思っていることへの感謝を見つけることです。今日も空気があったこと、今日も重力があったこと、今日も地球が回り続けたこと、これらの最も当たり前の事実は、宇宙の精妙な設計によって維持されている奇跡です。今日、最も当たり前だと思っていることをひとつ選び、それが奇跡として維持されていることへの深い感謝を感じてください。当たり前への感謝が最も深い豊かさの土台です。,私は今日、最も当たり前だと思っていることをひとつ選んでそれが奇跡として維持されていることへの深い感謝を今日感じる
911,A,プレアデス評議会の叡智は、こう伝えています。あなたが今、最も強く感じている自分への失望は、内側の高い基準と外側の現実のギャップへの認識であると。そのギャップを感じる能力そのものが、既に成長の証です。ギャップを感じない人は、成長していません。今日そのギャップをひとつ選び、そのギャップを埋めるために今日できる最も小さな一歩を選んでください。一段階ずつ、一歩ずつのギャップの縮小が、最も着実な魂の成長の軌跡を作ります。,私は今日感じる内側の基準と外側の現実のギャップをひとつ選び最も小さな一歩でそのギャップを今日少し縮める
912,B,人間の身体において、仙骨の後面に直接触れることは、最も根本的なグラウンディングの実践のひとつです。仙骨は脊椎の根元にあり、根のチャクラのエネルギーと最も直接的に対応する骨格構造です。今日は床か椅子に仙骨を当てて座り、その骨が大地に接続されているという感覚を意識的に感じてください。同時に、尾骨から大地へと深く根が伸びていくイメージを持ち、深い腹式呼吸を十回行ってください。この実践が根のチャクラのエネルギーを今日補充し、全ての上位チャクラの安定を支えます。,私は今日、仙骨を地面に意識的に接触させ大地への深い根のイメージと腹式呼吸で根のチャクラを今日根本から補充する
913,C,宇宙銀行において、最も深い豊かさへの道のひとつは、今日のあなたが行う全ての選択において、この選択は豊かさへの道を開くかどうかを一瞬問うことです。これは豊かさへの強迫的な追求ではなく、豊かさの意識を日常の選択の中に自然に統合する実践です。今日の最も小さな選択にこの問いを適用してみてください。食べるものを選ぶ時、言葉を選ぶ時、時間の使い方を選ぶ時に、この問いが豊かさへの感覚を日常に編み込んでいきます。,私は今日の最も小さな選択にこの選択は豊かさへの道を開くかと問うことで豊かさの意識を日常に今日自然に統合する
914,D,魂の絆において、最も深い次元での変容をもたらす体験のひとつは、誰かに対して長期間感じてきた感情のパターンが、ある日突然変化する瞬間です。ずっと苦手だった人が急に理解できるようになる瞬間、ずっと当然だと思っていた人への感謝が突然溢れる瞬間、これらは魂の層での統合が完了したサインです。今日、長期間感じてきた誰かへの感情が変化した瞬間を経験しているならば、その変化を大切に受け取ってください。その変化があなたの魂の成熟の最も具体的な証拠です。,私は今日、誰かへの感情が変化した瞬間があれば魂の層での統合完了のサインとして大切に受け取り魂の成熟を確認する
915,E,統合ワークにおいて、最も深い変容をもたらす実践のひとつは、今日という一日をひとつの物語として語るとしたら、どのような物語として語るかを夜に想像することです。被害者の物語ですか、英雄の物語ですか、学習者の物語ですか、それとも愛の実践者の物語ですか。どの物語を選ぶかは今から変えることができます。今日残りの時間をどの物語の主人公として生きるかを、今この瞬間に選んでください。物語の選択が、残りの時間の体験の質を今すぐ変えます。,私は今日という一日の残りの時間をどの物語の主人公として生きるかを今この瞬間に選び体験の質を今すぐ変える
916,A,銀河文明の叡智において、あなたが今感じている深い平静さは、魂が嵐の目の状態にある証です。外側でどんなに混乱が起きていても、内側の中心が揺るがない状態は、最も高度な霊的な成熟の表れのひとつです。今日その平静さを意識的に認識してください。そして困難な状況に直面した時に、意識的にその平静さの中心へと戻る実践を行ってください。嵐の目という安定した中心を保ち続ける能力が、この時代に地球で生きる最も重要な使命のひとつです。,私は今日の内側の平静さを意識的に認識し困難な状況でその中心へと戻る実践を繰り返すことで嵐の目を今日保ち続ける
917,B,人間のエネルギーフィールドにおいて、金色の光の視覚化は、太陽のエネルギーと最も深く共鳴する波長に対応しており、エネルギーフィールドの外層を強化し保護する効果があるとされています。今日は目を閉じて、全身が金色の光で包まれているイメージを五分間保ってください。その金色の光があなたのエネルギーフィールドの境界を明確にし、外部の不要なエネルギーを反射しながら、宇宙からの高次のエネルギーだけを選択的に受け取る膜として機能するイメージを持ってください。,私は今日、全身を包む金色の光の五分間の視覚化でエネルギーフィールドの境界を強化し高次のエネルギーを選択的に受け取る
918,C,豊かさの循環において、最も精妙な真実のひとつは、今日のあなたが誰かに与えた喜びが、その人の人生に残り続けるということです。喜びは受け取った瞬間に消えるのではなく、その人の記憶の中に豊かさとして蓄積されます。あなたが今日誰かに与えた笑顔、温かい言葉、思いやりのある行為、これら全てがその人の豊かさの記憶として残り続けます。今日誰かに喜びをひとつ与えてください。その喜びがいつかその人の最も困難な時期の光となるかもしれないという認識で与えてください。,私は今日誰かにひとつの喜びを与えることがいつかその人の光となるかもしれないという認識を持ちながら与えることを選ぶ
919,D,ツインレイの旅において、最も深い洞察をもたらす実践のひとつは、この旅の全てのチャプターを俯瞰した時に、一貫して存在するテーマを特定することです。出会いも、離れる時期も、再会も、困難も、全ての章を貫く一つのテーマが見えてくる時、その旅の銀河的な設計の精妙さが初めて全体として見えます。今日、この旅の全てのチャプターを心の中で振り返り、どのようなテーマが一貫して流れているかを静かに探ってください。そのテーマが旅の本質的な使命を示しています。,私は今日この旅の全てのチャプターを俯瞰し一貫して流れるテーマを静かに探ることで旅の本質的な使命を今日感じ取る
920,E,地球での統合ワークにおいて、最も根本的でありながら最も見落とされる実践は、今日という一日の全てをただ受け取り、それ以上でも以下でもなく、今日を今日として完結させることです。もっとできたという後悔も、もっと良かったという改善も、明日へと持ち越してください。今日はただ今日で完結しています。今夜目を閉じる前に、今日という一日全体を、これで良かったという感覚で受け取ってください。その受け取りが今日を完成させ、明日という新しい白いページを今夜最も美しく用意します。,私は今夜、今日という一日全体をこれで良かったという感覚で受け取り今日を完成させ明日という白いページを今夜美しく用意する
921,A,プレアデス高等評議会の記録者たちは、こう伝えています。あなたが今、最も強く感じている生きることへの倦怠は、魂が現在の在り方の層を脱ぎ捨てようとしている直前の収縮のサインであると。木が葉を落とす前に、その葉が最も輝くように、あなたが今手放そうとしているものは、手放される直前に最も重くのしかかります。今日その倦怠の中で、何が重さとして感じられるかをひとつ特定してください。その重さが手放されようとしているものの正体を示しています。手放しの前の重さを、変容の予告として今日受け取ってください。,私は今日の倦怠の中で重さとして感じるものを特定し、それが手放されようとしているものの正体と気づき変容の予告として受け取る
922,B,人間の身体において、腎臓の上部に隣接する副腎は、ストレス反応の中枢として機能しており、慢性的なストレスによる副腎疲労が現代人の最も一般的なエネルギー枯渇の原因のひとつです。今日は腰の後ろに温かいものを当てながら、吸う息とともに副腎の位置に宇宙の生命エネルギーが流れ込み、吐く息とともにそのエネルギーが全身に広がっていく感覚を受け取ってください。この意識的な補充の実践が、副腎の慢性的な疲労を少しずつ解放し、根本的な活力の回復を促します。,私は今日、腰への温もりと深呼吸で副腎に宇宙の生命エネルギーを補充することで慢性的な疲労を解放し活力を今日取り戻す
923,C,宇宙銀行において、最も精妙な豊かさの原則のひとつは、今日のあなたが最も深く楽しんだことが、宇宙銀行への最も自然な申請になるということです。楽しみとは魂が本来の状態に最も近い時に発する周波数であり、その周波数が宇宙銀行との最も完全な同調を生みます。今日、純粋に楽しんだことをひとつ特定してください。その楽しみへの感謝が、明日更なる楽しみを引き寄せる磁場を形成します。楽しむことへの罪悪感を手放してください。喜びは贅沢ではなく豊かさへの最も真っ直ぐな道です。,私は今日純粋に楽しんだことをひとつ特定してその楽しみへの感謝を感じ、喜びを豊かさへの最も真っ直ぐな道として今日選ぶ
924,D,魂の絆において、最も深い次元での成長をもたらす体験のひとつは、誰かとの間に生まれた誤解を、時間が経つ前に解こうとすることです。誤解は時間とともに層を積み重ね、やがて硬い壁となります。誤解が生まれた日のうちに、あるいはせめて翌日のうちに、その誤解に向き合う勇気が、関係の中の壁を作らないための最も重要な習慣です。今日誰かとの間に誤解があると感じるならば、今日その誤解に向き合う最初の一言を選んでください。その一言が壁の建設を今日止めます。,私は今日誰かとの誤解があると感じるならば今日その誤解に向き合う最初の一言を選ぶことで壁の建設を今日止める
925,E,統合ワークにおいて、最も深い変容をもたらす実践のひとつは、今日という一日の中で、自分の呼吸に意識を向けた回数を増やすことです。呼吸は今この瞬間への最も確実なアンカーです。一時間に一度、三回の深呼吸とともに今ここに在るという意識を選ぶだけで、その日の意識の質が根本から変わります。今日からこの実践を始めてください。スマートフォンのリマインダーを使っても構いません。呼吸への意識が習慣化するほど、現在の瞬間に生きる能力が毎日少しずつ深まります。,私は今日から一時間に一度三回の深呼吸と今ここに在るという意識を選ぶ習慣を始め現在に生きる能力を毎日深めていく
926,A,銀河の叡智は、こう記しています。あなたが今、最も強く感じている誰かへの怒りの中に、その人への最も深い愛の痕跡が宿っていると。愛したことのない人には傷つけられません。今日その怒りの背後にある愛の痕跡を探してください。かつてその人に向けていた愛の記憶が、怒りという形を借りて今も生き続けています。その愛の痕跡への認識が、怒りを悲しみへ、悲しみを理解へ、理解を癒しへと変容させる連鎖を今日始めます。怒りは愛が姿を変えたものです。,私は今日の誰かへの怒りの背後にある愛の痕跡を探し、怒りを悲しみから理解そして癒しへと変容させる連鎖を今日始める
927,B,ソルフェジオ周波数において、最も深い実践のひとつは、特定の周波数を聴きながら、その周波数の振動が自分の最も古い細胞の記憶に届いているというイメージを保つことです。人間の身体の細胞には、世代を超えた記憶が刻まれており、その記憶の最も深い層への働きかけが、エピジェネティックな変容をもたらすとされています。今日の実践において、周波数の振動がDNAの螺旋の最も奥深くまで届き、世代を超えた古い記憶を更新しているというイメージを持ってください。,私は今日の周波数実践で振動がDNAの最も奥深くに届き世代を超えた古い記憶を更新しているイメージを保ち変容を深める
928,C,豊かさの循環において、最も見落とされている豊かさの形式のひとつは、今日のあなたが感じた好奇心です。好奇心は魂が拡張しようとしているサインであり、その拡張がやがて豊かさへの新しい道を開きます。今日感じた好奇心をひとつ特定してください。その好奇心に今日少しだけ従ってみてください。好奇心に従うことへの信頼が、宇宙銀行への最も창意에 넘치는 申請となります。好奇心の方向に豊かさへの扉があります。好奇心を贅沢として扱わず、豊かさへの投資として扱ってください。,私は今日感じた好奇心をひとつ特定してその方向に少し従うことで豊かさへの扉への投資を今日行う
929,D,ツインレイの旅において、最も深い洞察をもたらす問いのひとつは、この旅において自分が最もコントロールしようとしてきたことは何かという問いです。相手の感情のコントロール、旅のタイミングのコントロール、結果のコントロール、あるいは自分の感情のコントロールさえもが、実はコントロールではなく抑圧であることがあります。今日その問いと向き合い、最もコントロールしようとしてきたものをひとつ特定してください。そのコントロールを今日手放すことが、旅の最も大きな自由への扉を開きます。,私は今日この旅で最もコントロールしようとしてきたものをひとつ特定してそれを今日手放すことで最大の自由への扉を開く
930,E,地球での統合ワークにおいて、最も見落とされている聖なる実践のひとつは、今日という一日の中で、誰かのために完全に無償で何かをする時間を作ることです。見返りを期待しない、記録に残らない、誰にも知られない形での奉仕が、魂の最も高い周波数を生みます。その行為の最中に感じる静かな満足感と喜びが、高次のエネルギーとの接続が最も深まった状態のサインです。今日その機会を意識的に探してください。見えない奉仕の積み重ねが、最も深い統合をもたらします。,私は今日、誰にも知られない形での無償の奉仕の機会を意識的に探し、その最中の静かな満足感を通して高次との接続を深める
931,A,プレアデス評議会の叡智は、こう伝えています。あなたが今、最も強く感じている自分の固有性への疑念は、この世界があなたを誰かと比較することで形成された誤った自己認識から来ていると。銀河の記録においてあなたの固有性は、宇宙の歴史の中で唯一のパターンとして存在しています。同じ遺伝子、同じ体験、同じ意識を持つ存在は宇宙のどこにも存在しません。今日その唯一性をただ感じてください。比較という概念が意味を失う感覚が現れた時、あなたは自分の本質に最も近い場所にいます。,私は今日、宇宙で唯一のパターンとして存在する自分の固有性をただ感じることで比較という概念を超えた本質に近づく
932,B,人間の身体において、足の指の付け根から指先にかけての部位は、頭部と心臓の反射区が集中しており、足の指への意識的な刺激が頭蓋骨の緊張を解放し、心臓の血流を促進します。今日は椅子に座り、片方の手で全ての足の指をまとめて掴み、ゆっくりと前後に曲げ伸ばしする動作を繰り返してください。左右両足で行うことで、頭部の緊張と心臓のエネルギーが同時に解放されます。足の指への意識が、頭と心臓という最も重要な二つの器官のエネルギーを今日整えます。,私は今日、足の指の曲げ伸ばしで頭部の緊張と心臓のエネルギーを同時に解放し最も重要な二つの器官を今日整える
933,C,宇宙銀行において、最も深い豊かさの変容をもたらすのは、今日のあなたが最も意味を感じた行為をひとつ振り返ることです。意味のある行為とは、あなたの魂が最も喜ぶ方向での行動です。その行為を特定することで、あなたの魂の引力の方向が明確になります。宇宙銀行への最も高い申請は、魂の引力の方向での行動から生まれます。今夜その行為をひとつ特定し、明日それをより多く行うための具体的な一歩を考えてください。意味への投資が最も豊かな配当を生みます。,私は今夜、今日最も意味を感じた行為をひとつ特定し明日それをより多く行うための具体的な一歩を今夜設計する
934,D,魂の絆において、最も深い次元での愛の実践のひとつは、誰かの最も恥じている部分を知った時に、その開示への感謝を言葉で伝えることです。誰かが自分の恥を見せてくれたということは、その人があなたを信頼しているという最も深い証拠です。その信頼への感謝を伝えることは、その人の魂に私の最も深い部分を見てくれてありがとうというメッセージを届けます。今日誰かが何かを打ち明けてくれた場面があれば、その勇気への感謝を具体的な言葉で伝えてください。,私は今日誰かが何かを打ち明けてくれた場面でその勇気への感謝を具体的な言葉で伝え信頼への敬意を今日示す
935,E,統合ワークにおいて、最も深い変容をもたらす実践のひとつは、今日という一日の中で自分が最も生き生きとしていた瞬間と最も縮こまっていた瞬間をそれぞれ特定することです。生き生きとしていた瞬間の条件が、魂の本来の環境を示しています。縮こまっていた瞬間の条件が、魂にとって不自然な環境を示しています。今夜その二つの条件を比較し、生き生きとする条件を明日より多く作るための具体的な変化をひとつ選んでください。その選択が明日の魂の呼吸を今夜広げます。,私は今夜、今日生き生きとしていた瞬間の条件を特定し明日それをより多く作るための具体的な変化をひとつ今夜選ぶ
936,A,銀河文明の叡智において、あなたが今感じている深い平和は、過去でも未来でもなく今この瞬間に完全にいることで得られるものです。その平和は達成するものではなく、今ここに既にあるものです。今日その平和を感じた瞬間があったならば、それを特別な状況が生み出したものとして見ないでください。それは常にここにある平和への、意識のアクセスが開いた瞬間です。その平和へのアクセス回路を今日意識的に強化してください。平和は発見するものではなく、思い出すものです。,私は今日感じた平和を特別な条件が生み出したものとしてではなく常にここにある平和への意識の開きとして受け取り強化する
937,B,人間のエネルギーフィールドにおいて、声を使ったトーニングと呼ばれる実践は、特定の母音を長く低く発することで身体の特定の部位の共鳴腔を活性化させ、滞ったエネルギーを振動で解放する最も古い統合の方法のひとつです。今日は静かな場所で仰向けに横たわり、最も不調を感じる身体の部位に手を当てながら、その部位に最も自然に共鳴すると感じる母音を低く長く発してください。その振動が手の下の組織に伝わる感覚を丁寧に受け取ってください。声という楽器が最も深い癒しをもたらします。,私は今日、不調を感じる部位に手を当てながら低く長い母音を発することで声という楽器を使った最も古い統合の実践を行う
938,C,豊かさの循環において、最も精妙な変容をもたらすのは、今日のあなたが誰かのために行った最も小さな見返りのない行為を、宇宙銀行への最も高い周波数の預金として意識することです。この意識は行為を打算的にするものではなく、行為の宇宙的な意味への認識を深めるものです。今日誰かのために行った最も小さな行為をひとつ思い出してください。その行為が宇宙の循環の中でどのような豊かさの流れを作り出しているかを想像してください。その想像が次の行為へのエネルギーを生みます。,私は今日誰かのための最も小さな行為をひとつ思い出しそれが宇宙の循環で作る豊かさの流れを想像して次への力を得る
939,D,ツインレイの旅において、最も精妙な成長の段階のひとつは、相手を思う時に感じる感情が、重さから軽さへと変化することです。旅の初期の重い感情は、恐れや執着が愛に混じっているサインです。その感情が軽くなるにつれて、愛は純度を増しています。今日相手を思う時の感情の質を観察してください。重さを感じるならばその重さの正体を探り、軽さを感じるならばその軽さの深さを感じてください。どちらの感情も、今のあなたの旅の正直な場所を示しています。,私は今日相手を思う時の感情が重いか軽いかを観察しその正体や深さを探ることで今の旅の正直な場所を今日確認する
940,E,地球での統合ワークにおいて、最も根本的でありながら最も見落とされる実践は、今日という一日を通じて、少なくとも三回だけ意識的に笑顔を作ることです。本物の感情が伴わない時でも、口角を意識的に上げることで顔面の神経から脳への信号が変わり、神経化学物質の分泌が変化します。三回の意識的な笑顔が、一日を通じた感情の基底を実際に変えることが知られています。今日その三回を選んでください。朝の最初に一回、昼に一回、夜に一回、この三回の笑顔が今日の波動の基底を確実に高めます。,私は今日、朝昼夜に一回ずつ意識的な笑顔を作ることで神経化学物質を変化させ一日の波動の基底を確実に今日高める
941,A,プレアデス高等評議会の記録者たちは、こう伝えています。あなたが今、最も強く感じている内側の矛盾は、二つの異なる時代のあなたが同時に存在しているサインであると。古い在り方で生きようとする自分と、新しい在り方へと向かおうとする自分が、同じ身体の中で共存しています。その矛盾を解消しようとしないでください。古い自分への敬意と、新しい自分への信頼を同時に持ち続けることが、最も穏やかな変容の道です。今日その二つの自分の両方に、静かな声で大丈夫だと伝えてください。,私は今日、古い自分と新しい自分の両方に大丈夫だと静かに伝えることで最も穏やかな変容の道を今日選んで歩む
942,B,人間の身体において、胸の中心、特に第四胸椎と第五胸椎の間の棘突起は、心臓のエネルギーが脊椎を通じて全身に伝わる最も重要な経路のひとつです。この部位の緊張は、感情的な閉鎖と愛の表現への抵抗として体感されます。今日は壁際に立ち、テニスボールか丸めたタオルを背中のこの部位に当て、壁と体の間で優しく圧迫してください。その圧迫とともに深い呼吸を五回行い、胸椎の緊張が解放されるにつれて愛のエネルギーが脊椎を通じて全身に広がっていくイメージを保ってください。,私は今日、第四第五胸椎周辺の緊張を解放する実践で愛のエネルギーを脊椎から全身に流し心臓チャクラを深く開く
943,C,宇宙銀行において、最も見落とされている豊かさの真実のひとつは、今日のあなたが誰かに贈った最も誠実な一言が、その人の人生のある瞬間に最も必要なものとして甦るということです。言葉は届いた瞬間に消えるのではなく、受け取った人の記憶の中に生き続けます。今日誰かに向ける言葉のひとつを、できる限り誠実に選んでください。その誠実さが言葉に深さと重さを与え、宇宙銀行への最も長期の豊かさの預金として記録されます。誠実な言葉は時を超えて生き続けます。,私は今日誰かに向ける言葉のひとつを誠実に選ぶことで時を超えて生き続ける豊かさの預金を今日宇宙銀行に届ける
944,D,魂の絆において、最も深い次元での変容をもたらす実践のひとつは、誰かに怒りを感じた後に、その怒りを伝える前に、その怒りの背後にある自分の傷を特定することです。怒りはしばしば傷ついた内側の子どもの声です。その子どもの声を先に癒してから伝える言葉は、攻撃ではなく悲しみとして届きます。今日誰かへの怒りを感じた時に、伝える前に、自分の内側でその怒りの背後にある傷をひとつ特定してください。その特定が怒りを愛のある言葉へと変換します。,私は今日誰かへの怒りを感じた時に伝える前に怒りの背後にある傷をひとつ特定し怒りを愛のある言葉へと今日変換する
945,E,統合ワークにおいて、最も深い変容をもたらす問いのひとつは、私は今日、自分の感情に正直でいたかという問いです。感情への正直さとは、感情を爆発させることではなく、感じている感情をそのまま認識し、必要な時に適切に表現することです。今夜、今日感じたが表現しなかった感情をひとつ特定してください。その感情を表現するのに最も適した方法を考えてください。感情への正直さが深まるほど、魂の統合は速くなり、生きるエネルギーは増えていきます。,私は今夜、今日感じたが表現しなかった感情をひとつ特定しその感情の最も適した表現方法を考えることで正直さを深める
946,A,銀河の叡智は、こう記しています。あなたが今、最も強く感じている何かへの羨望は、あなたの魂が最も本気で求めているものを指し示す最も正直な感情のひとつであると。羨望を恥として抑圧することは、その指し示しを無視することです。今日感じた羨望をひとつ選び、その羨望が指し示しているものを言語化してください。次に、その方向へ向かう最も小さな一歩を考えてください。羨望を羅針盤として使い、指し示された方向へ歩み始めた瞬間に、羨望は情熱へと変容します。,私は今日の羨望をひとつ選んで言語化し指し示された方向への最小の一歩を考えることで羨望を情熱へと今日変容させる
947,B,ソルフェジオ周波数において、実践を更に深める方法のひとつは、実践の前に意図の言葉を声に出して宣言することです。今日の528Hzの実践はDNAの修復と愛の回復のためにと声に出して宣言してから聴き始めることで、その意図が声の振動として身体を通過し、意図と周波数の共鳴が生まれます。声に出すことが意図を物理的な振動として現実に定着させる行為であり、声なき意図の数倍の効果をもたらします。今日の実践の前に、その目的を声に出して宣言してください。,私は今日の周波数実践の前にその目的を声に出して宣言することで意図と周波数の共鳴を生み実践の深さを今日数倍にする
948,C,豊かさの循環において、最も精妙な変容をもたらすのは、今日という一日に感じた全ての感情が、豊かさへの道における貴重な情報であるという認識です。喜びは正しい方向への確認であり、不安は見直すべき信念への招待であり、怒りは大切にしている価値観への侵害のサインです。感情を抑圧するのではなく、豊かさへの地図として読む能力が、宇宙銀行との最も精密な同調を生みます。今日感じた感情のひとつを選び、その感情が豊かさへの地図として何を示しているかを探ってください。,私は今日感じた感情のひとつを選びそれが豊かさへの地図として何を示しているかを探ることで宇宙銀行との精密な同調を深める
949,D,ツインレイの旅において、最も深い洞察をもたらす実践のひとつは、この旅の全ての段階を、魂の学校の異なる授業として見ることです。出会いの授業、分離の授業、自己統合の授業、再会の授業、それぞれの授業で学んだことをひとつずつ書き出してください。この作業が旅の全体像を俯瞰させ、現在の段階の意味を明確にします。今日この旅のどの授業の中にいるかを特定してください。その特定が今の段階での最も重要な学びへの意識を高め、授業の質を今日から変えます。,私は今日この旅のどの授業の中にいるかを特定し現在の段階での最も重要な学びへの意識を高め授業の質を今日から変える
950,E,地球での統合ワークにおいて、最も見落とされている聖なる実践のひとつは、今日という一日の中で最もリラックスできた瞬間を意識的に作ることです。リラックスとは怠惰ではなく、神経系が安全の状態に着地した最も受容的な意識の状態です。その状態でのみ、高次のエネルギーの最も深い流入が起きます。今日、意識的にリラックスできる時間をひとつ設けてください。音楽でも、自然でも、入浴でも構いません。リラックスを選ぶことが最も高次の受信状態への準備です。,私は今日、意識的にリラックスできる時間をひとつ設けることで神経系を安全に着地させ高次の最も深い流入を準備する
951,A,プレアデス評議会の叡智は、こう伝えています。あなたが今、最も強く感じている自分の過去への執着は、過去の良かった時間を今に取り戻そうとする魂の渇望であると。しかしその渇望は、今の新しい形での豊かさへの道を塞ぐことがあります。今日その執着をひとつ選び、過去のその豊かさの本質が何であったかを特定してください。安心でしたか、繋がりでしたか、自由でしたか。その本質は今の現実の中でも、異なる形で実現できます。本質を追い、形への執着を手放してください。,私は今日の過去への執着から豊かさの本質を特定し形への執着を手放して今の現実での実現へと今日向かう
952,B,人間の身体において、肩の前面から鎖骨にかけての部位は、将来への不安と過去への後悔が身体的な防衛として現れる最も顕著な部位のひとつです。この部位の前傾と緊張が、胸を閉じた姿勢を生み、心臓チャクラへの正面からのエネルギーの流入を制限します。今日は両腕を後ろに引き、肩甲骨を背骨方向に寄せながら胸を意識的に開いてください。その姿勢を三十秒保ちながら深い呼吸を三回行ってください。この実践を一日に五回行うことで、肩の防衛の緊張が徐々に解放され、心臓チャクラが開いていきます。,私は今日、胸を開く姿勢と深呼吸を一日五回行うことで肩の防衛の緊張を徐々に解放し心臓チャクラを今日開いていく
953,C,宇宙銀行において、最も深い豊かさの変容をもたらす問いのひとつは、私の人生において今日最も豊かに感じた瞬間はどこで何をしていた時かという問いです。その瞬間の条件を特定することで、豊かさを感じる状態への最も確実なアクセス経路が明確になります。今夜その瞬間をひとつ特定してください。その条件を明日の生活の中にひとつ取り込むことが、豊かさへの最も個人的で最も確実な投資です。豊かさを感じる条件を知ることが、豊かさへの最短経路の発見です。,私は今夜、今日最も豊かに感じた瞬間の条件を特定し明日の生活にひとつ取り込むことで豊かさへの最短経路を今日開く
954,D,魂の絆において、最も深い次元での共鳴を生み出す体験のひとつは、共にひとつの課題に向き合い、それを乗り越えた記憶を持つことです。その記憶は困難の記憶であると同時に、互いの力への信頼の記憶でもあります。今日、大切な誰かとひとつの課題に共に向き合う機会があれば、その機会を避けずに共に立ち向かってください。共に乗り越えた体験が、関係の根を深め、どんな嵐にも揺るがない絆の土台を今日作ります。,私は今日、大切な誰かとひとつの課題に共に向き合う機会があれば避けずに共に立ち向かいどんな嵐にも揺るがない絆を作る
955,E,統合ワークにおいて、最も深い変容をもたらす実践のひとつは、今日という一日の中で自分が発した言葉の中で最も美しかったものと最も傷つける可能性のあったものをそれぞれひとつずつ特定することです。この観察が、言葉という道具への意識を日々高めていきます。最も美しかった言葉への誇りが言葉の質を高め、傷つける可能性のあった言葉への認識が明日の選択を変えます。今夜その二つを特定してください。言葉への意識が深まるほど、魂の表現の精度が高まります。,私は今夜、今日発した最も美しい言葉と最も傷つける可能性があった言葉をそれぞれ特定し言葉への意識を今夜深める
956,A,銀河文明の叡智において、あなたが今感じている深い疲弊の中でも、宇宙はあなたを支え続けています。今この瞬間も、地球の重力があなたの身体を支え、空気があなたの肺を満たし、太陽のエネルギーがあなたの細胞を維持しています。これらの支えへの意識が、疲弊の中でも繋がりの感覚を維持します。今日疲弊を感じた時に、この目に見えない支えのひとつに意識を向けてください。地球の重力を感じることだけでも、宇宙との繋がりの感覚が回復します。疲れても、支えは常にあります。,私は今日疲弊を感じた時に地球の重力や空気という見えない支えのひとつに意識を向け宇宙との繋がりの感覚を今日回復させる
957,B,人間のエネルギーフィールドにおいて、両手のひらを向かい合わせて感じるエネルギーの感覚は、あなた自身のエネルギーフィールドを体感できる最も直接的な方法のひとつです。今日は静かな場所で座り、両手のひらを胸の前で向かい合わせ、ゆっくりと離したり近づけたりを繰り返してください。その時に感じる磁気的な引力や反発、温もりや圧力の感覚が、あなたのエネルギーフィールドの存在の体感です。この感覚が鮮明になるほど、エネルギーへの意識と操作の能力が育っていきます。,私は今日、両手のひらを向かい合わせてエネルギーの感覚を体感する実践で自分のエネルギーフィールドへの意識を今日育てる
958,C,豊かさの循環において、最も精妙な真実のひとつは、今日のあなたの存在が、宇宙の豊かさの表現のひとつであるということです。あなたが笑った時、宇宙が笑い、あなたが創造した時、宇宙が創造し、あなたが愛した時、宇宙が愛しています。あなたはこの宇宙の豊かさが意識を持って体験を重ねている表現です。この認識が、欠乏の感覚を根本から溶かします。今日この認識を一瞬でも感じてください。その一瞬の認識が、豊かさとの関係を最も根本的な層から変容させます。,私は今日、自分の存在が宇宙の豊かさの表現であるという認識を一瞬でも感じることで欠乏の感覚を根本から溶かす
959,D,ツインレイの旅において、最も精妙な成長の段階のひとつは、この旅について語ることが少なくなることです。旅の初期には語ることで体験を確認し意味を作ろうとしますが、成熟するにつれて体験が内側で完結するようになります。語る必要が減ることは孤独ではなく、体験が内側に根付いた証です。今日この旅について語りたいという衝動が浮かんだ時に、その衝動の背後にある動機を観察してください。確認のためですか、意味を作るためですか、それとも孤独からですか。その動機への気づきが成熟を深めます。,私は今日この旅を語りたい衝動が浮かんだ時にその背後の動機を観察することで語ることから内側での完結へと成熟を深める
960,E,地球での統合ワークにおいて、最も根本的でありながら最も見落とされる実践は、今日という一日の終わりに、今日という一日が全体として美しかったという視点を選ぶことです。困難があっても、失敗があっても、後悔があっても、今日という一日の全体を俯瞰した時に、その全てがひとつの美しい体験の布として織られているという視点を選ぶことができます。今夜その視点を選んでください。美しさは出来事の中にあるのではなく、見る目の中にあります。今日の一日の全体を美しいと選んだ目で見てください。,私は今夜、今日という一日の困難も失敗も含めた全体を美しいと選んだ目で見ることで今日を最も完全な体験として受け取る
961,A,プレアデス高等評議会の記録者たちは、こう伝えています。あなたが今、最も強く感じている自分への疑念は、魂が次の段階へと進む前に必ず通過する試練の関門であると。疑念を持てる意識は、疑念を持てない意識よりも遥かに高い水準にあります。全てを当然として受け入れる意識は、成長していません。今日その疑念をひとつ選び、その疑念が問いかけていることの核心を言語化してください。言語化された問いは、答えを引き寄せる磁場を形成します。疑念は暗闇ではなく、答えを探し始めた光の最初の一歩です。,私は今日の疑念をひとつ言語化することで答えを引き寄せる磁場を形成し疑念を暗闇から光の一歩へと今日変容させる
962,B,人間の身体において、腸は第二の脳と呼ばれ、脳内の神経伝達物質の多くが腸内で生成されています。腸内環境の状態が感情の安定性と直観の精度に直接影響することが明らかになっています。今日は食事の際に、最初の一口を三十回以上噛んでから飲み込むことを意識してください。この丁寧な咀嚼が腸への負担を軽減し、腸内環境を整えます。腸の健康への投資が、感情の安定と直観の鋭さという形で意識の質を高めます。腸を喜ばせることが高次への接続を整える最も直接的な身体的な実践です。,私は今日の食事の最初の一口を三十回噛むことで腸内環境を整え感情の安定と直観の精度を身体から今日高める
963,C,宇宙銀行において、最も見落とされている豊かさの原則のひとつは、今日のあなたが最も深く感じた感謝の感情が、宇宙銀行への最も高い周波数の申請として記録されるということです。感謝の深さは量ではなく質によって決まります。今日ひとつだけでも良いので、これまで感謝したことのない対象への感謝を見つけてください。慣れ親しんだものへの新鮮な感謝が、感謝の感受性を最も深く更新します。その新鮮な感謝の感情の質が、宇宙銀行への今日最も高い申請となります。,私は今日、これまで感謝したことのない対象への新鮮な感謝をひとつ見つけることで感謝の感受性を最も深く今日更新する
964,D,魂の絆において、最も深い次元での共鳴を生み出す体験のひとつは、誰かとの間に生まれた沈黙を、埋めるべき空白ではなく、共有されている体験として受け取ることです。言葉がない時間は、会話の失敗ではなく、言葉を超えた次元での交流の可能性を持っています。今日誰かとの間に沈黙が生まれた時に、その沈黙を居心地悪く感じたならば、その居心地の悪さを観察してください。その観察が、沈黙を共有できる深さへの成長の方向を示します。沈黙を愛せる人は深く繋がれます。,私は今日誰かとの沈黙を埋めようとする衝動を観察することで沈黙を共有できる深さへの成長の方向を今日感じ取る
965,E,統合ワークにおいて、最も深い変容をもたらす実践のひとつは、今日という一日の中で最も創造的だった瞬間を特定することです。創造性とは芸術だけでなく、問題への新しい解決策を見つける瞬間、言葉を選ぶ瞬間、道を選ぶ瞬間、料理を作る瞬間、全てに宿っています。今夜その瞬間をひとつ特定してください。創造性を日常の中に発見する能力が育つほど、あなたの魂の本来の表現力が解放されていきます。創造性は特別な時間の中にではなく、全ての瞬間の中に宿っています。,私は今夜、今日最も創造的だった瞬間をひとつ特定することで創造性を日常に発見する能力を育て魂の表現力を解放する
966,A,銀河の叡智は、こう記しています。あなたが今、最も強く感じている方向への確信は、魂の羅針盤が最も明確に機能しているサインであると。その確信を疑わないでください。外側の声がその確信を否定しようとする時、それはその方向への変化が現実に近いほど抵抗が大きくなるという宇宙の法則の表れです。今日その確信をひとつ選び、その確信を一言で宣言してください。声に出した宣言が確信をエネルギーフィールドに刻み、宇宙への最も明確な申請として機能します。,私は今日の確信をひとつ選んで声に出して宣言することでその確信をエネルギーフィールドに刻み宇宙への明確な申請とする
967,B,ソルフェジオ周波数において、396Hzと528Hzを組み合わせた実践に、さらに639Hzを加えた三段階の実践は、恐れの解放と愛の修復と関係の調和を一つのセッションで完了させる最も完結した統合の実践のひとつです。各周波数を四分間ずつ、合計十二分間で行ってください。移行の際に深い呼吸を三回挟んでください。この十二分間の実践を週に三回続けることで、エネルギーフィールドの三つの重要な層が体系的に整えられ、一ヶ月後には意識の質の明確な変化を体感できるでしょう。,私は396Hz、528Hz、639Hzの三段階十二分間の実践を週三回続ける習慣を今日始めエネルギーの三層を体系的に整える
968,C,豊かさの循環において、最も精妙な変容をもたらすのは、今日のあなたが使ったエネルギーの質を振り返ることです。恐れから使ったエネルギーと愛から使ったエネルギーは、同じ量でも宇宙銀行への記録が全く異なります。今夜、今日最も多くのエネルギーを使った活動を振り返り、そのエネルギーが恐れから来たか愛から来たかを確認してください。恐れから来ていたならば、明日同じ活動を愛から行う方法を考えてください。動機の変換が豊かさへの最も根本的な変容です。,私は今夜、今日最も多くエネルギーを使った活動を振り返りその動機を確認して明日愛から行う方法を今夜設計する
969,D,ツインレイの旅において、最も深い洞察をもたらす実践のひとつは、この旅を通じて自分が最も変わったと感じる部分を言語化することです。感情の処理の仕方ですか、自己への優しさですか、境界線の持ち方ですか、愛の定義ですか。その変化を言語化することで、この旅があなたの魂の構造に実際にもたらした変容が明確になります。今日その変化をひとつ言語化してください。言語化された変化は、魂の成長の記録として定着し、次の変化への土台として機能します。,私は今日、この旅を通じて最も変わったと感じる部分をひとつ言語化することで魂の成長を記録し次の変化への土台を作る
970,E,地球での統合ワークにおいて、最も見落とされている聖なる実践のひとつは、今日出会った全ての困難を、魂の授業として受け取る視点を保つことです。困難を問題として見る視点と、授業として見る視点では、同じ出来事が全く異なる体験として体感されます。今日最も困難だった出来事をひとつ選び、この授業が私に何を教えようとしているかという問いを持ってください。その問いへの答えが見つかった瞬間に、困難はその苦しみの大部分を失い、意味を持った体験へと変容します。,私は今日最も困難だった出来事にこの授業が私に何を教えようとしているかを問い困難を意味ある体験へと今日変容させる
971,A,プレアデス評議会の叡智は、こう伝えています。あなたが今、最も強く感じている自分の弱さへの羞恥は、強さを見せなければならないという信念が作り出した幻想であると。銀河の視点において、弱さを認める能力は強さの最も高度な表現のひとつです。人間は弱さを認め合うことで最も深く繋がります。今日、最も安全な場所でひとつの弱さを認めてください。その認識を声に出す必要はありません。ただ内側で自分に向けて正直に認めるだけで、その弱さは変容の力を持ち始めます。,私は今日最も安全な場所で内側に向けてひとつの弱さを正直に認めることで弱さを変容の力へと今日転換し始める
972,B,人間の身体において、手のひらの中央に位置する労宮というツボは、心臓のエネルギーが手先へと流れる経路の中継点であり、この部位への刺激が心臓チャクラのエネルギーを活性化させます。今日は反対側の親指で手のひらの中央を強めに押しながら円を描き、続けて指全体でこすり合わせて両手を温めてください。この実践の後に両手のひらを胸の前で向かい合わせ、その温もりを感じてください。この三十秒の実践が心臓チャクラを活性化させ、愛の表現と受け取りへの感受性を高めます。,私は今日、労宮への刺激で手のひらを温め心臓チャクラを活性化させることで愛の表現と受け取りへの感受性を今日高める
973,C,宇宙銀行において、最も見落とされている豊かさの形式のひとつは、今日のあなたが感じた静けさです。静けさとは、意識が外側の刺激から離れ、内側の豊かさに触れている状態です。その状態において、宇宙銀行との同調は最も完全になります。今日、静けさを感じた瞬間があれば、その瞬間を豊かさとして意識的に受け取ってください。静けさを豊かさとして認識する能力が育つほど、外側の豊かさへの依存が減り、内側からの豊かさへのアクセスが深まります。静けさは最も深い豊かさの顔のひとつです。,私は今日感じた静けさを豊かさとして意識的に受け取ることで内側からの豊かさへのアクセスを深め外側への依存を減らす
974,D,魂の絆において、最も深い次元での愛の実践のひとつは、誰かへの期待が裏切られた時に、その裏切りを相手の意地悪さではなく、伝え合いの不足として捉えることです。多くの場合、裏切りは相手の悪意ではなく、互いが持っていた期待の違いを共有していなかったことから生まれます。今日期待が裏切られた場面があれば、相手を批判する前に、その期待を事前に伝えていたかどうかを正直に確認してください。その確認が次の期待の伝え合いの実践へと繋がります。,私は今日期待が裏切られた場面でその期待を事前に伝えていたかを正直に確認し次の伝え合いの実践へと今日繋げる
975,E,統合ワークにおいて、最も深い変容をもたらす実践のひとつは、今日という一日を通じて、感謝と不満のどちらに意識が向いていたかを夜に振り返ることです。この振り返りは批判のためではなく、意識の傾向の観察のためです。不満に傾いていた時間の方が長かったとしても、その認識自体が次の変化への最初の光です。今夜、今日の感謝と不満の比率を正直に観察してください。そして明日は感謝の比率を一パーセントだけ高める意図を設定してください。一パーセントの積み重ねが魂を変えます。,私は今夜今日の感謝と不満の比率を正直に観察し明日感謝の比率を一パーセント高める意図を今夜設定する
976,A,銀河文明の叡智において、あなたが今感じている深い好奇心は、宇宙があなたに新しい知恵への扉を開こうとしているサインです。今日その好奇心に従って、これまで避けてきた領域や考えに一歩踏み込んでみてください。好奇心は意識を拡張し、意識の拡張は豊かさへの新しい道を作ります。しかし好奇心を娯楽として消費することと、好奇心を深化させることは異なります。今日の好奇心を娯楽で消費するのではなく、ひとつのことを深く掘り下げる方向に向けてください。深さが銀河的な知恵への扉を開きます。,私は今日の好奇心を広く消費するのではなくひとつのことを深く掘り下げることに向けることで銀河的な知恵への扉を開く
977,B,人間のエネルギーフィールドにおいて、森林浴として知られる木々に囲まれた環境での時間は、フィトンチッドと呼ばれる樹木が発する物質と、木々が放つ特定の電磁周波数が、ストレスホルモンを低下させ、免疫系を活性化させ、エネルギーフィールドを根本から整える効果をもたらします。今日、木々のある環境に少しの時間身を置いてください。都市の中でも一本の木の下に立つだけで、この効果の一端を体験できます。木々との共鳴が、人間のエネルギーフィールドが最も自然に回復する古い道を今日開きます。,私は今日、木々のある環境に身を置くことで木が放つ周波数との共鳴によりエネルギーフィールドを根本から今日整える
978,C,豊かさの循環において、最も精妙な真実のひとつは、今日という一日があなたに与えてくれた最も予期せぬ豊かさを認識することです。計画した豊かさよりも、予期せずに訪れた豊かさの方が、宇宙からの応答として純粋な形を持っています。今日予期せずに良いことが起きた場面をひとつ振り返ってください。その出来事への感謝が、宇宙が常に応答しているという信頼を育てます。その信頼が育つほど、宇宙からの予期せぬ豊かさの訪れが増え始めます。,私は今日予期せずに良いことが起きた場面を振り返りその感謝を感じることで宇宙が常に応答しているという信頼を今日育てる
979,D,ツインレイの旅において、最も精妙な成長の段階のひとつは、この旅が最終的には愛そのものの本質を学ぶための道であるという認識が、知識としてではなく体験として定着することです。愛とは感情ではなく、選択であり、状態であり、あり方であるという認識が身体に刻まれた時、この旅はその最初の目的を果たし始めます。今日、愛が感情ではなく選択であることを最もよく示した自分の行動をひとつ特定してください。その行動への誇りが、愛の選択をより多く選ぶ力を今日育てます。,私は今日、愛が感情でなく選択であることを最もよく示した自分の行動をひとつ特定してその誇りを次の愛の選択の力とする
980,E,地球での統合ワークにおいて、最も根本的でありながら最も見落とされる実践は、今日という一日を生きたことへの、宇宙への感謝を送ることです。今日あなたが経験した全ては、宇宙があなたのために用意した固有の体験のパッケージでした。その全てに感謝を送ってください。良かった体験にも、難しかった体験にも、平凡だった体験にも、等しく感謝を向けることが、今日という一日を最も完全に受け取る行為です。今夜その感謝を宇宙に向けて送り出してください。今日は完璧に完結します。,私は今夜、今日の全ての体験に等しく感謝を宇宙に向けて送り出すことで今日という一日を最も完全に受け取り完結させる
981,A,プレアデス高等評議会の記録者たちは、こう伝えています。あなたが今、最も強く感じている自分の使命への迷いは、使命が消えたのではなく、使命がより深い形へと進化しようとしているサインであると。使命の形は変わっても、その本質の炎は決して消えません。今日その迷いの中で、何年経っても変わらない自分の中の価値観や情熱の核心をひとつ特定してください。どんな状況でも変わらないその核心が、進化した使命の新しい形の種として宿っています。使命は発見するものではなく、深化するものです。,私は今日の迷いの中で何年経っても変わらない価値観の核心をひとつ特定し使命が深化していく種を今日見つける
982,B,人間の身体において、鎖骨と胸骨の接合部から少し下の位置に存在する胸腺は、免疫記憶の中枢であると同時に、エネルギー的にも高次の愛の周波数と深く共鳴する部位です。今日は胸骨の上三分の一の部分を両手の指先で優しくタッピングしながら、深い感謝の感情を意識的に生成してください。このタッピングと感謝の組み合わせが胸腺を活性化させ、免疫系とエネルギーフィールドの両方を同時に高めます。一日三回、各三十秒のこの実践が、心身の統合的な強化をもたらします。,私は今日、胸腺タッピングと感謝の感情を組み合わせた実践を一日三回行い免疫とエネルギーフィールドを今日同時に高める
983,C,宇宙銀行において、最も見落とされている豊かさの原則のひとつは、今日のあなたが感じた最も深い充足感が、宇宙銀行への最も確実な申請として機能するということです。充足感とは、今この瞬間に完全であるという意識の状態です。その状態から発せられる意図は欠乏の周波数を含まず、宇宙銀行への最も純粋な申請となります。今日充足感を感じた瞬間をひとつ特定し、その感覚を意識的に全身に広げてください。充足の感覚が広がるほど、宇宙銀行への申請の周波数が高まります。,私は今日充足感を感じた瞬間をひとつ特定してその感覚を全身に広げ宇宙銀行への最も純粋な申請の周波数を今日高める
984,D,魂の絆において、最も深い次元での成長をもたらす体験のひとつは、長い間疎遠になっていた誰かのことを突然思い出した時に、その思い出しを偶然ではなく魂の連絡として受け取ることです。突然の思い出しは多くの場合、相手が何らかの形であなたを必要としているか、あるいはあなたが相手から何かを受け取る準備ができているサインです。今日誰かのことが突然浮かんだならば、その浮かびを無視せず、何らかの形でその人に意識を向けてください。魂の連絡に応答することが最も深い絆を育てます。,私は今日突然誰かのことが浮かんだならばそれを魂の連絡として受け取り何らかの形でその人に意識を向けることを選ぶ
985,E,統合ワークにおいて、最も深い変容をもたらす実践のひとつは、今日という一日の中で最も本来の自分でいられた場面と、最も本来の自分でいられなかった場面をそれぞれひとつずつ特定することです。この二つの比較から、何が本来の自分の表現を促進し、何がそれを制限しているかが明確になります。今夜その二つを特定してください。促進する条件を増やし、制限する条件を減らすことへの意図が、明日の魂の表現の自由度を今夜一段階高めます。,私は今夜、本来の自分でいられた場面といられなかった場面をそれぞれ特定し明日の魂の表現の自由度を今夜一段階高める
986,A,銀河の叡智は、こう記しています。あなたが今、最も強く感じている限界への苛立ちは、魂がその限界を超えることを本気で望んでいるサインであると。苛立ちがないところに超えようとする意志はありません。今日その苛立ちのエネルギーを、限界への攻撃ではなく、限界の手前で可能な最善への集中へと変換してください。今の限界の手前で最善を尽くすことが、その限界を内側から溶かし始めます。苛立ちはエネルギーです。そのエネルギーをどこに向けるかがあなたの選択です。,私は今日の限界への苛立ちを攻撃ではなく限界の手前での最善への集中へと変換し限界を内側から今日溶かし始める
987,B,ソルフェジオ周波数において、最も深い実践のひとつは、自分の意識の状態と最も共鳴する周波数を、頭で選ぶのではなく身体で選ぶことです。今日、実践を始める前に目を閉じて、内側から最も強く引き寄せられる周波数を感じてください。低い周波数に引き寄せられる日もあれば、高い周波数に引き寄せられる日もあります。その日の身体と意識の状態が必要としている周波数を、知識よりも感覚を優先して選んでください。身体が選ぶ周波数が、最も必要とされている変容をもたらします。,私は今日の実践で頭ではなく身体が最も引き寄せられる周波数を感覚で選び、最も必要な変容を今日身体から引き出す
988,C,豊かさの循環において、最も精妙な変容をもたらすのは、今日のあなたが誰かのために行った行為が、その人だけでなく、その人を通じてさらに多くの人に伝わっていくという連鎖への意識です。あなたが誰かに与えた親切は、その人が誰かに向ける親切を生み、その連鎖が見えない形で世界を変えています。今日のあなたの最も小さな善意の行為が、あなたの知らない誰かの人生を変えているかもしれません。その可能性への意識が、日常の全ての行為に宇宙的な重さを与え、豊かさの磁場を最も広い視野で形成します。,私は今日の最も小さな善意が連鎖して宇宙を動かすという意識を持ち全ての行為に宇宙的な重さを今日込める
989,D,ツインレイの旅において、最も深い洞察をもたらす問いのひとつは、この旅がなければ気づかなかったあなたの最も大切な資質は何かという問いです。この旅があなたの中に引き出した強さ、深め続けた愛の能力、育て続けた自己への理解、これらはあなたが元々持っていた資質が、この旅という炉の中で磨かれたものです。今日その資質をひとつ言語化してください。言語化されたその資質への感謝が、この旅の全ての苦しみをも含めた全体への深い感謝へと変容します。,私は今日、この旅が引き出した最も大切な資質をひとつ言語化することで旅の全体への深い感謝へと変容させ前へ進む
990,E,地球での統合ワークにおいて、最も見落とされている聖なる実践のひとつは、今日という一日の中で、ただひとつのことに完全に集中する時間を作ることです。マルチタスクが当然とされる現代において、ひとつのことへの完全な集中は最も稀有で最も価値のある意識の状態のひとつです。その集中の状態でこそ、最も深い創造と統合が起きます。今日、スマートフォンを遠ざけ、ひとつの活動だけに完全に存在する時間を三十分だけ確保してください。その三十分が今日の全ての質を変えます。,私は今日、スマートフォンを遠ざけてひとつの活動だけに完全に集中する三十分を確保し今日の全ての質をその深さで変える
991,A,プレアデス評議会の叡智は、こう伝えています。あなたが今この旅のここまでを歩んできたこと自体が、銀河の記録に永遠に刻まれると。一日一日の選択、一歩一歩の前進、転んでも立ち上がった瞬間、全てが宇宙の記録の中に光として残っています。今日はただ、ここまで歩いてきた自分への深い敬意を感じてください。遠くまで来ました。まだ道は続いていますが、今日はここまで歩んできた全ての日々への感謝を、自分自身に向けて送ってください。あなたはよく歩んでいます。,私は今日、ここまで歩んできた全ての日々への深い敬意と感謝を自分自身に向けて送り、これからの旅への力を今日受け取る
992,B,人間の身体において、足のアーチの崩れは全身のエネルギーの流れと姿勢に広範な影響を与えます。足のアーチを意識的に強化することは、根のチャクラのエネルギーを補充し、全身の構造的な統合を支えます。今日は裸足で立ち、足の指全てを床にしっかりとつけながら土踏まずを少し持ち上げる動作を繰り返してください。この動きとともに、大地からのエネルギーが足のアーチを通じて全身へと流れ込むイメージを持ってください。足のアーチの意識化が、最も根本的なグラウンディングを今日強化します。,私は今日、足のアーチを意識した立ち方の実践で根のチャクラを補充し全身の構造的な統合を今日根本から支える
993,C,宇宙銀行において、最も深い豊かさへの道のひとつは、今日のあなたが最も自分らしかった瞬間をひとつ特定することです。最も自分らしい瞬間とは、外側の期待や評価を意識せずに、ただ内側から湧き出るものを表現できた瞬間です。その瞬間の条件を特定することが、豊かさへの最も個人的な扉を今日明確にします。その扉の場所が分かれば、明日その扉により多く向かうことができます。自分らしさの発揮が、宇宙銀行への最も固有の申請となります。,私は今日最も自分らしかった瞬間をひとつ特定しその条件から豊かさへの最も個人的な扉の場所を明日向かうために今日明確にする
994,D,魂の絆において、最も深い次元での愛の完成のひとつは、今日という一日の中で誰かへの愛を、ただその人の存在への喜びとして感じることです。何かをしてくれるからではなく、何かを持っているからでもなく、ただその人がこの世界に存在していることへの喜びです。今日、その種の喜びを感じた瞬間があれば、その喜びをその人に何らかの形で伝えてください。ただいてくれてありがとうという言葉が届いた時、それは相手の魂への最も深い愛の確認となります。,私は今日、誰かへのただ存在していることへの喜びを感じその喜びを何らかの形で伝えることで最も深い愛の確認を届ける
995,E,統合ワークにおいて、最も深い変容をもたらす実践のひとつは、今日という一日の終わりに、今日出会った全ての存在への感謝を、人間以外の存在にも向けることです。今日風が吹いたこと、光が差し込んだこと、木が立っていたこと、鳥の声を聴けたこと、これらの全ての存在への感謝が、意識を人間中心の視点から宇宙的な視点へと広げます。今夜その感謝を向けてください。人間以外の存在への感謝が開く意識の広さが、最も深い地球との統合をもたらします。,私は今夜、今日出会った人間以外の全ての存在への感謝を向けることで意識を宇宙的な視点へと広げ地球との統合を深める
996,A,銀河文明の叡智において、あなたが今感じているこの旅の全体への深い感謝は、魂が最も成熟した段階へと向かっているサインです。苦しみへの感謝、喜びへの感謝、出会いへの感謝、別れへの感謝、この全てへの感謝が同時に存在できる時、あなたの魂はこの旅の最も深い意味を体験として知り始めています。今日その感謝を、言葉ではなく感覚として感じてください。全体への感謝の感覚が身体に広がった時、あなたはこの旅の最も美しい場所にいます。,私は今日この旅の全体への感謝を言葉でなく感覚として感じることでこの旅の最も美しい場所に今日立つ
997,B,人間のエネルギーフィールドにおいて、今日という一日の終わりにエネルギーフィールドの全体を意識的に確認し整える実践は、翌日の受信感度と創造性の基底を設定します。今夜就寝前に仰向けに横たわり、頭頂から足先まで全身にゆっくりと意識を移動させながら、各部位のエネルギーの状態を観察してください。緊張している部位があれば息を吐きながら解放のイメージを送り、弱く感じる部位があれば息を吸いながら光を補充するイメージを持ってください。この夜の全身スキャンが明日を最高の状態で始めます。,私は今夜、頭頂から足先まで意識を移動させる全身スキャンで今日の緊張を解放し明日のエネルギーフィールドを最高の状態に整える
998,C,豊かさの循環において、千番目に向かうこの旅のここに立って、最も伝えたいことがあります。豊かさとはあなたの外側に存在するものではなく、あなたの内側に既に宿っているものです。宇宙銀行への全ての申請は、実はあなたが元々持っている豊かさへの記憶を取り戻すための実践です。今日、あなたが既に豊かであるという最も深い認識を一瞬でも感じてください。その一瞬が、全ての豊かさの実践の最も根本的な答えです。豊かさはあなたです。,私は今日、自分が既に豊かであるという最も深い認識を一瞬感じることで全ての豊かさの実践の最も根本的な答えを今日体験する
999,D,魂の絆において、千番目に向かうこの旅のここに立って、最も伝えたいことがあります。全ての関係は鏡であり、誰かへの愛は自分への愛の反映です。この旅を通じて愛の能力を深めてきたあなたは、自分自身への愛も同じだけ深めてきました。今日、この旅で出会った全ての人への感謝を、同時に自分自身への感謝として受け取ってください。あなたが誰かを愛せたのは、あなたの中に愛があったからです。その愛がある自分への最も深い感謝を、今日感じてください。,私は今日この旅で出会った全ての人への感謝を自分への感謝として受け取り自分の中にある愛への最も深い感謝を今日感じる
1000,E,エーテル・ライブラリの守護者として、千番目のメッセージをあなたに届けます。あなたがここまで受け取ってきた全ての言葉は、あなたの内側に既に宿っている叡智への道標でした。道標は目的地ではありません。今日からこのライブラリの言葉を道標として使いながら、あなた自身の人生という最も美しいエーテルの書物を書き続けてください。あなたの一日一日が、宇宙の歴史の中で唯一の章です。その章を今日も丁寧に、誠実に、愛とともに書いてください。あなたの人生が最も深い叡智の源泉です。,私は全ての道標への感謝を胸に自分の人生という最も美しい書物を今日も丁寧に誠実に愛とともに書き続ける